{
"type": "FeatureCollection",
"name": "vegetation_loss",
"crs": { "type": "name", "properties": { "name": "urn:ogc:def:crs:OGC:1.3:CRS84" } },
"features": [
{ "type": "Feature", "properties": { "area_m2": 5100.0 }, "geometry": { "type": "Polygon", "coordinates": [ [ [ -63.44432370488699, -9.49255851139575 ], [ -63.44432393792664, -9.492739402777714 ], [ -63.444050625599182, -9.492739749707615 ], [ -63.444050742049072, -9.492830195401263 ], [ -63.444141846183278, -9.492830079780557 ], [ -63.444141962658229, -9.492920525472615 ], [ -63.444050858500134, -9.49292064109444 ], [ -63.444050974952354, -9.493011086787147 ], [ -63.444142079134323, -9.4930109711642 ], [ -63.444142195611597, -9.493101416855321 ], [ -63.444415508222235, -9.493101069840808 ], [ -63.444415857876017, -9.493372406901267 ], [ -63.444324753601961, -9.493372522599854 ], [ -63.444325103194508, -9.493643859659469 ], [ -63.444142894499571, -9.493644090992216 ], [ -63.444142661532261, -9.493463199615121 ], [ -63.444051557230836, -9.493463315243673 ], [ -63.444051790150347, -9.493644206623012 ], [ -63.443960685799972, -9.493644322230088 ], [ -63.443960569363533, -9.493553876539535 ], [ -63.443778360707078, -9.493554107680289 ], [ -63.443778593485561, -9.493734999065413 ], [ -63.443687489107809, -9.493735114602451 ], [ -63.443687372741884, -9.493644668909006 ], [ -63.443596268386862, -9.493644784421203 ], [ -63.443596152045991, -9.493554338726168 ], [ -63.443505047713707, -9.493554454213527 ], [ -63.443504466146152, -9.493102225725725 ], [ -63.443595570358973, -9.493102110243964 ], [ -63.44359568669406, -9.493192555941341 ], [ -63.443686790929618, -9.493192440434742 ], [ -63.443687140013495, -9.493463777520704 ], [ -63.443869348624482, -9.493463546429627 ], [ -63.443869232214247, -9.493373100737017 ], [ -63.444142545050362, -9.493372753925875 ], [ -63.444142312090023, -9.493191862545975 ], [ -63.444051207860262, -9.493191978171163 ], [ -63.444051091405733, -9.49310153247939 ], [ -63.443959987198696, -9.49310164807974 ], [ -63.443960103629337, -9.493192093772635 ], [ -63.44386899939726, -9.493192209350392 ], [ -63.443868650180477, -9.492920872266939 ], [ -63.443959754340888, -9.492920756692548 ], [ -63.443959405062877, -9.492649419608249 ], [ -63.444141613236866, -9.492649188395038 ], [ -63.444141496765411, -9.492558742701581 ], [ -63.44432370488699, -9.49255851139575 ] ] ] } },
{ "type": "Feature", "properties": { "area_m2": 46400.0 }, "geometry": { "type": "Polygon", "coordinates": [ [ [ -63.457715268820436, -9.491998577534352 ], [ -63.4577153888442, -9.492089023060986 ], [ -63.457624285076669, -9.492089142206284 ], [ -63.457625485141129, -9.49299359745844 ], [ -63.457716589147552, -9.492993478301585 ], [ -63.45771670918446, -9.493083923823068 ], [ -63.457807813213577, -9.493083804641341 ], [ -63.457808053338759, -9.493264695680601 ], [ -63.457716949261872, -9.49326481486464 ], [ -63.457717189344073, -9.493445705904332 ], [ -63.457808293468744, -9.493445586717984 ], [ -63.457808413535538, -9.493536032235975 ], [ -63.457717309386972, -9.493536151423481 ], [ -63.45771742943105, -9.493626596942159 ], [ -63.457808533603512, -9.493626477753493 ], [ -63.457808653672693, -9.493716923270551 ], [ -63.457717549476342, -9.493717042460368 ], [ -63.457717909619383, -9.493988379012189 ], [ -63.457626805350159, -9.493988498181753 ], [ -63.457626925376339, -9.494078943699247 ], [ -63.457535821082033, -9.494079062846248 ], [ -63.45753534108006, -9.493717280768847 ], [ -63.457626445278798, -9.493717161626467 ], [ -63.457625965200393, -9.493355379546198 ], [ -63.457534861097223, -9.493355498683956 ], [ -63.45753474110451, -9.493265053161563 ], [ -63.457170324775426, -9.493265529470799 ], [ -63.457170204879453, -9.493175083943317 ], [ -63.456896892691766, -9.493175440922739 ], [ -63.456896772868681, -9.493084995391328 ], [ -63.456532356697274, -9.493085471027229 ], [ -63.456532236970929, -9.492995025490739 ], [ -63.456350028925854, -9.492995263164079 ], [ -63.456350148604415, -9.493085708702875 ], [ -63.455985732404393, -9.493086183769552 ], [ -63.455985612821387, -9.492995738226149 ], [ -63.455894508792284, -9.492995856932374 ], [ -63.455894389234366, -9.492905411387357 ], [ -63.455712181220385, -9.492905648726349 ], [ -63.455712061711438, -9.492815203178562 ], [ -63.455620957726545, -9.492815321811333 ], [ -63.455620838242673, -9.492724876261921 ], [ -63.455165318419823, -9.492725469064274 ], [ -63.455165437784231, -9.492815914619431 ], [ -63.454892125804577, -9.492816270019688 ], [ -63.45489200651182, -9.492725824461083 ], [ -63.454800902540121, -9.492725942879254 ], [ -63.454801021808976, -9.492816388439008 ], [ -63.454709917812188, -9.492816506834609 ], [ -63.454710156305708, -9.492997397955001 ], [ -63.454345740115564, -9.492997871309418 ], [ -63.454345620963764, -9.492907425744866 ], [ -63.454254516937155, -9.492907544023028 ], [ -63.454254278684921, -9.492726652890221 ], [ -63.454072070723683, -9.492726889370809 ], [ -63.454071951647123, -9.492636443801411 ], [ -63.453980847688619, -9.492636562004982 ], [ -63.453980609586836, -9.492455670862487 ], [ -63.453798401761816, -9.492455907193902 ], [ -63.453798282760474, -9.492365461619661 ], [ -63.453707178870083, -9.492365579748647 ], [ -63.453706821944849, -9.492094243019679 ], [ -63.453615718124937, -9.492094361121515 ], [ -63.453615599176111, -9.49200391554311 ], [ -63.457715268820436, -9.491998577534352 ] ] ] } },
{ "type": "Feature", "properties": { "area_m2": 227500.0 }, "geometry": { "type": "Polygon", "coordinates": [ [ [ -63.451429107716251, -9.492006742845165 ], [ -63.451429226091761, -9.492097188450987 ], [ -63.451338122242284, -9.492097305959945 ], [ -63.451338240595092, -9.492187751566441 ], [ -63.451247136720539, -9.492187869052819 ], [ -63.451247018391612, -9.492097423445184 ], [ -63.450700395262878, -9.492098127858604 ], [ -63.450700513448474, -9.492188573473072 ], [ -63.450609409565679, -9.492188690793441 ], [ -63.450609645892605, -9.492369582023247 ], [ -63.450518541960854, -9.492369699322177 ], [ -63.450518896388417, -9.492641036166788 ], [ -63.450336688378052, -9.492641270700325 ], [ -63.45033680647515, -9.492731716316532 ], [ -63.450245702444306, -9.492731833548865 ], [ -63.450245820518695, -9.492822279165742 ], [ -63.449972508347429, -9.492822630723843 ], [ -63.44997286236265, -9.493093967581894 ], [ -63.449881758231534, -9.493094084723904 ], [ -63.44988187621508, -9.493184530343454 ], [ -63.449790772058904, -9.493184647462879 ], [ -63.449790890019713, -9.493275093083097 ], [ -63.449699785838476, -9.49327521017994 ], [ -63.449700257597925, -9.493636992660676 ], [ -63.44979136187473, -9.493636875559291 ], [ -63.449791597809295, -9.493817766794582 ], [ -63.44933607617461, -9.493818352075662 ], [ -63.449335958326202, -9.493727906452579 ], [ -63.449244854019625, -9.493728023436502 ], [ -63.449244736196285, -9.493637577811816 ], [ -63.449153631912431, -9.493637694770884 ], [ -63.449153514114151, -9.493547249144594 ], [ -63.44906240985302, -9.493547366078809 ], [ -63.449062527627412, -9.493637811706233 ], [ -63.448789214765291, -9.493638162369971 ], [ -63.448789332469175, -9.493728608000328 ], [ -63.448607123840787, -9.493728841659825 ], [ -63.44860735915649, -9.493909732923663 ], [ -63.448425150427838, -9.49390996649281 ], [ -63.448425385652662, -9.494090857759309 ], [ -63.448334281238807, -9.494090974510565 ], [ -63.448334398829076, -9.494181420144246 ], [ -63.448243294390153, -9.494181536872917 ], [ -63.448243411957705, -9.494271982507257 ], [ -63.448152307493707, -9.49427209921334 ], [ -63.448152425038543, -9.494362544848345 ], [ -63.448061320549485, -9.494362661531834 ], [ -63.448061555594876, -9.49454355280271 ], [ -63.447970451056861, -9.494543669464743 ], [ -63.447970568557416, -9.494634115100602 ], [ -63.447879463994326, -9.494634231740047 ], [ -63.447879698951169, -9.494815123012634 ], [ -63.447788594339123, -9.494815239630613 ], [ -63.447788829252858, -9.494996130903592 ], [ -63.447697724591855, -9.494996247500113 ], [ -63.447697959462488, -9.49517713877348 ], [ -63.447606854752514, -9.495177255348535 ], [ -63.44760697216568, -9.495267700985648 ], [ -63.447515867430646, -9.495267817538112 ], [ -63.44751610221271, -9.495448708813187 ], [ -63.447424997428705, -9.495448825344189 ], [ -63.447425114797596, -9.495539270982158 ], [ -63.447334009988538, -9.495539387490565 ], [ -63.447334127334692, -9.495629833129192 ], [ -63.447243022500565, -9.495629949615006 ], [ -63.447243139824003, -9.495720395254295 ], [ -63.447152034964802, -9.49572051171751 ], [ -63.447152269567376, -9.495901402996942 ], [ -63.446514535185734, -9.49590221759097 ], [ -63.446514418051144, -9.495811771943593 ], [ -63.446423313158711, -9.495811888218139 ], [ -63.446423430269398, -9.495902333866647 ], [ -63.446150115513397, -9.495902682551325 ], [ -63.446149998474404, -9.495812236899438 ], [ -63.445967788679042, -9.495812469235013 ], [ -63.445967905670237, -9.495902914889154 ], [ -63.445876800746916, -9.495903031022477 ], [ -63.445876917715381, -9.495993476677276 ], [ -63.445785812766992, -9.495993592788002 ], [ -63.44578592971272, -9.496084038443456 ], [ -63.44569482473927, -9.496084154531584 ], [ -63.445694941662275, -9.496174600187695 ], [ -63.44560383666375, -9.496174716253224 ], [ -63.445603953564024, -9.49626516190999 ], [ -63.445421743515695, -9.496265393972118 ], [ -63.445421860369322, -9.496355839630667 ], [ -63.445057440163112, -9.496356303474705 ], [ -63.445057556922322, -9.496446749137286 ], [ -63.444784241683742, -9.496447096774562 ], [ -63.444784708445383, -9.496808879433672 ], [ -63.444693603267936, -9.496808995269804 ], [ -63.444693719937348, -9.496899440934536 ], [ -63.444602614734833, -9.496899556748064 ], [ -63.444602848029362, -9.497080448078362 ], [ -63.444511742777884, -9.497080563870407 ], [ -63.444511859402986, -9.497171009535977 ], [ -63.444420754126455, -9.497171125305417 ], [ -63.444420987332329, -9.4973520166374 ], [ -63.444329882006834, -9.497352132385355 ], [ -63.444329998587612, -9.497442578051766 ], [ -63.444238893237049, -9.49744269377711 ], [ -63.444238427016487, -9.497080911104167 ], [ -63.444329532271453, -9.49708079538331 ], [ -63.444329299120334, -9.496899904046275 ], [ -63.444238193913179, -9.496900019764892 ], [ -63.444237494631096, -9.496357345735817 ], [ -63.444328599694856, -9.49635723002393 ], [ -63.444328016872234, -9.495905001659107 ], [ -63.444236911927959, -9.495905117365384 ], [ -63.444236795390815, -9.495814671689894 ], [ -63.444145690469291, -9.495814787371325 ], [ -63.444145806982533, -9.495905233047937 ], [ -63.444054702035942, -9.495905348706764 ], [ -63.444054818526453, -9.495995794384031 ], [ -63.44414592349694, -9.495995678724082 ], [ -63.444147088704867, -9.49690013545978 ], [ -63.443964878284739, -9.496900366778373 ], [ -63.443964994764109, -9.496990812451612 ], [ -63.443600573814351, -9.496991274808552 ], [ -63.443600457430577, -9.496900829130833 ], [ -63.443509352214136, -9.496900944659632 ], [ -63.443509119497875, -9.496720053300544 ], [ -63.443418014328081, -9.496720168803375 ], [ -63.443418479669646, -9.497081951524146 ], [ -63.44332737440309, -9.497082067007725 ], [ -63.443327258089859, -9.496991621327117 ], [ -63.44323615284604, -9.496991736785848 ], [ -63.443235920270858, -9.496810845420985 ], [ -63.443144815073687, -9.49681096085375 ], [ -63.443144698811729, -9.496720515169498 ], [ -63.443053593637295, -9.496720630577421 ], [ -63.443053477400404, -9.496630184891581 ], [ -63.442962372248715, -9.496630300274656 ], [ -63.442962256036886, -9.496539854587231 ], [ -63.442871150907933, -9.496539969945461 ], [ -63.442871034721151, -9.496449524256446 ], [ -63.442779929614943, -9.496449639589835 ], [ -63.442779813453228, -9.496359193899234 ], [ -63.44296202361668, -9.496358963210973 ], [ -63.442961791201107, -9.496178071832848 ], [ -63.443052896233304, -9.496177956455362 ], [ -63.443052780003356, -9.496087510766714 ], [ -63.443234990016471, -9.496087279942808 ], [ -63.443234873739883, -9.495996834255932 ], [ -63.4431437687578, -9.495996949678625 ], [ -63.443143536255903, -9.495816058301227 ], [ -63.44305243132046, -9.49581617369796 ], [ -63.443051966426133, -9.49545439093307 ], [ -63.443143071266, -9.495454275540812 ], [ -63.443143303758632, -9.495635166921955 ], [ -63.443234408645118, -9.495635051503736 ], [ -63.443233827302734, -9.495182823052961 ], [ -63.442960512998241, -9.49518316921967 ], [ -63.442960396804921, -9.495092723524751 ], [ -63.442869292058333, -9.495092838865094 ], [ -63.442868943557016, -9.494821501774183 ], [ -63.44296004823191, -9.494821386437202 ], [ -63.442959815855701, -9.494640495043155 ], [ -63.442868711228591, -9.494640610377905 ], [ -63.442868595066123, -9.494550164679065 ], [ -63.442777490461744, -9.494550279988973 ], [ -63.442777374324329, -9.494459834288545 ], [ -63.442959583484125, -9.494459603647245 ], [ -63.442959234935429, -9.494188266549864 ], [ -63.443050339441911, -9.49418815119699 ], [ -63.443050223237442, -9.494097705498042 ], [ -63.44314132771887, -9.494097590122564 ], [ -63.443141211491657, -9.494007144424272 ], [ -63.443050107034125, -9.49400725979863 ], [ -63.443049990831959, -9.493916814098752 ], [ -63.443232199698087, -9.493916583328547 ], [ -63.443232315948038, -9.494007029026188 ], [ -63.44332342040326, -9.494006913604391 ], [ -63.443323536678257, -9.494097359300447 ], [ -63.44341464115621, -9.494097243853808 ], [ -63.44341475745626, -9.494187689548278 ], [ -63.44350586195695, -9.494187574076799 ], [ -63.443505629310224, -9.494006682689632 ], [ -63.443870047110259, -9.49400622057547 ], [ -63.443870279948115, -9.494187111953675 ], [ -63.443961384443021, -9.494186996363593 ], [ -63.443961617333308, -9.494367887737681 ], [ -63.444052721874826, -9.494367772121635 ], [ -63.444052605405204, -9.494277326435949 ], [ -63.444143709921669, -9.494277210797303 ], [ -63.444143593429324, -9.494186765112268 ], [ -63.444052488936748, -9.49418688074979 ], [ -63.444052372469443, -9.494096435063163 ], [ -63.443961267999605, -9.494096550675849 ], [ -63.44396115155736, -9.49400610498763 ], [ -63.444052256003303, -9.49400598937607 ], [ -63.444052139538329, -9.493915543688507 ], [ -63.444143243959225, -9.493915428054345 ], [ -63.444143127471513, -9.493824982367437 ], [ -63.444325336262018, -9.493824751030203 ], [ -63.444325918951122, -9.49427697944885 ], [ -63.444234814436975, -9.494277095134937 ], [ -63.444235397035627, -9.494729323547494 ], [ -63.444144292400857, -9.494729439215467 ], [ -63.444143942909868, -9.494458102165973 ], [ -63.443961733780199, -9.494458333424026 ], [ -63.443962083127822, -9.494729670480247 ], [ -63.444053187764915, -9.494729554859717 ], [ -63.444053304240342, -9.494820000543067 ], [ -63.443962199579353, -9.494820116164719 ], [ -63.443962316032042, -9.494910561848723 ], [ -63.443871211345986, -9.49491067744777 ], [ -63.443871444207069, -9.495091568816614 ], [ -63.443780339472056, -9.495091684394179 ], [ -63.443780223064842, -9.495001238708875 ], [ -63.44368911835258, -9.495001354261596 ], [ -63.443689234735906, -9.495091799948023 ], [ -63.443598129998584, -9.495091915478147 ], [ -63.443598595447888, -9.49545369822366 ], [ -63.44387190994312, -9.495453351548685 ], [ -63.443871560639337, -9.495182014500331 ], [ -63.444053770153637, -9.495181783271786 ], [ -63.444053653673585, -9.49509133759031 ], [ -63.444235863135454, -9.495091106269117 ], [ -63.444235979663311, -9.495181551948351 ], [ -63.444418189168339, -9.495181320530021 ], [ -63.444417489731855, -9.49463864646105 ], [ -63.444599698945495, -9.494638414961296 ], [ -63.444599582329019, -9.494547969283742 ], [ -63.444417373163176, -9.494548200781255 ], [ -63.444416673775486, -9.494005526692623 ], [ -63.444689987092424, -9.49400517943098 ], [ -63.444689870460202, -9.49391473375127 ], [ -63.444507661631178, -9.49391496528051 ], [ -63.44450731188482, -9.493643628231842 ], [ -63.444598416228239, -9.49364351248245 ], [ -63.444598299624545, -9.493553066799747 ], [ -63.444507195305022, -9.493553182548014 ], [ -63.444506962148914, -9.493372291178963 ], [ -63.444598066420653, -9.493372175432937 ], [ -63.444597833221408, -9.493191284064252 ], [ -63.444688937444205, -9.493191168296756 ], [ -63.444689287316478, -9.493462505345708 ], [ -63.444780391609783, -9.493462389551123 ], [ -63.444780274960635, -9.493371943869731 ], [ -63.444871379228893, -9.493371828052551 ], [ -63.444871145886303, -9.493190936690606 ], [ -63.44478004166583, -9.493191052505539 ], [ -63.444779691732336, -9.492919715455743 ], [ -63.444688587582377, -9.492919831243594 ], [ -63.444688470964095, -9.492829385558268 ], [ -63.444870679215065, -9.492829153961102 ], [ -63.444870912548353, -9.493010045326788 ], [ -63.444962016719884, -9.493009929490382 ], [ -63.444962366800205, -9.493281266532035 ], [ -63.445144575283116, -9.493281034781329 ], [ -63.445144458540732, -9.493190589103495 ], [ -63.445326666971198, -9.493190357260163 ], [ -63.445326783761359, -9.49328080293575 ], [ -63.445417887998737, -9.493280686977386 ], [ -63.445417771184687, -9.493190241302921 ], [ -63.44550887539701, -9.493190125321961 ], [ -63.445508992234956, -9.493280570995298 ], [ -63.445600096470002, -9.493280454989497 ], [ -63.445600213333009, -9.49337090066124 ], [ -63.445691317590793, -9.493370784630594 ], [ -63.445691200703898, -9.493280338959973 ], [ -63.445782304936621, -9.493280222906735 ], [ -63.445782421847412, -9.493370668576226 ], [ -63.445873526102851, -9.493370552498146 ], [ -63.445873643038695, -9.493460998166043 ], [ -63.446055851593883, -9.493460765936467 ], [ -63.446055968578676, -9.493551211601652 ], [ -63.446147072878404, -9.493551095450158 ], [ -63.446146721855854, -9.493279758456589 ], [ -63.446237826082751, -9.493279642284756 ], [ -63.446237592025767, -9.493098750955625 ], [ -63.446146487846647, -9.493098867125202 ], [ -63.446146253842102, -9.492917975791945 ], [ -63.446237357973445, -9.492917859624621 ], [ -63.446237123925791, -9.492736968291741 ], [ -63.446146019842232, -9.492737084456815 ], [ -63.446145902844044, -9.492646638788548 ], [ -63.446237006903701, -9.492646522624602 ], [ -63.44623688988279, -9.492556076956998 ], [ -63.446145785847023, -9.492556193119814 ], [ -63.446145668851152, -9.492465747450609 ], [ -63.446054564838107, -9.492465863588588 ], [ -63.446054447867304, -9.49237541791779 ], [ -63.445963343876969, -9.492375534030923 ], [ -63.445963109986636, -9.492194642685677 ], [ -63.445872006042926, -9.492194758772841 ], [ -63.445871889123396, -9.492104313098389 ], [ -63.446054096961888, -9.492104080902593 ], [ -63.446054213929187, -9.492194526574794 ], [ -63.446145317870588, -9.492194410440195 ], [ -63.446145083889348, -9.492013519097579 ], [ -63.451429107716251, -9.492006742845165 ] ], [ [ -63.447877349593405, -9.493006210202514 ], [ -63.447786245459199, -9.493006326797886 ], [ -63.447786362892089, -9.493096772443966 ], [ -63.447877467050169, -9.493096655847467 ], [ -63.447877349593405, -9.493006210202514 ] ], [ [ -63.445782655672481, -9.493551559913813 ], [ -63.445691551368078, -9.493551675970432 ], [ -63.445691668258462, -9.493642121639647 ], [ -63.445600563929013, -9.493642237673667 ], [ -63.44560044706251, -9.493551792003325 ], [ -63.4454182384479, -9.493552023997964 ], [ -63.445418472086494, -9.493732915342679 ], [ -63.445509576442163, -9.493732799354971 ], [ -63.445509926980463, -9.494004136365158 ], [ -63.44578324025553, -9.494003788249589 ], [ -63.445783357175642, -9.494094233915339 ], [ -63.445874461622225, -9.494094117828251 ], [ -63.445874227735395, -9.493913226498533 ], [ -63.445783123336597, -9.493913342583371 ], [ -63.445783006418822, -9.493822896916681 ], [ -63.445874110793724, -9.49382278083297 ], [ -63.445873876913872, -9.493641889500445 ], [ -63.445782772586753, -9.493642005581904 ], [ -63.445782655672481, -9.493551559913813 ] ], [ [ -63.444962716890991, -9.493552603569476 ], [ -63.444871612576122, -9.493552719412623 ], [ -63.444871729251489, -9.493643165091955 ], [ -63.444962833590253, -9.493643049247689 ], [ -63.444962716890991, -9.493552603569476 ] ], [ [ -63.448151602249276, -9.493729425393472 ], [ -63.448060497927472, -9.493729542069042 ], [ -63.448060615441385, -9.493819987707987 ], [ -63.448151719787091, -9.493819871031283 ], [ -63.448151602249276, -9.493729425393472 ] ], [ [ -63.44614730689927, -9.493731986776865 ], [ -63.446056202551752, -9.493732102930611 ], [ -63.446056787504858, -9.494184331244819 ], [ -63.445965683036697, -9.494184447380476 ], [ -63.445965800006924, -9.494274893043039 ], [ -63.446056904498967, -9.494274776906256 ], [ -63.446057021494241, -9.494365222567227 ], [ -63.446148126009014, -9.494365106405597 ], [ -63.44614730689927, -9.493731986776865 ] ], [ [ -63.445236380144912, -9.493823592920842 ], [ -63.444963066992258, -9.493823940602706 ], [ -63.444963300398904, -9.494004831955854 ], [ -63.445054404832078, -9.494004716083371 ], [ -63.44505452156104, -9.494095161758118 ], [ -63.444963417103978, -9.494095277631727 ], [ -63.444963533810203, -9.49418572330713 ], [ -63.445236847249582, -9.49418537561178 ], [ -63.445236964028659, -9.494275821283344 ], [ -63.445601382027107, -9.494275357352956 ], [ -63.445601265152455, -9.494184911685894 ], [ -63.445510160678481, -9.494185027702947 ], [ -63.445509926980463, -9.494004136365158 ], [ -63.445418822553115, -9.494004252356243 ], [ -63.445418705729736, -9.493913806685523 ], [ -63.445327601325125, -9.493913922651762 ], [ -63.445327718124595, -9.494004368323605 ], [ -63.445236613694924, -9.494004484267247 ], [ -63.445236380144912, -9.493823592920842 ] ], [ [ -63.445328185334148, -9.494366151006298 ], [ -63.445237080808894, -9.49436626695444 ], [ -63.445237197590302, -9.494456712625066 ], [ -63.445328302139451, -9.494456596675802 ], [ -63.445328185334148, -9.494366151006298 ] ], [ [ -63.44614836005087, -9.494545997723883 ], [ -63.446057255488313, -9.494546113887765 ], [ -63.44605737248709, -9.494636559547324 ], [ -63.446148477073542, -9.494636443382319 ], [ -63.44614836005087, -9.494545997723883 ] ], [ [ -63.446695338903339, -9.494816637196063 ], [ -63.446513129647691, -9.494816869791528 ], [ -63.446513363892365, -9.494997761096117 ], [ -63.446604468568566, -9.494997644807992 ], [ -63.44660435142174, -9.494907199157062 ], [ -63.446695456072888, -9.494907082846337 ], [ -63.446695338903339, -9.494816637196063 ] ], [ [ -63.44341580420884, -9.495001700777431 ], [ -63.443233594773886, -9.495001931669377 ], [ -63.443233711037728, -9.495092377361404 ], [ -63.443415920520479, -9.495092146467218 ], [ -63.44341580420884, -9.495001700777431 ] ], [ [ -63.444327200969312, -9.495271881928693 ], [ -63.444236096192334, -9.495271997627118 ], [ -63.444236212722508, -9.495362443305419 ], [ -63.444145107920455, -9.495362558981244 ], [ -63.444145224427906, -9.49545300466019 ], [ -63.4440541196008, -9.495453120313416 ], [ -63.444054003117259, -9.495362674633341 ], [ -63.44396289831289, -9.495362790261719 ], [ -63.443963131233353, -9.495543681623639 ], [ -63.444145340936508, -9.49554345033868 ], [ -63.444145457446282, -9.495633896016695 ], [ -63.444327667192582, -9.495633664634596 ], [ -63.444327200969312, -9.495271881928693 ] ], [ [ -63.444327783751298, -9.495724110309901 ], [ -63.444236678854836, -9.495724226013936 ], [ -63.444236795390815, -9.495814671689894 ], [ -63.444327900311187, -9.495814555984738 ], [ -63.444327783751298, -9.495724110309901 ] ], [ [ -63.443598944547034, -9.495725035277882 ], [ -63.443507839641285, -9.49572515079212 ], [ -63.443507955986085, -9.495815596477048 ], [ -63.443599060915744, -9.495815480961689 ], [ -63.443598944547034, -9.495725035277882 ] ], [ [ -63.443781270771559, -9.495815249859799 ], [ -63.443690165844231, -9.495815365422606 ], [ -63.443690282237988, -9.495905811104823 ], [ -63.443781387189212, -9.495905695540896 ], [ -63.443781270771559, -9.495815249859799 ] ], [ [ -63.443599875529102, -9.496448600735214 ], [ -63.443508770432175, -9.49644871625841 ], [ -63.44350888678624, -9.496539161939587 ], [ -63.443599991907085, -9.496539046415272 ], [ -63.443599875529102, -9.496448600735214 ] ], [ [ -63.443235455134399, -9.496449062685642 ], [ -63.443144350032831, -9.496449178113933 ], [ -63.443144582550943, -9.49663006948478 ], [ -63.443235687700316, -9.496629954054249 ], [ -63.443235920270858, -9.496810845420985 ], [ -63.443327025466878, -9.496810729964491 ], [ -63.443326792848524, -9.496629838599995 ], [ -63.443509003141479, -9.496629607620301 ], [ -63.44350888678624, -9.496539161939587 ], [ -63.443235571416778, -9.49653950837018 ], [ -63.443235455134399, -9.496449062685642 ] ] ] } },
{ "type": "Feature", "properties": { "area_m2": 48800.0 }, "geometry": { "type": "Polygon", "coordinates": [ [ [ -63.392304854007939, -9.494158283379811 ], [ -63.392304956903658, -9.494248729666136 ], [ -63.392487167129367, -9.49424852531442 ], [ -63.392488093667112, -9.495062541852464 ], [ -63.392396988339705, -9.495062644049105 ], [ -63.392398017684549, -9.495967106834632 ], [ -63.392306912117157, -9.495967209017453 ], [ -63.392307220868901, -9.496238547846961 ], [ -63.392398326508001, -9.496238445661168 ], [ -63.392398944182581, -9.496781123301608 ], [ -63.392307838400093, -9.496781225493347 ], [ -63.392308353037606, -9.497233456852472 ], [ -63.392217247134582, -9.497233559025432 ], [ -63.392218687921336, -9.498499806782624 ], [ -63.39212758168263, -9.498499908945718 ], [ -63.392127787477897, -9.498680801476954 ], [ -63.392036681190348, -9.498680903618297 ], [ -63.392036578316109, -9.49859045735192 ], [ -63.391854365785761, -9.498590661561423 ], [ -63.391854468612195, -9.498681107829778 ], [ -63.391763362321576, -9.498681209899923 ], [ -63.391763259519053, -9.498590763630578 ], [ -63.391307728170162, -9.498591273620359 ], [ -63.391307317448408, -9.49822948851854 ], [ -63.391216211271171, -9.498229590441349 ], [ -63.391216108617186, -9.498139144163735 ], [ -63.391307214770521, -9.498139042241917 ], [ -63.391307112093656, -9.498048595964823 ], [ -63.391398218222051, -9.498048494020262 ], [ -63.391398115522321, -9.497958047743687 ], [ -63.391307009417815, -9.497958149687262 ], [ -63.39130680406921, -9.497777257130739 ], [ -63.391397910125903, -9.497777155189143 ], [ -63.391397704733585, -9.497596262632719 ], [ -63.391306598724697, -9.49759636457234 ], [ -63.391306496053978, -9.497505918292442 ], [ -63.391397602038957, -9.49750581635381 ], [ -63.391395651035388, -9.495787336965606 ], [ -63.391486756565236, -9.49578723502202 ], [ -63.391485626942767, -9.494792325836224 ], [ -63.391576732208726, -9.494792223879784 ], [ -63.391576115959829, -9.494249546124157 ], [ -63.391667221081391, -9.494249444149929 ], [ -63.39166711835292, -9.494158997856674 ], [ -63.391849328545192, -9.494158793839034 ], [ -63.39184943132144, -9.49424924013031 ], [ -63.392213851789272, -9.494248831806415 ], [ -63.392213748917435, -9.494158385519096 ], [ -63.392304854007939, -9.494158283379811 ] ], [ [ -63.391852412278176, -9.496872182373819 ], [ -63.391670200652058, -9.496872386450807 ], [ -63.391670303411232, -9.496962832730029 ], [ -63.391852515085155, -9.496962628651062 ], [ -63.391852412278176, -9.496872182373819 ] ] ] } },
{ "type": "Feature", "properties": { "area_m2": 83200.0 }, "geometry": { "type": "Polygon", "coordinates": [ [ [ -63.44177209568528, -9.492019066699545 ], [ -63.441772790763096, -9.492561741044597 ], [ -63.441863894854563, -9.492561626020168 ], [ -63.44186412660418, -9.492742517462542 ], [ -63.441955230742273, -9.492742402412164 ], [ -63.441955114843005, -9.492651956692326 ], [ -63.442137323067946, -9.492651726522654 ], [ -63.442137439015006, -9.492742172240259 ], [ -63.442046334879223, -9.49274228733807 ], [ -63.442046566729012, -9.492923178774111 ], [ -63.441955462544293, -9.492923293850438 ], [ -63.441955346642708, -9.492832848131535 ], [ -63.441773138317586, -9.492833078210806 ], [ -63.441773254171395, -9.492923523931937 ], [ -63.44186435835843, -9.492923408903048 ], [ -63.441864474237285, -9.493013854622594 ], [ -63.441773370026354, -9.493013969652601 ], [ -63.441773833457752, -9.493375752530586 ], [ -63.441864937764237, -9.493375637496118 ], [ -63.441865053648854, -9.493466083213329 ], [ -63.441956157978069, -9.493465968154027 ], [ -63.441956273887747, -9.493556413869653 ], [ -63.441865169534637, -9.493556528930071 ], [ -63.4418656330893, -9.493918311792363 ], [ -63.441774528639478, -9.493918426833524 ], [ -63.441774760375949, -9.494099318264096 ], [ -63.441865864873556, -9.494099203220701 ], [ -63.441866328455944, -9.494460986071761 ], [ -63.441775223862749, -9.494461101119615 ], [ -63.44177533973734, -9.494551546832326 ], [ -63.441866444354424, -9.494551431783357 ], [ -63.441866676154852, -9.494732323205143 ], [ -63.441775571489984, -9.494732438256342 ], [ -63.441777309781969, -9.4960891238768 ], [ -63.441686204757495, -9.496089238921007 ], [ -63.441687711176634, -9.497265033054715 ], [ -63.441778816511814, -9.497264917996009 ], [ -63.441779280160247, -9.497626700786004 ], [ -63.441870385589894, -9.497626585699104 ], [ -63.441870733410049, -9.497897922783336 ], [ -63.441961838910231, -9.497897807669364 ], [ -63.441961954876497, -9.497988253362058 ], [ -63.441870849352405, -9.497988368477149 ], [ -63.44187119718643, -9.498259705555766 ], [ -63.442053408376871, -9.498259475295161 ], [ -63.442053872362969, -9.498621258051166 ], [ -63.442144978052077, -9.498621142880804 ], [ -63.442145210099866, -9.498802034253764 ], [ -63.441598575661025, -9.498802724933354 ], [ -63.441598343900104, -9.498621833547007 ], [ -63.441507238204068, -9.498621948574979 ], [ -63.441507122349236, -9.498531502879985 ], [ -63.441324911001509, -9.498531732862507 ], [ -63.441324795195655, -9.498441287164816 ], [ -63.441233689543964, -9.498441402119363 ], [ -63.441233342205017, -9.498170065020146 ], [ -63.441142236623875, -9.498170179947621 ], [ -63.441141773617034, -9.497808397137652 ], [ -63.441050668130359, -9.49780851203694 ], [ -63.441049742363205, -9.497084946385627 ], [ -63.440958637066601, -9.497085061252278 ], [ -63.440957942933061, -9.49654238698745 ], [ -63.4408668377787, -9.496542501823695 ], [ -63.440866143830029, -9.495999827535337 ], [ -63.440775038817918, -9.495999942341177 ], [ -63.440774345054095, -9.495457268029289 ], [ -63.440683240184221, -9.49545738280473 ], [ -63.440682199831322, -9.494643371295293 ], [ -63.440591095175343, -9.494643486036995 ], [ -63.440590517361294, -9.494191257398702 ], [ -63.440499412823634, -9.494191372111121 ], [ -63.440498604099567, -9.493558251990066 ], [ -63.440680812839226, -9.493558022557083 ], [ -63.440680697264035, -9.493467576825855 ], [ -63.440771801608243, -9.493467462074895 ], [ -63.440771686010322, -9.493377016344317 ], [ -63.440862790329476, -9.493376901570752 ], [ -63.440862443470934, -9.493105564379539 ], [ -63.440771339223438, -9.493105679149764 ], [ -63.440770992446929, -9.492834341951001 ], [ -63.440406575732112, -9.492834800781377 ], [ -63.440405882783544, -9.49229212634452 ], [ -63.440314778745297, -9.492292240986149 ], [ -63.440314432358207, -9.492020903758069 ], [ -63.44177209568528, -9.492019066699545 ] ], [ [ -63.440861634174645, -9.492472444250332 ], [ -63.440770530094376, -9.492472559012766 ], [ -63.440770761268347, -9.49265345048282 ], [ -63.440861865396393, -9.492653335718158 ], [ -63.440861634174645, -9.492472444250332 ] ] ] } },
{ "type": "Feature", "properties": { "area_m2": 8200.0 }, "geometry": { "type": "Polygon", "coordinates": [ [ [ -63.362245632096055, -9.499436603700161 ], [ -63.362245727161593, -9.499527050273702 ], [ -63.362427940810754, -9.499526861472104 ], [ -63.362428131040289, -9.49970775461412 ], [ -63.362245917295496, -9.499707943419375 ], [ -63.362246012363876, -9.499798389991509 ], [ -63.362337119260658, -9.499798295599835 ], [ -63.362337214353886, -9.499888742170585 ], [ -63.362428321273626, -9.499888647754261 ], [ -63.362428416391715, -9.499979094323631 ], [ -63.362519523334413, -9.499978999882654 ], [ -63.362519808766088, -9.500250339585209 ], [ -63.362428701751654, -9.500250434028933 ], [ -63.362428987120133, -9.500521773730025 ], [ -63.362520094206289, -9.500521679283557 ], [ -63.36252018935491, -9.500612125848734 ], [ -63.362429082244844, -9.500612220296121 ], [ -63.362429938409925, -9.501426239369922 ], [ -63.362521045735214, -9.501426144914305 ], [ -63.362521236052366, -9.501607038034837 ], [ -63.362339021305189, -9.501607226925998 ], [ -63.36233911641736, -9.501697673487392 ], [ -63.362156901618569, -9.501697862285422 ], [ -63.362156996683858, -9.50178830884818 ], [ -63.362065889259135, -9.501788403212498 ], [ -63.362065699177329, -9.501607510084687 ], [ -63.362156806554232, -9.501607415722198 ], [ -63.362156711490833, -9.501516969158505 ], [ -63.362065604137854, -9.50151706352008 ], [ -63.362064748825098, -9.500703044417559 ], [ -63.362155855962861, -9.500702950064214 ], [ -63.362154525293967, -9.499436698064445 ], [ -63.362245632096055, -9.499436603700161 ] ], [ [ -63.36233749963926, -9.500160081880038 ], [ -63.362246392646846, -9.500160176275372 ], [ -63.362246582794, -9.500341069414496 ], [ -63.362337689834241, -9.500340975017332 ], [ -63.36233749963926, -9.500160081880038 ] ], [ [ -63.362337784933153, -9.500431421585278 ], [ -63.362246677869003, -9.500431515983356 ], [ -63.362246868021849, -9.500612409119672 ], [ -63.362337975133826, -9.500612314719767 ], [ -63.362337784933153, -9.500431421585278 ] ] ] } },
{ "type": "Feature", "properties": { "area_m2": 5600.0 }, "geometry": { "type": "Polygon", "coordinates": [ [ [ -63.461008065194235, -9.501762382213442 ], [ -63.461008791295228, -9.502305054812304 ], [ -63.460917684870097, -9.502305174942856 ], [ -63.460918047865107, -9.502576511239452 ], [ -63.460826941367031, -9.502576631349754 ], [ -63.460826820391404, -9.50248618591686 ], [ -63.46046239448269, -9.502486666116001 ], [ -63.460462273603923, -9.502396220677985 ], [ -63.460280060690174, -9.502396460632783 ], [ -63.460279939860442, -9.502306015191978 ], [ -63.460097726989716, -9.502306255049488 ], [ -63.460097606209011, -9.502215809605884 ], [ -63.460188712621061, -9.502215689690164 ], [ -63.460188591817641, -9.502125244247255 ], [ -63.46027969820458, -9.502125124308954 ], [ -63.460279456553543, -9.501944233424059 ], [ -63.460370562891448, -9.501944113464342 ], [ -63.460370442043804, -9.501853668022354 ], [ -63.460643760978563, -9.501853308004254 ], [ -63.460643881897937, -9.501943753442752 ], [ -63.460734988231032, -9.501943633388073 ], [ -63.460734746345665, -9.501762742512934 ], [ -63.461008065194235, -9.501762382213442 ] ], [ [ -63.460552896460307, -9.502034318912886 ], [ -63.460461790100887, -9.502034438921243 ], [ -63.460461910974843, -9.502124884361132 ], [ -63.46055301735818, -9.502124764351613 ], [ -63.460552896460307, -9.502034318912886 ] ] ] } },
{ "type": "Feature", "properties": { "area_m2": 126300.0 }, "geometry": { "type": "Polygon", "coordinates": [ [ [ -63.419185538523955, -9.498016293525362 ], [ -63.419185648515466, -9.498106739489366 ], [ -63.419367860170738, -9.498106521051115 ], [ -63.419367970211148, -9.498196967012532 ], [ -63.419459076061038, -9.498196857756749 ], [ -63.419459516329248, -9.498558641593503 ], [ -63.419368410383733, -9.498558750853519 ], [ -63.419370501442984, -9.500277223995944 ], [ -63.419279395042125, -9.500277333252347 ], [ -63.419279615128829, -9.500458225154361 ], [ -63.419370721577508, -9.500458115895842 ], [ -63.4193710517875, -9.500729453742181 ], [ -63.419279945267093, -9.500729563003874 ], [ -63.419280495519452, -9.501181792743699 ], [ -63.419189388878394, -9.50118190198695 ], [ -63.419189608939178, -9.50136279388172 ], [ -63.419280715628062, -9.501362684636351 ], [ -63.419281045799202, -9.501634022471817 ], [ -63.419189939038581, -9.50163413172036 ], [ -63.419191369583245, -9.502809928972459 ], [ -63.419100262510646, -9.502810038211017 ], [ -63.419100372536285, -9.502900484151265 ], [ -63.419191479632815, -9.502900374911651 ], [ -63.419192029897083, -9.503352604600584 ], [ -63.419100922680975, -9.503352713845493 ], [ -63.419101802969422, -9.504076281331901 ], [ -63.419010695560864, -9.504076390561529 ], [ -63.41901091559609, -9.504257282430567 ], [ -63.419102023052481, -9.50425717319882 ], [ -63.419102133095663, -9.504347619131577 ], [ -63.41901102561534, -9.504347728364381 ], [ -63.419011465703313, -9.504709512094957 ], [ -63.418829250548029, -9.504709730497785 ], [ -63.418829360524917, -9.504800176431374 ], [ -63.418282714889266, -9.504800831076256 ], [ -63.418282605055914, -9.504710385136329 ], [ -63.418100389883122, -9.504710603159195 ], [ -63.418100499668647, -9.504801049101237 ], [ -63.417827176829498, -9.504801375960591 ], [ -63.417827067115738, -9.504710930015387 ], [ -63.417735959524428, -9.504711038919952 ], [ -63.417735849835701, -9.504620592973223 ], [ -63.417462527126979, -9.504620919541278 ], [ -63.417460773403768, -9.503173784279292 ], [ -63.417551880591724, -9.503173675463886 ], [ -63.417551770969375, -9.503083229507087 ], [ -63.41764287813232, -9.503083120668995 ], [ -63.417642658843072, -9.502902228756096 ], [ -63.417551551727968, -9.502902337592083 ], [ -63.417551332490923, -9.502721445675206 ], [ -63.417642439558193, -9.502721336841327 ], [ -63.417642549200089, -9.502811782798947 ], [ -63.417915870467127, -9.502811456151695 ], [ -63.417915760753488, -9.502721010197243 ], [ -63.418006867816409, -9.502720901268393 ], [ -63.418006428877092, -9.502359117450116 ], [ -63.417915321909838, -9.50235922637474 ], [ -63.417915212201656, -9.502268780417944 ], [ -63.417732998311699, -9.502268998193861 ], [ -63.417732888652452, -9.502178552234486 ], [ -63.417550674805966, -9.50217876991333 ], [ -63.417550565195619, -9.502088323951378 ], [ -63.417732778994278, -9.502088106274647 ], [ -63.417732450026328, -9.50181676839231 ], [ -63.417550236371149, -9.501816986062719 ], [ -63.417549578751668, -9.501274310272754 ], [ -63.417731792119888, -9.501274092614999 ], [ -63.417731353537427, -9.500912308754097 ], [ -63.417640246949517, -9.500912417590623 ], [ -63.417640137330544, -9.500821971623175 ], [ -63.417549030765457, -9.500822080434906 ], [ -63.417548811578598, -9.500641188496495 ], [ -63.417639918095873, -9.500641079686867 ], [ -63.417639589252055, -9.500369741778895 ], [ -63.417548482806509, -9.50036985058536 ], [ -63.417548373218004, -9.500279404614046 ], [ -63.417639479639632, -9.500279295808637 ], [ -63.417636958855127, -9.498199038363472 ], [ -63.417728064725814, -9.498198929558578 ], [ -63.41772784550664, -9.498018037597236 ], [ -63.419185538523955, -9.498016293525362 ] ], [ [ -63.419095752402065, -9.499101754257675 ], [ -63.419004646308728, -9.499101863429113 ], [ -63.419004866223489, -9.499282755349649 ], [ -63.419095972364644, -9.499282646176093 ], [ -63.419095752402065, -9.499101754257675 ] ], [ [ -63.418277444121159, -9.50045942543143 ], [ -63.418095231196453, -9.500459643355045 ], [ -63.418095340930613, -9.500550089319095 ], [ -63.418004234442712, -9.500550198246351 ], [ -63.418004344154049, -9.500640644210989 ], [ -63.418186557176583, -9.500640426330623 ], [ -63.418186447417419, -9.500549980368097 ], [ -63.418277553903131, -9.500549871393368 ], [ -63.418277444121159, -9.50045942543143 ] ], [ [ -63.417913127953717, -9.500550307149872 ], [ -63.417822021463628, -9.500550416029654 ], [ -63.417822131127146, -9.5006408619964 ], [ -63.417913237641137, -9.500640753115563 ], [ -63.417913127953717, -9.500550307149872 ] ], [ [ -63.418368880002824, -9.500730654315255 ], [ -63.418277773470372, -9.500730763315838 ], [ -63.418277883255641, -9.500821209276365 ], [ -63.418368989811981, -9.500821100274729 ], [ -63.418368880002824, -9.500730654315255 ] ], [ [ -63.417913347329666, -9.500731199080787 ], [ -63.417822240791757, -9.500731307962683 ], [ -63.41782300847462, -9.501364429713517 ], [ -63.417914115179904, -9.501364320824239 ], [ -63.41791378609468, -9.501092982936997 ], [ -63.41800489272714, -9.501092874027142 ], [ -63.418005112164025, -9.501273765950328 ], [ -63.418096218843218, -9.501273657014627 ], [ -63.418095889617796, -9.501002319132317 ], [ -63.417913676401788, -9.501002536973646 ], [ -63.417913347329666, -9.500731199080787 ] ], [ [ -63.418824522577367, -9.500820554910476 ], [ -63.418733416026477, -9.500820664030803 ], [ -63.418733525932389, -9.500911109985582 ], [ -63.418824632507182, -9.5009110008642 ], [ -63.418824522577367, -9.500820554910476 ] ], [ [ -63.418369209433607, -9.501001992192283 ], [ -63.418278102829426, -9.501002101196029 ], [ -63.418278432198321, -9.501273439072007 ], [ -63.418369538874245, -9.501273330065086 ], [ -63.418369209433607, -9.501001992192283 ] ], [ [ -63.418369648689968, -9.501363776021757 ], [ -63.418278541990141, -9.501363885029731 ], [ -63.418278761577056, -9.501544776943774 ], [ -63.41836986832471, -9.501544667933686 ], [ -63.418369648689968, -9.501363776021757 ] ], [ [ -63.418096328587204, -9.50136410297446 ], [ -63.418005221884108, -9.501364211911218 ], [ -63.418005441327544, -9.501545103831596 ], [ -63.418096548078481, -9.501544994892726 ], [ -63.418096328587204, -9.50136410297446 ] ], [ [ -63.417732121068198, -9.501545430505763 ], [ -63.417641014312885, -9.501545539349673 ], [ -63.417641123940605, -9.501635985313378 ], [ -63.417732230719814, -9.501635876468413 ], [ -63.417732121068198, -9.501545430505763 ] ], [ [ -63.418096657825743, -9.501635440851157 ], [ -63.418005551050896, -9.50163554979108 ], [ -63.418005770500898, -9.501816441708652 ], [ -63.418096877323556, -9.501816332766614 ], [ -63.418096657825743, -9.501635440851157 ] ], [ [ -63.418370087963829, -9.501725559843743 ], [ -63.418278981168342, -9.501725668855942 ], [ -63.41827931056347, -9.501997006720682 ], [ -63.418188203695159, -9.50199711571231 ], [ -63.418188313471816, -9.502087561667345 ], [ -63.418370527255171, -9.502087343658237 ], [ -63.418370087963829, -9.501725559843743 ] ], [ [ -63.418005770500898, -9.501816441708652 ], [ -63.417914663677131, -9.501816550626945 ], [ -63.417914883083661, -9.501997442544747 ], [ -63.41782377621098, -9.501997551441411 ], [ -63.41782388589197, -9.502087997400668 ], [ -63.41791499278856, -9.502087888502949 ], [ -63.417915102494568, -9.502178334460682 ], [ -63.418006209413981, -9.502178225538167 ], [ -63.418006099684071, -9.502087779581489 ], [ -63.41809720657848, -9.502087670636289 ], [ -63.418096987074115, -9.501906778723642 ], [ -63.418005880227525, -9.501906887666729 ], [ -63.418005770500898, -9.501816441708652 ] ], [ [ -63.418279969383249, -9.502539682437526 ], [ -63.418188862371444, -9.502539791435488 ], [ -63.418189191724345, -9.502811129290757 ], [ -63.418006977553965, -9.502811347221794 ], [ -63.418007087292622, -9.502901793174724 ], [ -63.418189301510836, -9.502901575241578 ], [ -63.418189630876853, -9.503172913091225 ], [ -63.418280738056062, -9.503172804085873 ], [ -63.418279969383249, -9.502539682437526 ] ], [ [ -63.417825092454947, -9.503082902921575 ], [ -63.417733985294177, -9.503083011807158 ], [ -63.417734094964359, -9.503173457761845 ], [ -63.417825202149047, -9.50317334887521 ], [ -63.417825092454947, -9.503082902921575 ] ], [ [ -63.418007526258144, -9.503263576981764 ], [ -63.417916419051735, -9.503263685916941 ], [ -63.417916638493224, -9.503444577819765 ], [ -63.418007745747474, -9.503444468882474 ], [ -63.418007526258144, -9.503263576981764 ] ], [ [ -63.417825421540513, -9.503354240781078 ], [ -63.417734314307992, -9.503354349669825 ], [ -63.417734533655988, -9.50353524157593 ], [ -63.417916748215603, -9.503535023770475 ], [ -63.417916638493224, -9.503444577819765 ], [ -63.417825531237881, -9.503444686733312 ], [ -63.417825421540513, -9.503354240781078 ] ], [ [ -63.418281067503671, -9.503444141928142 ], [ -63.41818996025269, -9.503444250936665 ], [ -63.418190070046833, -9.503534696884206 ], [ -63.418281177321724, -9.503534587874627 ], [ -63.418281067503671, -9.503444141928142 ] ], [ [ -63.417825860336542, -9.503716024587199 ], [ -63.417734753008354, -9.503716133480163 ], [ -63.417734862686181, -9.503806579431574 ], [ -63.417825970038287, -9.503806470537555 ], [ -63.417825860336542, -9.503716024587199 ] ], [ [ -63.41837316337066, -9.504258046387882 ], [ -63.418282055905514, -9.504258155429655 ], [ -63.418282165733409, -9.504348601371927 ], [ -63.418373273222471, -9.504348492329095 ], [ -63.41837316337066, -9.504258046387882 ] ], [ [ -63.418009062775184, -9.504529820247408 ], [ -63.417826847691515, -9.504530038123566 ], [ -63.417826957403079, -9.504620484069711 ], [ -63.418009172534582, -9.504620266191441 ], [ -63.418009062775184, -9.504529820247408 ] ] ] } },
{ "type": "Feature", "properties": { "area_m2": 14900.0 }, "geometry": { "type": "Polygon", "coordinates": [ [ [ -63.416277691396033, -9.504260548340797 ], [ -63.416278675150018, -9.505074562012986 ], [ -63.416187567444489, -9.505074670518047 ], [ -63.416188660368597, -9.505979130119831 ], [ -63.416006444475819, -9.505979347079716 ], [ -63.416006335226363, -9.505888901119546 ], [ -63.415915227302264, -9.505889009562811 ], [ -63.415915008854455, -9.50570811763896 ], [ -63.415823900977117, -9.505708226056377 ], [ -63.41582379177877, -9.505617780092702 ], [ -63.415368252495398, -9.505618321818286 ], [ -63.415367379904659, -9.504894754050031 ], [ -63.415458487572131, -9.504894645760809 ], [ -63.41545826938745, -9.504713753816162 ], [ -63.415367161767833, -9.504713862103287 ], [ -63.41536705270105, -9.504623416129213 ], [ -63.415458160296751, -9.504623307843136 ], [ -63.415458051207125, -9.504532861869642 ], [ -63.415366943635355, -9.504532970154669 ], [ -63.415366616444764, -9.504261632228229 ], [ -63.415548831443715, -9.504261415640716 ], [ -63.41554894055399, -9.504351861614566 ], [ -63.41582226311602, -9.504351536552045 ], [ -63.415822153933981, -9.504261090581346 ], [ -63.416277691396033, -9.504260548340797 ] ], [ [ -63.415914571971896, -9.505346333785646 ], [ -63.415823464190247, -9.50534644219886 ], [ -63.415823573385332, -9.505436888163944 ], [ -63.415914681190898, -9.505436779749674 ], [ -63.415914571971896, -9.505346333785646 ] ] ] } },
{ "type": "Feature", "properties": { "area_m2": 13500.0 }, "geometry": { "type": "Polygon", "coordinates": [ [ [ -63.416189972021115, -9.507064481580139 ], [ -63.416190081332566, -9.507154927532122 ], [ -63.41609897307567, -9.5071550360376 ], [ -63.416100066010678, -9.508059495542156 ], [ -63.416191174506856, -9.508059387026169 ], [ -63.416191393154776, -9.508240278919356 ], [ -63.416100284610735, -9.508240387437446 ], [ -63.416101268364812, -9.509054400943057 ], [ -63.416010159604291, -9.509054509446845 ], [ -63.416010050317858, -9.508964063502601 ], [ -63.415918941580202, -9.508964171981575 ], [ -63.415918504541096, -9.50860238819571 ], [ -63.41582739589807, -9.508602496646729 ], [ -63.415827832841437, -9.508964280436793 ], [ -63.415736724101599, -9.508964388868248 ], [ -63.415736614888061, -9.508873942920388 ], [ -63.41564550617106, -9.508874051327039 ], [ -63.415645287795101, -9.508693159427807 ], [ -63.415554179124882, -9.508693267808601 ], [ -63.415554069962461, -9.508602821857234 ], [ -63.415462961315093, -9.508602930213224 ], [ -63.41546285217769, -9.508512484260338 ], [ -63.415371743553159, -9.508512592591517 ], [ -63.415372070896822, -9.508783930451914 ], [ -63.415280962199404, -9.508784038762482 ], [ -63.415279435014284, -9.507517795363208 ], [ -63.41537054337666, -9.507517687067324 ], [ -63.41537043427622, -9.507427241107766 ], [ -63.41555265094987, -9.507427024446825 ], [ -63.415552760098173, -9.507517470404281 ], [ -63.415643868457295, -9.507517362037129 ], [ -63.415643540943876, -9.507246024166498 ], [ -63.415825757515293, -9.507245807367227 ], [ -63.415825648298473, -9.507155361411515 ], [ -63.416007864817686, -9.507155144519325 ], [ -63.416007755554112, -9.507064698565241 ], [ -63.416189972021115, -9.507064481580139 ] ], [ [ -63.415734976815337, -9.507517253646224 ], [ -63.415643868457295, -9.507517362037129 ], [ -63.415643977630616, -9.507607807993072 ], [ -63.415735086012575, -9.507607699601113 ], [ -63.415734976815337, -9.507517253646224 ] ], [ [ -63.416008411151964, -9.507607374282712 ], [ -63.415917302773259, -9.507607482745934 ], [ -63.415917412019446, -9.507697928698255 ], [ -63.416008520422082, -9.507697820233982 ], [ -63.416008411151964, -9.507607374282712 ] ], [ [ -63.415826303615724, -9.507698037138773 ], [ -63.415735195210914, -9.507698145555533 ], [ -63.415735304410319, -9.507788591509488 ], [ -63.415644195980491, -9.507788699903545 ], [ -63.415644305157059, -9.507879145858078 ], [ -63.415735413610825, -9.507879037462974 ], [ -63.415735522812405, -9.507969483415991 ], [ -63.415826631289008, -9.507969374996078 ], [ -63.415826303615724, -9.507698037138773 ] ], [ [ -63.415917739764524, -9.507969266552411 ], [ -63.415826631289008, -9.507969374996078 ], [ -63.415826849743304, -9.508150266898607 ], [ -63.415917958266682, -9.508150158452839 ], [ -63.415918067519385, -9.508240604402351 ], [ -63.4160091760656, -9.508240495931776 ], [ -63.416008957513419, -9.508059604034385 ], [ -63.415917849015052, -9.508059712502858 ], [ -63.415917739764524, -9.507969266552411 ] ], [ [ -63.416009285343328, -9.508330941879768 ], [ -63.415827068201956, -9.50833115879926 ], [ -63.415827177432902, -9.508421604748882 ], [ -63.415736068836651, -9.508421713174044 ], [ -63.41573617804476, -9.508512159124249 ], [ -63.416009503902053, -9.508511833774348 ], [ -63.416009285343328, -9.508330941879768 ] ] ] } },
{ "type": "Feature", "properties": { "area_m2": 23500.0 }, "geometry": { "type": "Polygon", "coordinates": [ [ [ -63.379015436000458, -9.505026512704967 ], [ -63.379015635053541, -9.505207405449182 ], [ -63.37928895951103, -9.505207108928531 ], [ -63.379289059110825, -9.50529755529706 ], [ -63.379197950935399, -9.505297654161984 ], [ -63.379198050512258, -9.505388100531007 ], [ -63.379015834110582, -9.505388298191521 ], [ -63.379016132703583, -9.505659637301518 ], [ -63.378925024429485, -9.505659736099023 ], [ -63.378925123938544, -9.505750182469042 ], [ -63.378834015639519, -9.505750281243751 ], [ -63.378834115125642, -9.505840727614261 ], [ -63.378743006801727, -9.505840826366176 ], [ -63.378743106264906, -9.505931272737172 ], [ -63.378834214612759, -9.505931173984301 ], [ -63.378834413589949, -9.506112066722975 ], [ -63.378925521984655, -9.506111967944442 ], [ -63.378925621498666, -9.506202414312121 ], [ -63.379016729916309, -9.50620231550888 ], [ -63.379017526255438, -9.506925886425803 ], [ -63.37892641764639, -9.506925985236702 ], [ -63.378926716218118, -9.507197324325697 ], [ -63.378835607536288, -9.507197423115713 ], [ -63.378835707038249, -9.507287869478727 ], [ -63.378744598331494, -9.507287968245944 ], [ -63.378744896771536, -9.507559307335057 ], [ -63.37883600555007, -9.507559208564974 ], [ -63.378835906045147, -9.507468762203359 ], [ -63.379018123551397, -9.507468564593834 ], [ -63.37901822310419, -9.507559010953534 ], [ -63.378927114327631, -9.50755910977113 ], [ -63.378927313388331, -9.507740002491035 ], [ -63.378836204562916, -9.507740101286792 ], [ -63.378836304070816, -9.507830547647002 ], [ -63.378927412920163, -9.50783044885029 ], [ -63.378927910594186, -9.508282680639526 ], [ -63.378836801625198, -9.508282779441018 ], [ -63.378837199686515, -9.508644564867803 ], [ -63.378928308751242, -9.50864446606248 ], [ -63.378929204662541, -9.509458483236742 ], [ -63.378838095382427, -9.509458582050673 ], [ -63.37883819490915, -9.509549028401985 ], [ -63.378747085604104, -9.509549127193111 ], [ -63.378746986101312, -9.509458680840842 ], [ -63.378291439680936, -9.509459174435293 ], [ -63.378291340298802, -9.509368728077776 ], [ -63.378382449560938, -9.509368629407364 ], [ -63.378382350155867, -9.509278183050338 ], [ -63.378291240917676, -9.509278281719796 ], [ -63.378291042158381, -9.509097389002429 ], [ -63.378382151348696, -9.509097290334878 ], [ -63.378382051946588, -9.509006843976447 ], [ -63.378290942780204, -9.50900694264304 ], [ -63.378290346531962, -9.508464264476883 ], [ -63.378381455554752, -9.50846416581602 ], [ -63.378381057979986, -9.50810238036637 ], [ -63.378472166906057, -9.508102281685574 ], [ -63.378472067490904, -9.508011835322947 ], [ -63.378380958588757, -9.508011934002788 ], [ -63.378380561033758, -9.507650148543773 ], [ -63.378471669840181, -9.507650049867753 ], [ -63.378471570429973, -9.507559603502784 ], [ -63.378562679211491, -9.507559504803965 ], [ -63.37856257977834, -9.507469058439479 ], [ -63.37847147102076, -9.507469157137345 ], [ -63.378471172799053, -9.507197818038225 ], [ -63.37856228148484, -9.50719771934323 ], [ -63.378562182055653, -9.507107272976873 ], [ -63.37847107339379, -9.507107371670916 ], [ -63.378470278187315, -9.506383800715577 ], [ -63.378561386657765, -9.506383702029183 ], [ -63.378560988982571, -9.506021916544102 ], [ -63.378652097356323, -9.506021817837777 ], [ -63.37865150072966, -9.505479139601844 ], [ -63.378742608958873, -9.505479040877507 ], [ -63.37874250950064, -9.505388594504165 ], [ -63.378833617704942, -9.505388495757035 ], [ -63.378833219786209, -9.505026710262829 ], [ -63.379015436000458, -9.505026512704967 ] ], [ [ -63.378563076953974, -9.507921290257206 ], [ -63.378471968076738, -9.507921388959851 ], [ -63.378472067490904, -9.508011835322947 ], [ -63.37856317639207, -9.508011736619348 ], [ -63.378563076953974, -9.507921290257206 ] ], [ [ -63.378745493678359, -9.508101985500637 ], [ -63.378654384755244, -9.508102084252707 ], [ -63.378654484219247, -9.508192530612954 ], [ -63.378745593166286, -9.508192431859932 ], [ -63.378745493678359, -9.508101985500637 ] ], [ [ -63.378836702112338, -9.508192333083151 ], [ -63.378745593166286, -9.508192431859932 ], [ -63.378745692655222, -9.508282878218758 ], [ -63.378836801625198, -9.508282779441018 ], [ -63.378836702112338, -9.508192333083151 ] ], [ [ -63.378655478913714, -9.509096994189676 ], [ -63.37847326053803, -9.509097191643569 ], [ -63.378473459393064, -9.509278084357121 ], [ -63.378655677864494, -9.509277886899405 ], [ -63.378655478913714, -9.509096994189676 ] ] ] } },
{ "type": "Feature", "properties": { "area_m2": 536700.0 }, "geometry": { "type": "Polygon", "coordinates": [ [ [ -63.380097560419792, -9.49489532998744 ], [ -63.380097859528341, -9.495166669225769 ], [ -63.380188965015932, -9.495166570230845 ], [ -63.380189762873634, -9.495890141504805 ], [ -63.380098657194864, -9.495890240507405 ], [ -63.380099454924952, -9.49661381175911 ], [ -63.380190560794908, -9.496613712748831 ], [ -63.380190760285174, -9.496794605555161 ], [ -63.380099654367406, -9.496794704567359 ], [ -63.380099754090125, -9.496885150970781 ], [ -63.380008648147474, -9.49688524996021 ], [ -63.380008847548091, -9.497066142767572 ], [ -63.380099953538547, -9.497066043776226 ], [ -63.380101050575867, -9.498060954172713 ], [ -63.380009944322474, -9.498061053174615 ], [ -63.380010343179308, -9.498422838763144 ], [ -63.380101449528318, -9.4984227397574 ], [ -63.380101649010513, -9.498603632546939 ], [ -63.379919436215872, -9.498603830538528 ], [ -63.379919535910652, -9.498694276934517 ], [ -63.379828429487937, -9.498694375895669 ], [ -63.379828529159795, -9.498784822292144 ], [ -63.379919635606413, -9.498784723330031 ], [ -63.379919735303176, -9.498875169725082 ], [ -63.380010841772702, -9.498875070738276 ], [ -63.38001074205205, -9.498784624344184 ], [ -63.380284061382952, -9.498784327244245 ], [ -63.380283961591573, -9.498693880852569 ], [ -63.38055728084182, -9.498693583541915 ], [ -63.380557480569045, -9.498874476319038 ], [ -63.380648587031615, -9.4988743771661 ], [ -63.380648886701614, -9.499145716325401 ], [ -63.380557780167322, -9.499145815481222 ], [ -63.380557979904474, -9.499326708253671 ], [ -63.380649086486585, -9.499326609095927 ], [ -63.380649386171513, -9.49959794824821 ], [ -63.380831599476195, -9.49959774985575 ], [ -63.380831999261282, -9.499959535377887 ], [ -63.380649785765328, -9.499959733778038 ], [ -63.380649685865379, -9.499869287396281 ], [ -63.380558579139816, -9.499869386559793 ], [ -63.380558379390727, -9.499688493792958 ], [ -63.380376166032256, -9.499688692044925 ], [ -63.380376066207027, -9.499598245658886 ], [ -63.380284959550195, -9.499598344748307 ], [ -63.38028475995052, -9.499417451972903 ], [ -63.380193653340527, -9.499417551036668 ], [ -63.380193553566095, -9.499327104647302 ], [ -63.380102446979009, -9.499327203686377 ], [ -63.38010264648107, -9.499508096466556 ], [ -63.380011539845171, -9.499508195483813 ], [ -63.380011639573794, -9.49959864187416 ], [ -63.38019385289239, -9.499598443813992 ], [ -63.380193952669813, -9.499688890201957 ], [ -63.380285059351536, -9.499688791135307 ], [ -63.380285159153857, -9.499779237521841 ], [ -63.380376265858494, -9.499779138430499 ], [ -63.380376365685713, -9.499869584815604 ], [ -63.380467472413272, -9.499869485699564 ], [ -63.380467771972633, -9.500140824849192 ], [ -63.38055887877092, -9.500140725706535 ], [ -63.380558978649937, -9.500231172087847 ], [ -63.380741192291353, -9.500230973729403 ], [ -63.380741292219192, -9.500321420108326 ], [ -63.380832399062307, -9.500321320892539 ], [ -63.380832499015042, -9.50041176727003 ], [ -63.380923605881087, -9.500411668029543 ], [ -63.380923505904434, -9.500321221653008 ], [ -63.381014612745552, -9.500321122389748 ], [ -63.381014412747419, -9.500140229637207 ], [ -63.381105519539737, -9.500140130352133 ], [ -63.381105719585697, -9.50032102310275 ], [ -63.381196826424834, -9.500320923792014 ], [ -63.381196226155438, -9.499778245540318 ], [ -63.381287332850128, -9.499778146211622 ], [ -63.38128683253349, -9.499325914327157 ], [ -63.381742365394253, -9.499325417351715 ], [ -63.381742265214378, -9.499234970978234 ], [ -63.382015584847146, -9.499234672511051 ], [ -63.382015484596543, -9.499144226139997 ], [ -63.382288804148601, -9.4991439274621 ], [ -63.382288904470911, -9.499234373830257 ], [ -63.382471117548441, -9.499234174591058 ], [ -63.382471017178304, -9.499143728224832 ], [ -63.383017656243425, -9.499143129943413 ], [ -63.383017555730852, -9.49905268358251 ], [ -63.383199768696741, -9.499052483967436 ], [ -63.383199668137358, -9.498962037608003 ], [ -63.383108561678817, -9.498962137426439 ], [ -63.383108461144339, -9.49887169106557 ], [ -63.383017354708699, -9.49887179085931 ], [ -63.383017053182982, -9.498600451770992 ], [ -63.3831081595469, -9.498600351980157 ], [ -63.383107958486946, -9.49841945925421 ], [ -63.38301685217084, -9.498419559043112 ], [ -63.383016751666268, -9.498329112678473 ], [ -63.382925645373071, -9.498329212442673 ], [ -63.382925544893403, -9.498238766076595 ], [ -63.383016651162698, -9.498238666313359 ], [ -63.383016550660138, -9.498148219947781 ], [ -63.383107656904521, -9.498148120161781 ], [ -63.383107857958478, -9.498329012890535 ], [ -63.383290070539864, -9.498328813243473 ], [ -63.383290271693433, -9.498509705966486 ], [ -63.383381378030435, -9.49850960610542 ], [ -63.383381277429251, -9.498419159745115 ], [ -63.383472383741342, -9.498419059861284 ], [ -63.38347218249416, -9.498238167141208 ], [ -63.383289969964579, -9.498238366881264 ], [ -63.383289869390303, -9.498147920518587 ], [ -63.383563188111445, -9.498147620875811 ], [ -63.383562986822461, -9.497966728154861 ], [ -63.383745199202593, -9.497966528278232 ], [ -63.383745098511802, -9.497876081918992 ], [ -63.383380673843135, -9.49787648157346 ], [ -63.383380774438315, -9.497966927936572 ], [ -63.383198562050168, -9.497967127623358 ], [ -63.383198461502801, -9.497876681258314 ], [ -63.38310735533112, -9.497876781065139 ], [ -63.383106953247257, -9.497514995596404 ], [ -63.382833635013064, -9.497515294862902 ], [ -63.382833534566316, -9.497424848491649 ], [ -63.382924640621468, -9.497424748760844 ], [ -63.382924540151819, -9.49733430239009 ], [ -63.383015646182074, -9.497334202636525 ], [ -63.383015545689524, -9.497243756266267 ], [ -63.383197757699229, -9.497243556689881 ], [ -63.383197556621518, -9.497062663951834 ], [ -63.383288662577058, -9.497062564129985 ], [ -63.38328846145555, -9.496881671392 ], [ -63.383197355547793, -9.496881771211914 ], [ -63.383197255012441, -9.496791324841254 ], [ -63.383106149127599, -9.496791424636475 ], [ -63.383105847599253, -9.496520085518783 ], [ -63.38301474178509, -9.496520185287377 ], [ -63.38301464130155, -9.496429738912909 ], [ -63.382923535510301, -9.496429838656805 ], [ -63.382923435051659, -9.496339392280904 ], [ -63.383014540818998, -9.496339292537973 ], [ -63.383014339856906, -9.496158399786703 ], [ -63.383196551293004, -9.496158200233534 ], [ -63.383196350239317, -9.49597730748426 ], [ -63.383560772908289, -9.495976908100946 ], [ -63.383560571667424, -9.495796015357547 ], [ -63.383742782900306, -9.495795815527408 ], [ -63.383742984236768, -9.495976708266936 ], [ -63.383651878573026, -9.495976808195802 ], [ -63.383652079865705, -9.496157700935395 ], [ -63.383834291287776, -9.496157501050059 ], [ -63.383834190593134, -9.496067054682431 ], [ -63.383925296278754, -9.496066954705142 ], [ -63.383925396997292, -9.496157401071798 ], [ -63.384016502705819, -9.496157301069813 ], [ -63.384016804939144, -9.496428640164066 ], [ -63.383925699158929, -9.496428740168957 ], [ -63.383925900605021, -9.496609632898059 ], [ -63.384017006433048, -9.496609532891227 ], [ -63.384017107181506, -9.496699979254108 ], [ -63.383926001329591, -9.49670007926191 ], [ -63.383926102055149, -9.496790525625288 ], [ -63.384017207930974, -9.496790425616515 ], [ -63.3840174094329, -9.496971318339938 ], [ -63.383744091659004, -9.496971618300881 ], [ -63.383743990979241, -9.496881171936497 ], [ -63.383652885076515, -9.496881271875056 ], [ -63.383653086389238, -9.497062164605294 ], [ -63.383744192339776, -9.497062064664801 ], [ -63.383744595072869, -9.497423850115785 ], [ -63.383926807162148, -9.497423650155861 ], [ -63.383926907895734, -9.497514096515497 ], [ -63.383744695758651, -9.497514296477361 ], [ -63.383744897133219, -9.497695189199112 ], [ -63.383836003250074, -9.497695089228108 ], [ -63.383836103962771, -9.497785535587312 ], [ -63.383927210102513, -9.497785435591609 ], [ -63.383927814543163, -9.498328113731198 ], [ -63.383836708259992, -9.498328213732718 ], [ -63.383836808979709, -9.498418660088646 ], [ -63.38392791528679, -9.498418560086156 ], [ -63.383928217523668, -9.498689899148232 ], [ -63.383746004765058, -9.498690099135295 ], [ -63.383746306867543, -9.498961438198972 ], [ -63.383928519769576, -9.498961238206096 ], [ -63.383928922778168, -9.499323023610032 ], [ -63.384020029323324, -9.499322923574114 ], [ -63.384020230881447, -9.499503816271337 ], [ -63.3839291242885, -9.499503916309195 ], [ -63.383929930369902, -9.50022748708712 ], [ -63.383838823584661, -9.500227587108995 ], [ -63.383840637072211, -9.501855621267278 ], [ -63.383749529855557, -9.501855721282858 ], [ -63.383749630590479, -9.50194616762151 ], [ -63.383840737831051, -9.501946067604958 ], [ -63.383841040113587, -9.502217406615193 ], [ -63.383749932801258, -9.502217506634651 ], [ -63.38375043650597, -9.502669738313863 ], [ -63.383841543937862, -9.502669638289561 ], [ -63.383841745474598, -9.502850530956028 ], [ -63.383750637994872, -9.50285063098227 ], [ -63.383752149289542, -9.504207325935649 ], [ -63.383661041450033, -9.504207425952679 ], [ -63.383662048865958, -9.505111889206107 ], [ -63.383570940786228, -9.505111989209073 ], [ -63.383571242958794, -9.505383328178878 ], [ -63.383662351110289, -9.505383228173004 ], [ -63.383662552611518, -9.505564120815267 ], [ -63.383571444412176, -9.505564220823073 ], [ -63.38357164586958, -9.505745113465396 ], [ -63.38366275411677, -9.50574501345565 ], [ -63.383663157139296, -9.506106798730801 ], [ -63.383754265481187, -9.506106698693431 ], [ -63.383754366263247, -9.506197145010081 ], [ -63.383936582991872, -9.50619694486214 ], [ -63.383936784654715, -9.50637783749016 ], [ -63.383663459416717, -9.506378137682255 ], [ -63.383663358656577, -9.506287691365573 ], [ -63.383572250265829, -9.50628779138113 ], [ -63.38357265321671, -9.506649576648922 ], [ -63.383663761703176, -9.506649476629489 ], [ -63.383663963232479, -9.50683036925864 ], [ -63.383572854698173, -9.506830469280009 ], [ -63.383573156927874, -9.507101808223126 ], [ -63.383482048320786, -9.50710190822365 ], [ -63.383482149042109, -9.507192354538054 ], [ -63.383573257673127, -9.507192254536564 ], [ -63.383573660664112, -9.507554039785624 ], [ -63.383482551937384, -9.507554139790988 ], [ -63.383482753391029, -9.507735032414645 ], [ -63.383573862165626, -9.507734932407345 ], [ -63.383574768972039, -9.508548949181913 ], [ -63.383665877961015, -9.508548849142139 ], [ -63.383665777176795, -9.508458402836697 ], [ -63.383847995103871, -9.508458202687812 ], [ -63.383848095935939, -9.508548648991317 ], [ -63.383939204921894, -9.50854854888027 ], [ -63.38393940663692, -9.508729441483938 ], [ -63.383848297603102, -9.508729541596924 ], [ -63.383848196769009, -9.508639095294354 ], [ -63.383757087758113, -9.508639195382614 ], [ -63.383757289379417, -9.508820087989221 ], [ -63.383575071258896, -9.508820288098338 ], [ -63.383575172023193, -9.508910734402876 ], [ -63.383757390191576, -9.508910534291822 ], [ -63.383757491004744, -9.509000980593955 ], [ -63.383848600111357, -9.509000880501821 ], [ -63.383848801788552, -9.509181773102743 ], [ -63.383757692634056, -9.509181873196816 ], [ -63.383757995085574, -9.509453212097592 ], [ -63.383849104311871, -9.509453112000612 ], [ -63.383849205154981, -9.509543558298969 ], [ -63.38239145703109, -9.509545157014907 ], [ -63.382391356570935, -9.509454710701075 ], [ -63.381935810349376, -9.509455209047559 ], [ -63.381935910689869, -9.509545655366217 ], [ -63.380751490085942, -9.509546948299661 ], [ -63.380750689879065, -9.508823377637162 ], [ -63.380841798970799, -9.508823278330999 ], [ -63.380841298754206, -9.508371046656528 ], [ -63.38075018978212, -9.508371145957883 ], [ -63.380750089765726, -9.508280699620622 ], [ -63.38084119871386, -9.508280600320226 ], [ -63.380839298136635, -9.506562119841565 ], [ -63.380930406629119, -9.506562020535688 ], [ -63.380930006457689, -9.506200235154065 ], [ -63.381021114853489, -9.506200135828282 ], [ -63.381020814663579, -9.505928796790034 ], [ -63.38092970633955, -9.505928896112934 ], [ -63.380929106130182, -9.505386218018028 ], [ -63.380837997948717, -9.505386317311407 ], [ -63.380837897941234, -9.505295870959657 ], [ -63.380655681623153, -9.505296069473244 ], [ -63.380655781582789, -9.505386515826915 ], [ -63.380473565212888, -9.505386714247425 ], [ -63.380473765039454, -9.505567606957213 ], [ -63.380291548569865, -9.505567805286562 ], [ -63.380291748304714, -9.505748697998317 ], [ -63.38001842344935, -9.505748995319975 ], [ -63.380018523246491, -9.505839441678033 ], [ -63.379927414935459, -9.505839540738709 ], [ -63.379927514709664, -9.505929987097256 ], [ -63.379471973019982, -9.50593048204917 ], [ -63.379472072675547, -9.506020928412044 ], [ -63.379198747578066, -9.506021225101053 ], [ -63.379198647994265, -9.505930778735305 ], [ -63.37910753965037, -9.505930877583181 ], [ -63.379107340533587, -9.505749984848372 ], [ -63.379198448829634, -9.505749886002411 ], [ -63.379198349248796, -9.505659439635261 ], [ -63.379289457519917, -9.505659340766506 ], [ -63.379289158711615, -9.505388001665123 ], [ -63.379380266909969, -9.505387902775492 ], [ -63.379379968038812, -9.50511656367277 ], [ -63.379288859912215, -9.505116662559528 ], [ -63.37928876031441, -9.505026216190059 ], [ -63.379197652210749, -9.50502631505211 ], [ -63.379197453065935, -9.504845422309854 ], [ -63.379288561121747, -9.504845323449718 ], [ -63.379288461526919, -9.504754877078845 ], [ -63.379197353495023, -9.504754975938024 ], [ -63.379196855655302, -9.504302744071849 ], [ -63.379287963567585, -9.504302645217457 ], [ -63.379287863978689, -9.504212198843776 ], [ -63.379378971866061, -9.504212099966596 ], [ -63.37937877264342, -9.504031207219743 ], [ -63.379287664803883, -9.504031306095008 ], [ -63.379287764390789, -9.504121752469628 ], [ -63.37910554866091, -9.504121950150834 ], [ -63.379105349583774, -9.503941057397302 ], [ -63.379196457401363, -9.503940958570487 ], [ -63.379196158721307, -9.503669619439545 ], [ -63.379105050975475, -9.503669718263486 ], [ -63.379104951441363, -9.503579271884618 ], [ -63.379013843718454, -9.503579370683857 ], [ -63.379013744209239, -9.503488924303561 ], [ -63.378922636509273, -9.5034890230781 ], [ -63.378922437541668, -9.503308130314183 ], [ -63.379013545193807, -9.503308031541561 ], [ -63.379013445687569, -9.503217585159856 ], [ -63.378922338059354, -9.503217683931526 ], [ -63.378921940139989, -9.502855898396207 ], [ -63.378739725071902, -9.502856095860659 ], [ -63.378739426786282, -9.502584756698518 ], [ -63.378830534249076, -9.502584657981034 ], [ -63.378830733153002, -9.502765550754349 ], [ -63.378921840662635, -9.502765452011211 ], [ -63.378921741186254, -9.50267500562574 ], [ -63.379012848670982, -9.502674906859815 ], [ -63.379013047672551, -9.502855799628367 ], [ -63.379104155204118, -9.502855700836783 ], [ -63.379104254730301, -9.502946147219401 ], [ -63.379195362284797, -9.502946048403116 ], [ -63.379194964090317, -9.502584262873668 ], [ -63.379286071548158, -9.50258416403747 ], [ -63.379285971978092, -9.502493717654893 ], [ -63.379103757109263, -9.502493915301633 ], [ -63.379103856631495, -9.502584361686123 ], [ -63.379012749171679, -9.502584460474836 ], [ -63.379012351184379, -9.502222674930243 ], [ -63.379103458548535, -9.502222576145359 ], [ -63.37910355806779, -9.502313022531252 ], [ -63.379194665454868, -9.502312923721668 ], [ -63.379194565911703, -9.502222477336733 ], [ -63.37928567327387, -9.502222378504362 ], [ -63.379284279438799, -9.500956129079526 ], [ -63.379375386465178, -9.500956030236825 ], [ -63.379374988166632, -9.500594244673856 ], [ -63.379283881235885, -9.500594343512725 ], [ -63.379283582594113, -9.500323004332715 ], [ -63.379192475734115, -9.500323103144975 ], [ -63.379192376212735, -9.500232656749745 ], [ -63.37910126937566, -9.500232755537311 ], [ -63.379101169879199, -9.500142309140656 ], [ -63.379192276692365, -9.500142210354044 ], [ -63.379192077654594, -9.499961317561244 ], [ -63.379100970889247, -9.49996141634594 ], [ -63.379100672411731, -9.499690077150355 ], [ -63.379009565717119, -9.499690175908441 ], [ -63.379010262011121, -9.500323300698282 ], [ -63.378919155148161, -9.500323399439333 ], [ -63.378919055698525, -9.50023295304123 ], [ -63.378827948858458, -9.500233051757588 ], [ -63.378827451744698, -9.499780819755275 ], [ -63.378918558465195, -9.499780721043704 ], [ -63.378918061256641, -9.499328489034475 ], [ -63.379009167856609, -9.499328390303953 ], [ -63.379009267320257, -9.499418836705779 ], [ -63.379191480565055, -9.499418639171612 ], [ -63.379191281543129, -9.499237746371323 ], [ -63.379100174969047, -9.499237845148361 ], [ -63.379100075483485, -9.499147398746558 ], [ -63.379191182033665, -9.499147299970478 ], [ -63.379190883511185, -9.498875960765133 ], [ -63.379281989988655, -9.498875861968195 ], [ -63.379281890459239, -9.498785415566434 ], [ -63.379372996911812, -9.498785316746718 ], [ -63.379372897359481, -9.498694870345453 ], [ -63.379464003787156, -9.498694771502961 ], [ -63.379462908514022, -9.497699861068657 ], [ -63.37937180234929, -9.497699959900611 ], [ -63.379371901890714, -9.497790406307027 ], [ -63.379280795701099, -9.497790505116207 ], [ -63.379280596667051, -9.497609612300989 ], [ -63.379371702808854, -9.497609513493726 ], [ -63.379371603269412, -9.49751906708638 ], [ -63.379462709386338, -9.49751896825634 ], [ -63.379462808949683, -9.497609414662731 ], [ -63.379553915089502, -9.497609315808008 ], [ -63.379553616330739, -9.4973379765903 ], [ -63.379280298123405, -9.497338273074666 ], [ -63.37927960155627, -9.496705148196861 ], [ -63.379370707459067, -9.496705049399173 ], [ -63.379370209821346, -9.496252817334351 ], [ -63.379461315603649, -9.496252718517727 ], [ -63.379461415153102, -9.496343164930666 ], [ -63.379552520958313, -9.496343066089358 ], [ -63.379552122670823, -9.495981280438619 ], [ -63.37936991125062, -9.495981478089847 ], [ -63.379369712208415, -9.495800585257841 ], [ -63.37946081787122, -9.495800486446004 ], [ -63.379460718327707, -9.495710040030257 ], [ -63.379642929602547, -9.495709842337327 ], [ -63.379642132907811, -9.494986271009843 ], [ -63.379733238352564, -9.494986172135455 ], [ -63.379733138746296, -9.494895725718374 ], [ -63.380097560419792, -9.49489532998744 ] ], [ [ -63.383561175402058, -9.496338693582134 ], [ -63.383287858115033, -9.496338993166827 ], [ -63.383287958669293, -9.496429439538858 ], [ -63.383196852881035, -9.496429539353937 ], [ -63.383196953412387, -9.496519985726469 ], [ -63.383379165035677, -9.496519786070648 ], [ -63.383379265615822, -9.496610232440776 ], [ -63.383470371449867, -9.496610132576309 ], [ -63.383470170242759, -9.496429239837521 ], [ -63.383561276027997, -9.496429139951262 ], [ -63.383561175402058, -9.496338693582134 ] ], [ [ -63.38374368894597, -9.496609832840541 ], [ -63.38365258311493, -9.496609932776192 ], [ -63.383652683767799, -9.496700379142951 ], [ -63.383743789622727, -9.49670027920633 ], [ -63.38374368894597, -9.496609832840541 ] ], [ [ -63.383562382979576, -9.497424049980793 ], [ -63.383471276931417, -9.497424149877705 ], [ -63.38347137754549, -9.497514596242187 ], [ -63.383562483617553, -9.49751449634431 ], [ -63.383562382979576, -9.497424049980793 ] ], [ [ -63.383745601975811, -9.498328313710507 ], [ -63.383654495690628, -9.498328413664563 ], [ -63.383654596362526, -9.498418860022428 ], [ -63.383745702671611, -9.498418760067405 ], [ -63.383745601975811, -9.498328313710507 ] ], [ [ -63.379828130478309, -9.49842303670343 ], [ -63.379737024126321, -9.498423135637974 ], [ -63.379737123771307, -9.498513582036816 ], [ -63.379828230147197, -9.498513483101309 ], [ -63.379828130478309, -9.49842303670343 ] ], [ [ -63.383472584992539, -9.498599952579491 ], [ -63.383290372271723, -9.498600152327288 ], [ -63.383290472851009, -9.498690598687629 ], [ -63.383199366465192, -9.498690698526895 ], [ -63.383199668137358, -9.498962037608003 ], [ -63.38329077459489, -9.498961937765831 ], [ -63.38329087517819, -9.499052384124296 ], [ -63.383381981658623, -9.499052284257425 ], [ -63.383381679840028, -9.498780945183526 ], [ -63.383472786247737, -9.498780845295826 ], [ -63.383472584992539, -9.498599952579491 ] ], [ [ -63.38010194824124, -9.498874971727737 ], [ -63.380010841772702, -9.498875070738276 ], [ -63.380010941494362, -9.498965517131898 ], [ -63.38010204798681, -9.498965418120399 ], [ -63.38010194824124, -9.498874971727737 ] ], [ [ -63.379464601259457, -9.499237449897809 ], [ -63.379282388116231, -9.499237647570551 ], [ -63.379282487650606, -9.499328093969972 ], [ -63.379464700841645, -9.499327896295314 ], [ -63.379464601259457, -9.499237449897809 ] ], [ [ -63.379555907042757, -9.499418243818463 ], [ -63.37946480042482, -9.499418342692351 ], [ -63.379464900008983, -9.499508789088921 ], [ -63.379556006650837, -9.499508690214073 ], [ -63.379555907042757, -9.499418243818463 ] ], [ [ -63.380103045497101, -9.499869882021303 ], [ -63.380011938765577, -9.499869981042398 ], [ -63.380012636914522, -9.500503105751907 ], [ -63.380194850711312, -9.500502907672544 ], [ -63.380194750924957, -9.500412461288798 ], [ -63.380285857797951, -9.500412362214472 ], [ -63.380285658180384, -9.500231469447488 ], [ -63.380194551355203, -9.500231568519895 ], [ -63.380194252008039, -9.49996022936303 ], [ -63.380103145253592, -9.49996032840882 ], [ -63.380103045497101, -9.499869882021303 ] ], [ [ -63.383109667624197, -9.499957047365113 ], [ -63.383018560901668, -9.499957147170457 ], [ -63.383018661424259, -9.500047593526677 ], [ -63.383109768170691, -9.500047493720366 ], [ -63.383109667624197, -9.499957047365113 ] ], [ [ -63.379374390748538, -9.500051566315365 ], [ -63.379283283961264, -9.50005166514849 ], [ -63.379283582594113, -9.500323004332715 ], [ -63.379374689453122, -9.500322905496716 ], [ -63.379374390748538, -9.500051566315365 ] ], [ [ -63.38192558086336, -9.500229682085187 ], [ -63.38183447405612, -9.500229781584855 ], [ -63.381834574270876, -9.500320227952226 ], [ -63.38192568110204, -9.500320128451595 ], [ -63.38192558086336, -9.500229682085187 ] ], [ [ -63.381014712746122, -9.500411568765317 ], [ -63.380923605881087, -9.500411668029543 ], [ -63.380923805837369, -9.500592560781197 ], [ -63.381014912750231, -9.500592461515051 ], [ -63.381014712746122, -9.500411568765317 ] ], [ [ -63.380012636914522, -9.500503105751907 ], [ -63.379921530014634, -9.500503204755983 ], [ -63.379921729446878, -9.500684097527836 ], [ -63.380012836394584, -9.500683998521842 ], [ -63.380012636914522, -9.500503105751907 ] ], [ [ -63.380832698923513, -9.50059266002361 ], [ -63.380650485092822, -9.500592858437219 ], [ -63.380650585000737, -9.500683304815229 ], [ -63.380559478059972, -9.500683403987386 ], [ -63.380559577944965, -9.500773850365894 ], [ -63.380924005797645, -9.500773453530988 ], [ -63.380923905817014, -9.500683007156328 ], [ -63.380832798879254, -9.5006831063997 ], [ -63.380832698923513, -9.50059266002361 ] ], [ [ -63.380286057419497, -9.500593254979581 ], [ -63.380103843576869, -9.500593453108339 ], [ -63.380103943341297, -9.500683899492111 ], [ -63.380012836394584, -9.500683998521842 ], [ -63.380012936136104, -9.50077444490611 ], [ -63.379921829164495, -9.500774543913062 ], [ -63.379922028602685, -9.500955436682107 ], [ -63.380013135622136, -9.500955337673235 ], [ -63.380013035878619, -9.500864891289906 ], [ -63.380104142873165, -9.500864792258254 ], [ -63.380104242640577, -9.500955238640625 ], [ -63.380195349658038, -9.500955139584276 ], [ -63.380195249866716, -9.500864693202868 ], [ -63.380286356859266, -9.50086459412374 ], [ -63.380286057419497, -9.500593254979581 ] ], [ [ -63.379557500891032, -9.500865386092082 ], [ -63.379466393890539, -9.500865484981302 ], [ -63.379466593091607, -9.501046377759 ], [ -63.37955770013992, -9.501046278867864 ], [ -63.379557500891032, -9.500865386092082 ] ], [ [ -63.381106419777929, -9.50095414771517 ], [ -63.380924205761907, -9.500954346278901 ], [ -63.380924505715754, -9.501225685397262 ], [ -63.380833398634529, -9.501225784646406 ], [ -63.380833698525592, -9.501497123763441 ], [ -63.381015912830549, -9.501496925235648 ], [ -63.381016012844071, -9.501587371605133 ], [ -63.38110712001896, -9.501587272304663 ], [ -63.381106719875255, -9.50122548682776 ], [ -63.381015612796006, -9.501225586124383 ], [ -63.381015512786476, -9.501135139753025 ], [ -63.381106619841809, -9.501135040457365 ], [ -63.381106419777929, -9.50095414771517 ] ], [ [ -63.379831021278925, -9.501045982052021 ], [ -63.379739914233589, -9.501046081014374 ], [ -63.379740013907352, -9.501136527399646 ], [ -63.379831120976604, -9.501136428436336 ], [ -63.379831021278925, -9.501045982052021 ] ], [ [ -63.379740013907352, -9.501136527399646 ], [ -63.379557799765863, -9.501136725255051 ], [ -63.379557899392793, -9.501227171641769 ], [ -63.379740113582102, -9.501226973784448 ], [ -63.379740013907352, -9.501136527399646 ] ], [ [ -63.379740512291015, -9.501588759318981 ], [ -63.379649405101205, -9.501588858263347 ], [ -63.379649604413792, -9.501769751029723 ], [ -63.379740711651444, -9.501769652083437 ], [ -63.379740512291015, -9.501588759318981 ] ], [ [ -63.381016112858575, -9.50167781797415 ], [ -63.380833898457958, -9.501678016505792 ], [ -63.380834098394295, -9.501858909246273 ], [ -63.381016312890566, -9.501858710710783 ], [ -63.381016112858575, -9.50167781797415 ] ], [ [ -63.380743091090409, -9.501949454848903 ], [ -63.380651983815888, -9.501949554058257 ], [ -63.380652183662541, -9.502130446799772 ], [ -63.380834398306277, -9.502130248353478 ], [ -63.380834298334619, -9.502039801984875 ], [ -63.380743191037169, -9.502039901218932 ], [ -63.380743091090409, -9.501949454848903 ] ], [ [ -63.380105340147779, -9.50195014881581 ], [ -63.379923125583787, -9.501950346878401 ], [ -63.379923225315302, -9.502040793257073 ], [ -63.380105439927121, -9.502040595192565 ], [ -63.380105340147779, -9.50195014881581 ] ], [ [ -63.381017113058391, -9.502582281638588 ], [ -63.380926005619429, -9.502582380925899 ], [ -63.380926105620965, -9.502672827290731 ], [ -63.381017213083844, -9.502672728002459 ], [ -63.381017113058391, -9.502582281638588 ] ], [ [ -63.380834998157091, -9.502672926555258 ], [ -63.38074389069223, -9.502673025796046 ], [ -63.380744090602633, -9.50285391852815 ], [ -63.380835198115335, -9.502853819285439 ], [ -63.380834998157091, -9.502672926555258 ] ], [ [ -63.38092640563157, -9.502944166382417 ], [ -63.380653083021713, -9.502944464113426 ], [ -63.380653282890265, -9.503125356844649 ], [ -63.380926605643616, -9.503125059107873 ], [ -63.38092640563157, -9.502944166382417 ] ], [ [ -63.379468684942317, -9.502945751811799 ], [ -63.379377577390805, -9.502945850699314 ], [ -63.379377676989733, -9.503036297078593 ], [ -63.379468784565169, -9.503036198190117 ], [ -63.379468684942317, -9.502945751811799 ] ], [ [ -63.379195461835891, -9.503036494784308 ], [ -63.379104354257478, -9.50303659360155 ], [ -63.379104553314811, -9.503217486364441 ], [ -63.379195660941058, -9.503217387545288 ], [ -63.379195461835891, -9.503036494784308 ] ], [ [ -63.380835798013941, -9.503396497464754 ], [ -63.38074469035773, -9.503396596713234 ], [ -63.380744790320399, -9.503487043075776 ], [ -63.380835898000527, -9.503486943826339 ], [ -63.380835798013941, -9.503396497464754 ] ], [ [ -63.379834112368314, -9.503849819748083 ], [ -63.37956078900514, -9.503850116653084 ], [ -63.379561087978175, -9.50412145576972 ], [ -63.379652195838659, -9.504121356822257 ], [ -63.379652096156065, -9.504030910451469 ], [ -63.37974320399163, -9.504030811481218 ], [ -63.379743104286113, -9.503940365110925 ], [ -63.379834212096775, -9.503940266117887 ], [ -63.379834112368314, -9.503849819748083 ] ], [ [ -63.380927605763574, -9.504029522707039 ], [ -63.380836497940933, -9.504029621985993 ], [ -63.380836597934483, -9.504120068344298 ], [ -63.380927705781041, -9.504119969064384 ], [ -63.380927605763574, -9.504029522707039 ] ], [ [ -63.381384947481671, -9.505657060230012 ], [ -63.381202730984143, -9.505657259036294 ], [ -63.381202831091315, -9.505747705382324 ], [ -63.381111722817138, -9.505747804750801 ], [ -63.381112023072838, -9.50601914378897 ], [ -63.381385348107713, -9.50601884560362 ], [ -63.381385448266713, -9.506109291945853 ], [ -63.381567664999494, -9.506109093034937 ], [ -63.38156746458678, -9.505928200353859 ], [ -63.381476356268735, -9.505928299819267 ], [ -63.381476155907876, -9.505747407134384 ], [ -63.381385047636691, -9.505747506574115 ], [ -63.381384947481671, -9.505657060230012 ] ], [ [ -63.383572149530615, -9.506197345063011 ], [ -63.383481041162788, -9.50619744505385 ], [ -63.383481141874071, -9.506287891372937 ], [ -63.383572250265829, -9.50628779138113 ], [ -63.383572149530615, -9.506197345063011 ] ], [ [ -63.383298824424138, -9.506197644964272 ], [ -63.383207716053313, -9.506197744883854 ], [ -63.383207816692817, -9.506288191205844 ], [ -63.383298925087573, -9.506288091285295 ], [ -63.383298824424138, -9.506197644964272 ] ], [ [ -63.381749981983987, -9.506199340366924 ], [ -63.381658873596166, -9.506199439882728 ], [ -63.381658973828941, -9.506289886221131 ], [ -63.381750082240686, -9.506289786704366 ], [ -63.381749981983987, -9.506199340366924 ] ], [ [ -63.3828434836486, -9.506379036975915 ], [ -63.38266126680022, -9.506379236557677 ], [ -63.382661467797142, -9.506560129210921 ], [ -63.382843684741218, -9.506559929625292 ], [ -63.3828434836486, -9.506379036975915 ] ], [ [ -63.382296833091473, -9.50637963543617 ], [ -63.382205724661794, -9.506379735096413 ], [ -63.382205825040117, -9.506470181428096 ], [ -63.382296933493727, -9.506470081766889 ], [ -63.382296833091473, -9.50637963543617 ] ], [ [ -63.382205825040117, -9.506470181428096 ], [ -63.382114716585512, -9.506470281065551 ], [ -63.382114816940906, -9.50656072739773 ], [ -63.382205925419434, -9.506560627759312 ], [ -63.382205825040117, -9.506470181428096 ] ], [ [ -63.383299529089243, -9.506830769201603 ], [ -63.383208420550929, -9.506830869127958 ], [ -63.383208521197446, -9.506921315446668 ], [ -63.383299629759691, -9.506921215519345 ], [ -63.383299529089243, -9.506830769201603 ] ], [ [ -63.382661869802966, -9.506921914511786 ], [ -63.38257076123373, -9.506922014272835 ], [ -63.382570861713759, -9.507012460597844 ], [ -63.382661970306934, -9.507012360835832 ], [ -63.382661869802966, -9.506921914511786 ] ], [ [ -63.383209125097622, -9.507463993349111 ], [ -63.38311801639081, -9.507464093258488 ], [ -63.383118318282627, -9.507735432206291 ], [ -63.383209427061239, -9.507735332294013 ], [ -63.383209125097622, -9.507463993349111 ] ], [ [ -63.383483659982076, -9.508549049197928 ], [ -63.38339255099109, -9.508549149190186 ], [ -63.383392651704511, -9.508639595498066 ], [ -63.383483760719415, -9.508639495504838 ], [ -63.383483659982076, -9.508549049197928 ] ], [ [ -63.383484062937491, -9.508910834422766 ], [ -63.383210735674368, -9.508911134339879 ], [ -63.38321083634392, -9.509001580647823 ], [ -63.383301945456573, -9.509001480698243 ], [ -63.383302046151059, -9.509091927004748 ], [ -63.383393155286633, -9.50909182703044 ], [ -63.383393054568209, -9.509001380724904 ], [ -63.383484163678837, -9.509001280727805 ], [ -63.383484062937491, -9.508910834422766 ] ] ] } },
{ "type": "Feature", "properties": { "area_m2": 468300.0 }, "geometry": { "type": "Polygon", "coordinates": [ [ [ -63.365887407168017, -9.497081199546107 ], [ -63.365888943234786, -9.498528344272879 ], [ -63.365980049758797, -9.498528248944707 ], [ -63.365980241832162, -9.498709142025287 ], [ -63.365889135260346, -9.498709237355309 ], [ -63.365889519322934, -9.499071023514549 ], [ -63.365980625990382, -9.499070928180833 ], [ -63.365981298304085, -9.499704053935032 ], [ -63.36589019146929, -9.499704149275212 ], [ -63.365890287494011, -9.499794595810579 ], [ -63.36598139435273, -9.499794500469475 ], [ -63.365981874610277, -9.500246733134665 ], [ -63.365890767632024, -9.500246828480394 ], [ -63.365891055726294, -9.500518168076669 ], [ -63.365982162776291, -9.500518072728172 ], [ -63.365982258833547, -9.500608519258403 ], [ -63.365891151759634, -9.500608614607826 ], [ -63.365891343829183, -9.500789507668737 ], [ -63.365982450950902, -9.500789412317467 ], [ -63.365982643072108, -9.500970305374652 ], [ -63.365891535902549, -9.500970400727772 ], [ -63.365891824019776, -9.501241740312816 ], [ -63.365982931261073, -9.501241644956929 ], [ -63.365984372335021, -9.502598342805136 ], [ -63.365711049532131, -9.502598628843154 ], [ -63.365711145539628, -9.502689075365396 ], [ -63.365802253165469, -9.502688980042208 ], [ -63.365802349197835, -9.502779426563063 ], [ -63.365893456846642, -9.502779331215208 ], [ -63.365893648962079, -9.502960224253652 ], [ -63.36598475665776, -9.502960128880211 ], [ -63.365985333170563, -9.503502807978784 ], [ -63.366167548846057, -9.503502617149573 ], [ -63.366167933398408, -9.503864403198532 ], [ -63.366076825465456, -9.503864498628708 ], [ -63.36607740217918, -9.504407177693658 ], [ -63.365986294101752, -9.504407273105633 ], [ -63.365986198004322, -9.504316826595053 ], [ -63.365803981894437, -9.504317017345915 ], [ -63.365803885845821, -9.504226570833021 ], [ -63.365712777813371, -9.504226666171906 ], [ -63.365713450006375, -9.504859791758802 ], [ -63.365622341805505, -9.504859887080402 ], [ -63.365622437812974, -9.504950333591868 ], [ -63.365349113132901, -9.504950619416951 ], [ -63.365348825328653, -9.504679279872844 ], [ -63.365257717171815, -9.504679375097608 ], [ -63.365257621262884, -9.504588928581047 ], [ -63.365166513129026, -9.50458902378114 ], [ -63.365166417244978, -9.504498577263192 ], [ -63.36507530913407, -9.50449867243861 ], [ -63.365075213274913, -9.504408225919272 ], [ -63.364801889008241, -9.504408511300289 ], [ -63.364802367954795, -9.504860743906127 ], [ -63.364620151533025, -9.504860934050608 ], [ -63.364619960047236, -9.504680041005994 ], [ -63.36452885188276, -9.504680136040772 ], [ -63.364528756165214, -9.504589689516841 ], [ -63.364619864305773, -9.504589594482987 ], [ -63.364619768565248, -9.504499147959509 ], [ -63.36452866044862, -9.50449924299244 ], [ -63.364528469018303, -9.50431834994224 ], [ -63.364437360948571, -9.504318444949586 ], [ -63.364437456639337, -9.504408891475842 ], [ -63.364346348544721, -9.504408986460362 ], [ -63.364346731221616, -9.504770772564381 ], [ -63.36443783941192, -9.504770677576182 ], [ -63.364438030803932, -9.504951570623541 ], [ -63.36452913904111, -9.504951475609754 ], [ -63.364529234762479, -9.505041922131811 ], [ -63.364620343022629, -9.505041827093352 ], [ -63.364621109019168, -9.505765399245602 ], [ -63.364712217469759, -9.50576530417603 ], [ -63.364712313247544, -9.505855750692037 ], [ -63.364621204773023, -9.505855845762529 ], [ -63.36462130052783, -9.505946292278988 ], [ -63.364712409026275, -9.505946197207573 ], [ -63.364713175290454, -9.506669769315009 ], [ -63.364895392667307, -9.506669579086187 ], [ -63.364895680175671, -9.506940918613227 ], [ -63.364804571415938, -9.506941013742278 ], [ -63.364804475602796, -9.506850567232812 ], [ -63.364713366866042, -9.50685066233719 ], [ -63.36471355844543, -9.507031555357491 ], [ -63.364804667230047, -9.507031460251275 ], [ -63.364804954678071, -9.507302799775461 ], [ -63.364713845821676, -9.507302894884441 ], [ -63.364714037410593, -9.507483787900064 ], [ -63.364805146314851, -9.507483692789242 ], [ -63.364806392046901, -9.508659497333181 ], [ -63.364897501261311, -9.508659402186625 ], [ -63.364897597117455, -9.508749848685806 ], [ -63.364988706354843, -9.508749753514572 ], [ -63.364988802235871, -9.508840200012363 ], [ -63.364897692974559, -9.50884029518452 ], [ -63.364897788832614, -9.508930741682763 ], [ -63.364806679546419, -9.508930836832082 ], [ -63.364806967054506, -9.50920217632677 ], [ -63.364898076412516, -9.509202081174688 ], [ -63.36489817227438, -9.509292527671061 ], [ -63.364260406580826, -9.509293193243121 ], [ -63.36426050227611, -9.509383639745465 ], [ -63.364169392863573, -9.509383734733071 ], [ -63.364169297192227, -9.509293288229804 ], [ -63.364078187802669, -9.509293383192729 ], [ -63.364078283450084, -9.50938382969691 ], [ -63.363987174035643, -9.509383924636996 ], [ -63.363987269660079, -9.509474371141632 ], [ -63.364169488535886, -9.509474181235868 ], [ -63.364169584209129, -9.5095646277382 ], [ -63.364260693669536, -9.509564532748756 ], [ -63.364260789367684, -9.509654979249701 ], [ -63.364169679883346, -9.509655074240062 ], [ -63.364170349629461, -9.510288199739982 ], [ -63.364261459281352, -9.510288104743184 ], [ -63.364261650693827, -9.510468997737107 ], [ -63.364079431293327, -9.510469187710621 ], [ -63.364079335634493, -9.510378741212055 ], [ -63.363988225956767, -9.510378836162248 ], [ -63.363987747796529, -9.509926603657794 ], [ -63.36389663823752, -9.509926698579628 ], [ -63.363896733843731, -9.510017145082374 ], [ -63.363805624259847, -9.510017239981369 ], [ -63.363805719843072, -9.510107686484565 ], [ -63.363714610234297, -9.510107781360714 ], [ -63.363714514674996, -9.510017334856599 ], [ -63.363623405089214, -9.510017429708071 ], [ -63.363623309554804, -9.509926983202568 ], [ -63.363258871297873, -9.509927362367158 ], [ -63.363259062176141, -9.510108255385033 ], [ -63.362985733329872, -9.51010853951448 ], [ -63.362985637962069, -9.510018093003024 ], [ -63.363167857145996, -9.510017903608992 ], [ -63.363167761731276, -9.5099274570989 ], [ -63.362803323455367, -9.509927835788256 ], [ -63.362803228137338, -9.509837389274029 ], [ -63.362712118589918, -9.509837483886052 ], [ -63.362712213884009, -9.509927930401192 ], [ -63.362621104311721, -9.509928024990367 ], [ -63.362621294854868, -9.510108918021073 ], [ -63.362530185233759, -9.510109012588318 ], [ -63.362530280482822, -9.510199459103879 ], [ -63.362439170836822, -9.510199553648276 ], [ -63.362438885164266, -9.509928214097428 ], [ -63.362347775589129, -9.50992830861532 ], [ -63.362348061189877, -9.510199648168912 ], [ -63.36216584189313, -9.510199837138892 ], [ -63.362165746739812, -9.51010939061967 ], [ -63.362256856364723, -9.510109296147474 ], [ -63.362256380492639, -9.509657063548897 ], [ -63.362165270987404, -9.509657158016514 ], [ -63.362165366136004, -9.509747604538084 ], [ -63.362074256605887, -9.50974769898286 ], [ -63.362074066357529, -9.50956680593743 ], [ -63.361982956874343, -9.509566900356615 ], [ -63.361983051974114, -9.509657346880481 ], [ -63.361891942466045, -9.509657441276818 ], [ -63.361892132620561, -9.509838334324968 ], [ -63.361801023063677, -9.509838428699375 ], [ -63.361801213174097, -9.51001932174748 ], [ -63.361710103568399, -9.510019416099952 ], [ -63.361709723447078, -9.509657629998218 ], [ -63.361800832957037, -9.509657535649398 ], [ -63.361800547804165, -9.509386196070922 ], [ -63.361709438366006, -9.509386290416998 ], [ -63.361708773209955, -9.508753164711102 ], [ -63.361526554665879, -9.508753353319195 ], [ -63.361526649637476, -9.508843799851837 ], [ -63.361435540340089, -9.508843894121158 ], [ -63.361435635288686, -9.508934340654248 ], [ -63.361526744610003, -9.508934246384015 ], [ -63.361526934557922, -9.509115139446964 ], [ -63.361344715818603, -9.509115327967319 ], [ -63.361344810746097, -9.509205774499918 ], [ -63.361435920140174, -9.509205680250707 ], [ -63.361436015092551, -9.509296126781923 ], [ -63.361527124509607, -9.50929603250804 ], [ -63.361527219486867, -9.509386479037873 ], [ -63.361162781717233, -9.509386855994499 ], [ -63.361162212442252, -9.508844176786569 ], [ -63.361253321742474, -9.508844082588523 ], [ -63.361253226842678, -9.508753636053141 ], [ -63.361162117566387, -9.508753730250273 ], [ -63.361161073994232, -9.50775881832014 ], [ -63.361252183007274, -9.507758724133037 ], [ -63.361251993231285, -9.507577831050572 ], [ -63.361160884266106, -9.50757792523585 ], [ -63.361160125391379, -9.506854352879953 ], [ -63.361251234165131, -9.506854258701971 ], [ -63.361251518807855, -9.507125598336206 ], [ -63.361342627652462, -9.507125504131734 ], [ -63.361342532746676, -9.50703505758837 ], [ -63.3614336415664, -9.507034963361056 ], [ -63.361433546637628, -9.506944516818136 ], [ -63.36152465543249, -9.506944422567983 ], [ -63.361524750385172, -9.50703486910999 ], [ -63.361615859203006, -9.507034774835168 ], [ -63.36161633410029, -9.507487007533621 ], [ -63.361525225162815, -9.507487101813005 ], [ -63.361525130205401, -9.50739665527334 ], [ -63.361434021290897, -9.507396749528057 ], [ -63.361434306094203, -9.507668089148394 ], [ -63.361525415080479, -9.507667994890939 ], [ -63.361525699964069, -9.507939334504325 ], [ -63.3616168090212, -9.507939240220374 ], [ -63.361616904008223, -9.50802968675632 ], [ -63.361525794927168, -9.508029781041182 ], [ -63.361525889891197, -9.508120227577571 ], [ -63.36143478078526, -9.508120321839588 ], [ -63.361434970668306, -9.508301214912793 ], [ -63.361526079822092, -9.508301120648946 ], [ -63.36152626975678, -9.508482013718449 ], [ -63.36161737895749, -9.508481919429023 ], [ -63.361617568943814, -9.508662812494828 ], [ -63.361708678191441, -9.508662718179815 ], [ -63.361707918077386, -9.507939145912665 ], [ -63.361799027132626, -9.507939051581202 ], [ -63.361798837065699, -9.507758158511557 ], [ -63.361707728058327, -9.507758252841194 ], [ -63.361707633050209, -9.507667806304759 ], [ -63.361798742033663, -9.507667711976037 ], [ -63.361797221649596, -9.506220567343995 ], [ -63.361888330249243, -9.506220473006133 ], [ -63.361888045132403, -9.505949133377024 ], [ -63.361796936604534, -9.505949227712145 ], [ -63.361796746579216, -9.505768334621905 ], [ -63.361887855059251, -9.505768240288612 ], [ -63.361886144571024, -9.504140202408651 ], [ -63.361612820419936, -9.504140485287959 ], [ -63.361612915367253, -9.504230931843562 ], [ -63.361704023442478, -9.504230837573294 ], [ -63.361704213387803, -9.504411730681271 ], [ -63.361795321509931, -9.504411636385431 ], [ -63.361795511506884, -9.504592529489713 ], [ -63.361704403336901, -9.504592623787381 ], [ -63.361704498312882, -9.504683070339732 ], [ -63.361340065527855, -9.504683447296578 ], [ -63.361340160409085, -9.504773893852112 ], [ -63.361249052186544, -9.504773988032865 ], [ -63.361248767617461, -9.50450264836212 ], [ -63.361430983918062, -9.504502459982339 ], [ -63.36143088901575, -9.504412013426313 ], [ -63.361157564635192, -9.504412295957627 ], [ -63.361156995671706, -9.503869616595219 ], [ -63.361430319621697, -9.503869334080326 ], [ -63.361430224726007, -9.503778887521023 ], [ -63.361339116767532, -9.503778981715486 ], [ -63.361339021896697, -9.503688535154803 ], [ -63.361156806024773, -9.503688723470669 ], [ -63.361154151364033, -9.501156219530488 ], [ -63.361427473161562, -9.501155937097696 ], [ -63.36142756802986, -9.501246383670569 ], [ -63.36188310445975, -9.501245912469896 ], [ -63.361885004415797, -9.50305484373777 ], [ -63.36179389665341, -9.503054938043656 ], [ -63.361793991637228, -9.503145384603052 ], [ -63.361885099423532, -9.503145290296251 ], [ -63.361885289441837, -9.503326183411808 ], [ -63.361976397275036, -9.503326089079437 ], [ -63.361975827087967, -9.502783409732634 ], [ -63.362066934776713, -9.502783315382002 ], [ -63.362066269434088, -9.502150189462505 ], [ -63.362248484473916, -9.502150000702812 ], [ -63.36224838938093, -9.502059554142839 ], [ -63.362430604369145, -9.502059365290009 ], [ -63.362430509229277, -9.501968918731405 ], [ -63.362521616698047, -9.501968824270293 ], [ -63.362521997358883, -9.502330610498261 ], [ -63.362613104922367, -9.502330516009746 ], [ -63.362611581987359, -9.500883371067602 ], [ -63.362520474806487, -9.500883465541468 ], [ -63.36252018935491, -9.500612125848734 ], [ -63.362611296464038, -9.500612031377614 ], [ -63.3626112012915, -9.500521584813351 ], [ -63.362520094206289, -9.500521679283557 ], [ -63.362519903911874, -9.500340786151794 ], [ -63.362611010949273, -9.500340691683418 ], [ -63.362610725443027, -9.500069351985012 ], [ -63.362701832407744, -9.500069257495646 ], [ -63.362701642027162, -9.499888364362866 ], [ -63.362610535110264, -9.4998884588504 ], [ -63.362610439945307, -9.499798012282394 ], [ -63.362701546838295, -9.499797917795775 ], [ -63.362701451650373, -9.499707471228218 ], [ -63.362610344781295, -9.499707565713917 ], [ -63.362609678659751, -9.499074439721499 ], [ -63.362518571957082, -9.499074534177058 ], [ -63.362518286562363, -9.498803194456258 ], [ -63.362700499823305, -9.498803005526897 ], [ -63.362700595001748, -9.498893452099132 ], [ -63.362791701654722, -9.498893357597938 ], [ -63.362791606452376, -9.498802911026617 ], [ -63.362882713080474, -9.498802816502604 ], [ -63.362882617855178, -9.498712369931734 ], [ -63.362973724458428, -9.498712275384904 ], [ -63.362973819707634, -9.498802721954858 ], [ -63.363064926333848, -9.498802627383379 ], [ -63.363065021607909, -9.498893073951949 ], [ -63.362973914957799, -9.498893168524345 ], [ -63.362974010208902, -9.498983615093366 ], [ -63.363247330228127, -9.498983331302229 ], [ -63.363247425551911, -9.499073777868034 ], [ -63.363338532246992, -9.499073683222601 ], [ -63.363338722945215, -9.499254576350967 ], [ -63.363429829687163, -9.499254481679966 ], [ -63.363429925061602, -9.499344928242529 ], [ -63.363338818295752, -9.499345022914451 ], [ -63.363338913647226, -9.499435469477463 ], [ -63.363430020436986, -9.499435374804632 ], [ -63.363430115813337, -9.499525821366257 ], [ -63.363247902185037, -9.49952601069003 ], [ -63.36324799751452, -9.499616457253023 ], [ -63.363156890675043, -9.499616551880221 ], [ -63.363157176597426, -9.499887891569156 ], [ -63.363248283508632, -9.499887796939205 ], [ -63.363248188176321, -9.499797350377612 ], [ -63.363612615716008, -9.499796971624123 ], [ -63.363612424862943, -9.499616078506874 ], [ -63.36352131802726, -9.499616173229013 ], [ -63.363521127225809, -9.499435280108059 ], [ -63.363703340800583, -9.499435090643715 ], [ -63.363703436248663, -9.499525537202592 ], [ -63.363794543058525, -9.499525442433894 ], [ -63.36379444758655, -9.499434995875939 ], [ -63.363885554371571, -9.499434901084433 ], [ -63.363885363382657, -9.499254007968949 ], [ -63.363976470118892, -9.499253913155545 ], [ -63.363976374601961, -9.499163466598022 ], [ -63.363885267889621, -9.49916356141051 ], [ -63.363885172397545, -9.499073114851601 ], [ -63.363794065708163, -9.499073209639437 ], [ -63.363793970240941, -9.498982763079139 ], [ -63.36361175690714, -9.49898295258177 ], [ -63.363611661488676, -9.498892506019171 ], [ -63.363247234905302, -9.498892884735959 ], [ -63.363247139583414, -9.49880243816922 ], [ -63.363156032959111, -9.498802532788167 ], [ -63.363155937662086, -9.498712086220046 ], [ -63.363247044262486, -9.498711991602015 ], [ -63.363246948942511, -9.498621545034343 ], [ -63.363702481810762, -9.498621071592787 ], [ -63.363702290934597, -9.498440178465215 ], [ -63.363975610500709, -9.498439894121002 ], [ -63.363975228472917, -9.498078107871269 ], [ -63.363884122047445, -9.498078202672728 ], [ -63.363884217529069, -9.498168649236783 ], [ -63.363702004627463, -9.498168838770349 ], [ -63.363701909193658, -9.498078392204459 ], [ -63.363337483474673, -9.498078770983136 ], [ -63.363337578812867, -9.498169217552698 ], [ -63.363428685267941, -9.498169122892707 ], [ -63.363428780630983, -9.498259569460885 ], [ -63.363519887109014, -9.498259474776248 ], [ -63.363519791722069, -9.498169028208988 ], [ -63.363610898175239, -9.498168933501534 ], [ -63.363611088997892, -9.498349826633747 ], [ -63.363428875994984, -9.498350016028597 ], [ -63.363428971359916, -9.498440462595838 ], [ -63.363337864833142, -9.498440557258577 ], [ -63.363337960175123, -9.498531003826272 ], [ -63.363246853623473, -9.4985310984662 ], [ -63.363246758305394, -9.498440651897592 ], [ -63.363155651776708, -9.49844074651287 ], [ -63.363155556483484, -9.498350299942876 ], [ -63.363064449977749, -9.498350394533503 ], [ -63.363064354709373, -9.498259947962126 ], [ -63.362973248226595, -9.498260042528107 ], [ -63.362973343471069, -9.498350489100403 ], [ -63.362882236963436, -9.498350583643566 ], [ -63.362882427407399, -9.498531476788584 ], [ -63.362791320851017, -9.498531571309849 ], [ -63.362791225652465, -9.498441124736656 ], [ -63.362700119119026, -9.498441219233273 ], [ -63.36270002394533, -9.4983507726587 ], [ -63.362791130454859, -9.498350678163 ], [ -63.362791035258198, -9.498260231588871 ], [ -63.362882141742865, -9.498260137070353 ], [ -63.362882046523261, -9.498169690496674 ], [ -63.362790940062496, -9.498169785014275 ], [ -63.362790844867732, -9.498079338439211 ], [ -63.362881951304587, -9.498079243922529 ], [ -63.362881856086872, -9.497988797347912 ], [ -63.363064068909942, -9.497988608245183 ], [ -63.363063783119053, -9.497717268524033 ], [ -63.363337102131418, -9.497716984700208 ], [ -63.36333719746581, -9.497807431271642 ], [ -63.363428303825266, -9.49780733661532 ], [ -63.363428399184507, -9.497897783185371 ], [ -63.36370171832889, -9.49789749907127 ], [ -63.363701813760798, -9.497987945638096 ], [ -63.363884026566787, -9.497987756108206 ], [ -63.363883931087067, -9.497897309543218 ], [ -63.364066143841427, -9.497897119920239 ], [ -63.36406633489743, -9.498078013046076 ], [ -63.364248547743607, -9.498077823324495 ], [ -63.364248834478168, -9.498349163004224 ], [ -63.364157727983844, -9.49834925787964 ], [ -63.364158014655253, -9.498620597557917 ], [ -63.364066908088255, -9.498620692412359 ], [ -63.36406700362339, -9.498711138971768 ], [ -63.364431429981288, -9.498710759407933 ], [ -63.364431334350535, -9.4986203128522 ], [ -63.364704654037247, -9.498620027932889 ], [ -63.364706376827677, -9.500248065814777 ], [ -63.364797483818357, -9.500247970777631 ], [ -63.364796430702278, -9.499253058766836 ], [ -63.364887537428999, -9.499252963716089 ], [ -63.364887441672991, -9.499162517167768 ], [ -63.36479633497018, -9.499162612217598 ], [ -63.36479566487214, -9.498529486359802 ], [ -63.364886771407605, -9.498529391316419 ], [ -63.36488657991179, -9.498348498211827 ], [ -63.364977686398497, -9.498348403146556 ], [ -63.364977494858685, -9.498167510041933 ], [ -63.365068601296642, -9.498167414954773 ], [ -63.365068697089974, -9.498257861506394 ], [ -63.365342016469782, -9.498257576099761 ], [ -63.365341920604735, -9.498167129550906 ], [ -63.365433027038861, -9.498167034368819 ], [ -63.365432931150863, -9.498076587820416 ], [ -63.365341824740639, -9.498076683001578 ], [ -63.365341153718731, -9.497443557143209 ], [ -63.365158941230085, -9.497443747421432 ], [ -63.365159037039682, -9.497534193975872 ], [ -63.365067930770032, -9.497534289080312 ], [ -63.365067451851075, -9.49708205629881 ], [ -63.365158558001212, -9.497081961198983 ], [ -63.365158653807001, -9.497172407755293 ], [ -63.365249759980102, -9.497172312630815 ], [ -63.365249855810738, -9.497262759185737 ], [ -63.365432068201876, -9.497262568863745 ], [ -63.365431972323414, -9.497172122310664 ], [ -63.365523078493659, -9.497172027114999 ], [ -63.36552298259226, -9.497081580562375 ], [ -63.365887407168017, -9.497081199546107 ] ], [ [ -63.363975801520311, -9.498620787243066 ], [ -63.363884694951416, -9.498620882050039 ], [ -63.363884790438746, -9.498711328611286 ], [ -63.363793683844982, -9.498711423395449 ], [ -63.363793779309354, -9.498801869957143 ], [ -63.363975992543722, -9.498801680363254 ], [ -63.363975801520311, -9.498620787243066 ] ], [ [ -63.363520364058012, -9.498711707605532 ], [ -63.363429257460453, -9.498711802294761 ], [ -63.363429352829193, -9.49880224886013 ], [ -63.363520459450655, -9.498802154169979 ], [ -63.363520364058012, -9.498711707605532 ] ], [ [ -63.362883284452224, -9.499345495918018 ], [ -63.362792177680667, -9.499345590447525 ], [ -63.362792368097693, -9.499526483584088 ], [ -63.362883474917055, -9.499526389052747 ], [ -63.362883284452224, -9.499345495918018 ] ], [ [ -63.363885649867441, -9.499525347641468 ], [ -63.363794543058525, -9.499525442433894 ], [ -63.363794638531459, -9.499615888991384 ], [ -63.363885745364286, -9.499615794198037 ], [ -63.363885649867441, -9.499525347641468 ] ], [ [ -63.362883570150906, -9.499616835619408 ], [ -63.362701356463397, -9.499617024660187 ], [ -63.362701451650373, -9.499707471228218 ], [ -63.362883665385695, -9.499707282185604 ], [ -63.362883570150906, -9.499616835619408 ] ], [ [ -63.363339390418886, -9.499887702285518 ], [ -63.363248283508632, -9.499887796939205 ], [ -63.363248474176132, -9.500068690060989 ], [ -63.363339581134206, -9.500068595405466 ], [ -63.363339390418886, -9.499887702285518 ] ], [ [ -63.363612806572874, -9.499977864739497 ], [ -63.363521699641559, -9.499977959465308 ], [ -63.363521795047511, -9.500068406023216 ], [ -63.363612902002735, -9.500068311296484 ], [ -63.363612806572874, -9.499977864739497 ] ], [ [ -63.363430688091327, -9.50006850072621 ], [ -63.363339581134206, -9.500068595405466 ], [ -63.363339771853319, -9.500249488523542 ], [ -63.363430878858267, -9.50024939384245 ], [ -63.363430688091327, -9.50006850072621 ] ], [ [ -63.363339771853319, -9.500249488523542 ], [ -63.363157557840566, -9.500249677814516 ], [ -63.363157748467842, -9.500430570934389 ], [ -63.3632488555225, -9.500430476298936 ], [ -63.363248760184483, -9.500340029740151 ], [ -63.3633398672143, -9.500339935081877 ], [ -63.363339771853319, -9.500249488523542 ] ], [ [ -63.364797579561895, -9.500338417321259 ], [ -63.364706472547319, -9.500338512359329 ], [ -63.364706855435394, -9.500700298532848 ], [ -63.364615748324205, -9.500700393550858 ], [ -63.3646165139548, -9.501423965882811 ], [ -63.364707621257288, -9.501423870857433 ], [ -63.364707334066928, -9.501152531239223 ], [ -63.364798441296713, -9.501152436192866 ], [ -63.364797579561895, -9.500338417321259 ] ], [ [ -63.363522272091515, -9.500520638805721 ], [ -63.363431165015783, -9.500520733513302 ], [ -63.363431260403523, -9.500611180069315 ], [ -63.363522367503165, -9.500611085360818 ], [ -63.363522272091515, -9.500520638805721 ] ], [ [ -63.364524832566183, -9.500881381632771 ], [ -63.364433725405263, -9.500881476605148 ], [ -63.364433821059833, -9.500971923149185 ], [ -63.364524928244656, -9.500971828175887 ], [ -63.364524832566183, -9.500881381632771 ] ], [ [ -63.364343000771754, -9.501243357730806 ], [ -63.36397857173219, -9.501243737302687 ], [ -63.363978667271006, -9.501334183849449 ], [ -63.364069774556228, -9.50133408899117 ], [ -63.364069870119913, -9.501424535536547 ], [ -63.363978762810767, -9.501424630395745 ], [ -63.363978858351487, -9.501515076941571 ], [ -63.364252180347819, -9.501514792289997 ], [ -63.364252084735355, -9.50142434574693 ], [ -63.364343192041652, -9.501424250816509 ], [ -63.364343000771754, -9.501243357730806 ] ], [ [ -63.364525310968119, -9.501333614343672 ], [ -63.364434203687651, -9.501333709320651 ], [ -63.364434395007272, -9.501514602403578 ], [ -63.364525502335567, -9.501514507424758 ], [ -63.364525310968119, -9.501333614343672 ] ], [ [ -63.363796452697684, -9.501334373494791 ], [ -63.363614238120554, -9.501334563045171 ], [ -63.363614429009736, -9.501515456144645 ], [ -63.363796643682512, -9.501515266590589 ], [ -63.363796452697684, -9.501334373494791 ] ], [ [ -63.364434395007272, -9.501514602403578 ], [ -63.364343287678018, -9.501514697358656 ], [ -63.364343383315337, -9.501605143900338 ], [ -63.364434490668515, -9.50160504894434 ], [ -63.364434395007272, -9.501514602403578 ] ], [ [ -63.363887751017472, -9.50151517177795 ], [ -63.363796643682512, -9.501515266590589 ], [ -63.363796834671149, -9.501696159684514 ], [ -63.363887942053942, -9.501696064870037 ], [ -63.363887751017472, -9.50151517177795 ] ], [ [ -63.364343383315337, -9.501605143900338 ], [ -63.364252275961221, -9.501605238832598 ], [ -63.364252371575589, -9.501695685374729 ], [ -63.364343478953622, -9.50169559044155 ], [ -63.364343383315337, -9.501605143900338 ] ], [ [ -63.363979049435777, -9.50169597003182 ], [ -63.363887942053942, -9.501696064870037 ], [ -63.363888037573595, -9.50178651141538 ], [ -63.363979144979346, -9.501786416576246 ], [ -63.363979049435777, -9.50169597003182 ] ], [ [ -63.364070252384153, -9.50178632171337 ], [ -63.363979144979346, -9.501786416576246 ], [ -63.363979240523875, -9.501876863120199 ], [ -63.364070347952598, -9.501876768256407 ], [ -63.364070252384153, -9.50178632171337 ] ], [ [ -63.364708099926951, -9.501876103545092 ], [ -63.364616992504899, -9.501876198575076 ], [ -63.364617183931607, -9.502057091648702 ], [ -63.364708291401485, -9.502056996616879 ], [ -63.364708099926951, -9.501876103545092 ] ], [ [ -63.364252945281763, -9.502238364617702 ], [ -63.364161837759276, -9.502238459532659 ], [ -63.364161933356399, -9.502328906072435 ], [ -63.364253040902788, -9.502328811156561 ], [ -63.364252945281763, -9.502238364617702 ] ], [ [ -63.363068642725558, -9.502330043211041 ], [ -63.362977535166813, -9.502330137818266 ], [ -63.362977630453983, -9.502420584369508 ], [ -63.363068738036645, -9.50242048976137 ], [ -63.363068642725558, -9.502330043211041 ] ], [ [ -63.363979813810992, -9.502419542374108 ], [ -63.363797598663723, -9.502419732041499 ], [ -63.363797694167083, -9.502510178584016 ], [ -63.363979909362186, -9.502509988914788 ], [ -63.363979813810992, -9.502419542374108 ] ], [ [ -63.36343316835778, -9.502420111091372 ], [ -63.363342060778926, -9.502420205794484 ], [ -63.363342156162688, -9.50251065234159 ], [ -63.363433263765465, -9.50251055763756 ], [ -63.36343316835778, -9.502420111091372 ] ], [ [ -63.362522092526461, -9.502421057054086 ], [ -63.362430984938115, -9.502421151519771 ], [ -63.362431175228281, -9.502602044631843 ], [ -63.362340067591155, -9.502602139075616 ], [ -63.362340257837268, -9.502783032187647 ], [ -63.362431365522227, -9.502782937742044 ], [ -63.362431650970265, -9.50305427740383 ], [ -63.362522758726037, -9.503054182931736 ], [ -63.36252304425436, -9.50332552258657 ], [ -63.36261415208093, -9.503325428087987 ], [ -63.362613295306303, -9.502511409119091 ], [ -63.362522187694992, -9.502511503609437 ], [ -63.362522092526461, -9.502421057054086 ] ], [ [ -63.364617662515052, -9.50250932432459 ], [ -63.364526554924645, -9.502509419337276 ], [ -63.364526746316862, -9.502690312406193 ], [ -63.364617853955103, -9.502690217391669 ], [ -63.364617662515052, -9.50250932432459 ] ], [ [ -63.364071016958306, -9.502509894044559 ], [ -63.363979909362186, -9.502509988914788 ], [ -63.363980004914318, -9.502600435454998 ], [ -63.363888897293322, -9.502600530302404 ], [ -63.363888992822488, -9.502690976843066 ], [ -63.364071208111355, -9.502690787122676 ], [ -63.364071016958306, -9.502509894044559 ] ], [ [ -63.363615478968171, -9.502510368158275 ], [ -63.363524371367298, -9.50251046290979 ], [ -63.363524466799852, -9.502600909454591 ], [ -63.363615574424649, -9.502600814702161 ], [ -63.363615478968171, -9.502510368158275 ] ], [ [ -63.365619941929253, -9.502598724141675 ], [ -63.365528834325424, -9.502598819416452 ], [ -63.365528930285087, -9.502689265940539 ], [ -63.365620037912834, -9.502689170664842 ], [ -63.365619941929253, -9.502598724141675 ] ], [ [ -63.364709153084085, -9.502871015416765 ], [ -63.364618045398963, -9.502871110456876 ], [ -63.364618141122321, -9.502961556988778 ], [ -63.364709248831367, -9.502961461947745 ], [ -63.364709153084085, -9.502871015416765 ] ], [ [ -63.364618236846638, -9.503052003520212 ], [ -63.364527129112723, -9.503052098538419 ], [ -63.36452732051638, -9.50323299160172 ], [ -63.364618428298115, -9.503232896581673 ], [ -63.364618236846638, -9.503052003520212 ] ], [ [ -63.36316051298985, -9.503053520962247 ], [ -63.362978297490649, -9.503053710215106 ], [ -63.362978488081083, -9.503234603309638 ], [ -63.362887380282224, -9.503234697902286 ], [ -63.362887475554949, -9.503325144449764 ], [ -63.362978583377732, -9.503325049856203 ], [ -63.362978678675319, -9.503415496402299 ], [ -63.363069786521073, -9.503415401784071 ], [ -63.363069595878997, -9.503234508693245 ], [ -63.363160703675959, -9.503234414053107 ], [ -63.36316051298985, -9.503053520962247 ] ], [ [ -63.364345009295562, -9.503142735037329 ], [ -63.364253901534866, -9.503142829985224 ], [ -63.364254092796912, -9.503323723053112 ], [ -63.364345200605442, -9.503323628103377 ], [ -63.364345009295562, -9.503142735037329 ] ], [ [ -63.361885289441837, -9.503326183411808 ], [ -63.361794181607699, -9.503326277720435 ], [ -63.361794561559975, -9.503688063949586 ], [ -63.361976777418676, -9.50368787530128 ], [ -63.361976587344962, -9.503506982191295 ], [ -63.361885479463922, -9.503507076525493 ], [ -63.361885289441837, -9.503326183411808 ] ], [ [ -63.364618619753429, -9.503413789641264 ], [ -63.364436404093297, -9.5034139796613 ], [ -63.364436499774534, -9.503504426192237 ], [ -63.3646187154825, -9.503504236170361 ], [ -63.364618619753429, -9.503413789641264 ] ], [ [ -63.362614247282842, -9.503415874637746 ], [ -63.362523139432355, -9.503415969137244 ], [ -63.362523520153836, -9.503777755335268 ], [ -63.36261462809999, -9.503777660832105 ], [ -63.362614247282842, -9.503415874637746 ] ], [ [ -63.364345391919123, -9.503504521167555 ], [ -63.364254284062774, -9.503504616119132 ], [ -63.36425437969713, -9.503595062651437 ], [ -63.36416327181589, -9.503595157580188 ], [ -63.364163558652919, -9.503866497177055 ], [ -63.364345774557947, -9.503866307290297 ], [ -63.364345391919123, -9.503504521167555 ] ], [ [ -63.364527703335106, -9.503594777722718 ], [ -63.364436595456731, -9.503594872722703 ], [ -63.364436691139872, -9.503685319252698 ], [ -63.364527799042165, -9.503685224251795 ], [ -63.364527703335106, -9.503594777722718 ] ], [ [ -63.363161085059581, -9.503596200229223 ], [ -63.363069977166944, -9.503596294873027 ], [ -63.363070072491297, -9.503686741416802 ], [ -63.36316118040785, -9.503686646772081 ], [ -63.363161085059581, -9.503596200229223 ] ], [ [ -63.364619002675454, -9.503775575754833 ], [ -63.364527894750182, -9.503775670780406 ], [ -63.364527990459159, -9.503866117308549 ], [ -63.36461909840834, -9.503866022282056 ], [ -63.364619002675454, -9.503775575754833 ] ], [ [ -63.363981247178621, -9.503776240435172 ], [ -63.363890139246699, -9.503776335294521 ], [ -63.363890234788229, -9.503866781829103 ], [ -63.363799126831438, -9.503866876665626 ], [ -63.363799222349996, -9.503957323200655 ], [ -63.363890330330719, -9.503957228363214 ], [ -63.363890425874153, -9.504047674896855 ], [ -63.36398153387784, -9.504047580034747 ], [ -63.363981247178621, -9.503776240435172 ] ], [ [ -63.362523615336563, -9.503868201883602 ], [ -63.362432507365533, -9.503868296363933 ], [ -63.362432602525296, -9.503958742912715 ], [ -63.36252371052025, -9.503958648431469 ], [ -63.362523615336563, -9.503868201883602 ] ], [ [ -63.364345965883054, -9.504047200348854 ], [ -63.364163749882358, -9.504047390239295 ], [ -63.364163845498496, -9.504137836769715 ], [ -63.364346061547053, -9.504137646877435 ], [ -63.364345965883054, -9.504047200348854 ] ], [ [ -63.363799317869521, -9.504047769735218 ], [ -63.363617101857393, -9.504047959340696 ], [ -63.363617388278115, -9.504319298947086 ], [ -63.363708496356416, -9.504319204153466 ], [ -63.363708400857973, -9.504228757619391 ], [ -63.363799508911391, -9.504228662802937 ], [ -63.363799317869521, -9.504047769735218 ] ], [ [ -63.362523805704882, -9.504049094978868 ], [ -63.362432697686017, -9.504049189461027 ], [ -63.362432983173825, -9.504320529103165 ], [ -63.362524091264476, -9.504320434618259 ], [ -63.362523805704882, -9.504049094978868 ] ], [ [ -63.364072737472796, -9.504137931680233 ], [ -63.363981629446144, -9.504138026567006 ], [ -63.3639817250154, -9.504228473098795 ], [ -63.364072833065968, -9.504228378211103 ], [ -63.364072737472796, -9.504137931680233 ] ], [ [ -63.363526089298603, -9.504138500644666 ], [ -63.363434981266252, -9.504138595388959 ], [ -63.363435267546301, -9.504409934999449 ], [ -63.363526375650416, -9.504409840252404 ], [ -63.363526089298603, -9.504138500644666 ] ], [ [ -63.364255240449168, -9.504409081421135 ], [ -63.364164132352656, -9.504409176358159 ], [ -63.364164227972594, -9.504499622886707 ], [ -63.364073119851213, -9.504499717800904 ], [ -63.364073215448208, -9.504590164329903 ], [ -63.364255431737867, -9.504589974475921 ], [ -63.364255240449168, -9.504409081421135 ] ], [ [ -63.363799795481356, -9.504500002401009 ], [ -63.363708687356159, -9.504500097220212 ], [ -63.363708782857465, -9.504590543752887 ], [ -63.363799891006565, -9.504590448932763 ], [ -63.363799795481356, -9.504500002401009 ] ], [ [ -63.363617579230016, -9.504500192015673 ], [ -63.363526471102936, -9.504500286787383 ], [ -63.363526662010791, -9.504681179855933 ], [ -63.363708878359709, -9.504680990285092 ], [ -63.363708782857465, -9.504590543752887 ], [ -63.363617674707392, -9.504590638549262 ], [ -63.363617579230016, -9.504500192015673 ] ], [ [ -63.362615389779791, -9.504501233198361 ], [ -63.362524281642258, -9.504501327708844 ], [ -63.36252447202385, -9.504682220797557 ], [ -63.362615580209216, -9.504682126285243 ], [ -63.362615389779791, -9.504501233198361 ] ], [ [ -63.362524567216056, -9.504772667341214 ], [ -63.362433459005814, -9.504772761830699 ], [ -63.362434410740825, -9.50567722725066 ], [ -63.362525519190299, -9.505677132752025 ], [ -63.362525709596518, -9.505858025828569 ], [ -63.362616818092903, -9.505857931304353 ], [ -63.362616532413213, -9.505586591691578 ], [ -63.362525423988615, -9.50558668621305 ], [ -63.362524567216056, -9.504772667341214 ] ], [ [ -63.363071407131947, -9.504952992980511 ], [ -63.362980298879556, -9.50495308761432 ], [ -63.36298039419421, -9.505043534151991 ], [ -63.36307150247054, -9.505043439517269 ], [ -63.363071407131947, -9.504952992980511 ] ], [ [ -63.363162706109371, -9.505133791394167 ], [ -63.363071597810084, -9.505133886053558 ], [ -63.363071788492007, -9.505314779124726 ], [ -63.363162896839157, -9.505314684463501 ], [ -63.363162706109371, -9.505133791394167 ] ], [ [ -63.363891763582103, -9.505313926318724 ], [ -63.363800655242564, -9.505314021169944 ], [ -63.363800941846748, -9.505585360751169 ], [ -63.363983158668425, -9.505585171019463 ], [ -63.363982967502317, -9.505404277969456 ], [ -63.363891859139805, -9.505404372845346 ], [ -63.363891763582103, -9.505313926318724 ] ], [ [ -63.362525709596518, -9.505858025828569 ], [ -63.362434601099196, -9.505858120329036 ], [ -63.362434696279799, -9.505948566867524 ], [ -63.362525804801052, -9.505948472366139 ], [ -63.362525709596518, -9.505858025828569 ] ], [ [ -63.362525995212948, -9.506129365439877 ], [ -63.362434886643847, -9.506129459943088 ], [ -63.362435172197038, -9.50640079955293 ], [ -63.362526280837919, -9.506400705046971 ], [ -63.362525995212948, -9.506129365439877 ] ], [ [ -63.362617389477847, -9.506400610517263 ], [ -63.362526280837919, -9.506400705046971 ], [ -63.36252637604813, -9.506491151581733 ], [ -63.362435267383326, -9.506491246088604 ], [ -63.36243545775875, -9.506672139158555 ], [ -63.362526566471409, -9.506672044649852 ], [ -63.362526471259294, -9.506581598116028 ], [ -63.362617579947077, -9.506581503584487 ], [ -63.362617389477847, -9.506400610517263 ] ], [ [ -63.362162131615079, -9.506672422542142 ], [ -63.362071022898633, -9.506672516955833 ], [ -63.362071117992052, -9.506762963493763 ], [ -63.36216222673243, -9.506762869079161 ], [ -63.362162131615079, -9.506672422542142 ] ], [ [ -63.362982205353184, -9.50676201827882 ], [ -63.36289109662134, -9.506762112907206 ], [ -63.362891191931055, -9.506852559436433 ], [ -63.362982300686831, -9.50685246480713 ], [ -63.362982205353184, -9.50676201827882 ] ], [ [ -63.362435552947879, -9.50676258569283 ], [ -63.362253335471863, -9.506762774640803 ], [ -63.362253525757247, -9.506943667711603 ], [ -63.362344634543597, -9.506943573247662 ], [ -63.36234472971163, -9.507034019781447 ], [ -63.362435838520952, -9.507033925292838 ], [ -63.362435552947879, -9.50676258569283 ] ], [ [ -63.363073409441661, -9.506852370154075 ], [ -63.362982300686831, -9.50685246480713 ], [ -63.362982396021422, -9.506942911334971 ], [ -63.363073504800177, -9.506942816680997 ], [ -63.363073409441661, -9.506852370154075 ] ], [ [ -63.363893483766233, -9.506941963726321 ], [ -63.363802374996034, -9.506942058594079 ], [ -63.363802470546929, -9.507032505113196 ], [ -63.363620252955805, -9.507032694779284 ], [ -63.363620157452765, -9.506942248258333 ], [ -63.363437939905708, -9.506942437827574 ], [ -63.363438035360879, -9.507032884350359 ], [ -63.363529144158818, -9.507032789576698 ], [ -63.363529239638879, -9.507123236098101 ], [ -63.363711457279756, -9.507123046477682 ], [ -63.363711552808631, -9.507213492996785 ], [ -63.363984879334602, -9.507213208385243 ], [ -63.363984688134245, -9.507032315352088 ], [ -63.363893579341067, -9.50703241024452 ], [ -63.363893483766233, -9.506941963726321 ] ], [ [ -63.363164613577986, -9.506942722003272 ], [ -63.363073504800177, -9.506942816680997 ], [ -63.363073600159645, -9.507033263207454 ], [ -63.363164708961385, -9.507033168528814 ], [ -63.363164613577986, -9.506942722003272 ] ], [ [ -63.362527137763962, -9.507214723842976 ], [ -63.362436028907744, -9.50721481835717 ], [ -63.362436124102565, -9.507305264888634 ], [ -63.362527232982714, -9.507305170373524 ], [ -63.362527137763962, -9.507214723842976 ] ], [ [ -63.362618341861918, -9.50730507583466 ], [ -63.362527232982714, -9.507305170373524 ], [ -63.362527328202397, -9.507395616903606 ], [ -63.362618437105546, -9.507395522363828 ], [ -63.362618341861918, -9.50730507583466 ] ], [ [ -63.362527518644626, -9.507576509962364 ], [ -63.362436409692684, -9.507576604480219 ], [ -63.362436504891292, -9.507667051009808 ], [ -63.362527613867165, -9.50766695649104 ], [ -63.362527518644626, -9.507576509962364 ] ], [ [ -63.362527804315071, -9.507847849546986 ], [ -63.362436695291343, -9.507847944067587 ], [ -63.362436790492787, -9.507938390595776 ], [ -63.362527899540446, -9.50793829607426 ], [ -63.362527804315071, -9.507847849546986 ] ], [ [ -63.363712317073784, -9.507937065132714 ], [ -63.363621208038445, -9.507937159963067 ], [ -63.363621303551945, -9.508027606478867 ], [ -63.363712412611193, -9.508027511647597 ], [ -63.363712317073784, -9.507937065132714 ] ], [ [ -63.363530099002176, -9.507937254769658 ], [ -63.36334788092676, -9.507937444311576 ], [ -63.363347976368466, -9.508027890830132 ], [ -63.36325686730541, -9.508027985566372 ], [ -63.363257153564412, -9.508299325121984 ], [ -63.363074935291856, -9.508299514528698 ], [ -63.363075126040215, -9.508480407567102 ], [ -63.362984016854647, -9.508480502236653 ], [ -63.362984112206327, -9.508570948756068 ], [ -63.362893002995868, -9.50857104340278 ], [ -63.362893098324562, -9.508661489922645 ], [ -63.363257535256366, -9.508661111189578 ], [ -63.363257630681737, -9.508751557705306 ], [ -63.36316652142628, -9.508751652425126 ], [ -63.363166712231994, -9.508932545457009 ], [ -63.362984493622491, -9.508932734829044 ], [ -63.362984588978904, -9.509023181346118 ], [ -63.362802370317731, -9.509023370624949 ], [ -63.362802465627226, -9.509113817143385 ], [ -63.362893574982216, -9.509113722514936 ], [ -63.362893670316595, -9.509204169031992 ], [ -63.363258107822801, -9.509203790276921 ], [ -63.363257916963526, -9.509022897249677 ], [ -63.363531244939615, -9.509022612939406 ], [ -63.363531340440574, -9.509113059450508 ], [ -63.363622449787975, -9.50911296463198 ], [ -63.363622545313824, -9.509203411141698 ], [ -63.363713654684197, -9.509203316298493 ], [ -63.363713463585583, -9.509022423280427 ], [ -63.363622354263079, -9.509022518121794 ], [ -63.363622258739127, -9.508932071611142 ], [ -63.363713368037708, -9.508931976770693 ], [ -63.363713081399773, -9.50866063723868 ], [ -63.363804190625594, -9.508660542377227 ], [ -63.363804095057588, -9.508570095866538 ], [ -63.363712985855692, -9.508570190727076 ], [ -63.36371289031257, -9.508479744214997 ], [ -63.363621781133652, -9.508479839050858 ], [ -63.363621685615414, -9.508389392537396 ], [ -63.3637127947704, -9.508389297702456 ], [ -63.363712699229168, -9.508298851189444 ], [ -63.363621590098113, -9.508298946023466 ], [ -63.363621303551945, -9.508027606478867 ], [ -63.363530194491737, -9.508027701286377 ], [ -63.363530099002176, -9.507937254769658 ] ], [ [ -63.362527994766779, -9.508028742601061 ], [ -63.362436885695189, -9.508028837123494 ], [ -63.362436980898522, -9.508119283650743 ], [ -63.362345871802049, -9.508119378150331 ], [ -63.362345966982396, -9.50820982467803 ], [ -63.362437076102808, -9.508209730177525 ], [ -63.362437171308045, -9.508300176703841 ], [ -63.362528280451436, -9.508300082178664 ], [ -63.362527994766779, -9.508028742601061 ] ], [ [ -63.364623694707774, -9.508207455038271 ], [ -63.364532585610178, -9.508207550108944 ], [ -63.364532681365823, -9.50829799661415 ], [ -63.364623790487364, -9.508297901542557 ], [ -63.364623694707774, -9.508207455038271 ] ], [ [ -63.362619389593881, -9.508299987629732 ], [ -63.362528280451436, -9.508300082178664 ], [ -63.362528375681542, -9.508390528703593 ], [ -63.362619484847919, -9.508390434153744 ], [ -63.362619389593881, -9.508299987629732 ] ], [ [ -63.361343861513561, -9.508301309152879 ], [ -63.361252752357871, -9.508301403369208 ], [ -63.361252847252942, -9.508391849906932 ], [ -63.361343956432556, -9.50839175568969 ], [ -63.361343861513561, -9.508301309152879 ] ], [ [ -63.362710784572151, -9.508571232624934 ], [ -63.362619675358857, -9.508571327200372 ], [ -63.362619865873583, -9.508752220245123 ], [ -63.362528756611475, -9.508752314798636 ], [ -63.362528851846328, -9.508842761321226 ], [ -63.362437742559351, -9.508842855851892 ], [ -63.362437837771218, -9.508933302374928 ], [ -63.36252894708214, -9.508933207843345 ], [ -63.362529042318883, -9.509023654364999 ], [ -63.362620151652784, -9.509023559808741 ], [ -63.362619961132367, -9.508842666766796 ], [ -63.362711070417454, -9.508842572188613 ], [ -63.362710784572151, -9.508571232624934 ] ], [ [ -63.364259736740479, -9.50866006771358 ], [ -63.364168627519398, -9.508660162693827 ], [ -63.3641687231841, -9.508750609200369 ], [ -63.364259832429099, -9.508750514219205 ], [ -63.364259736740479, -9.50866006771358 ] ], [ [ -63.362529042318883, -9.509023654364999 ], [ -63.362437932984029, -9.509023748897496 ], [ -63.362438313844756, -9.509385534983087 ], [ -63.362529423275348, -9.509385440446932 ], [ -63.362529042318883, -9.509023654364999 ] ], [ [ -63.363804764053626, -9.509203221431529 ], [ -63.363713654684197, -9.509203316298493 ], [ -63.363713750234929, -9.509293762806822 ], [ -63.36362264084061, -9.509293857650945 ], [ -63.36362273636837, -9.509384304159726 ], [ -63.363531626949168, -9.509384398981004 ], [ -63.363531531445354, -9.509293952471307 ], [ -63.363258203253864, -9.509294236789838 ], [ -63.363258298685878, -9.509384683302288 ], [ -63.363076079838933, -9.50938487273101 ], [ -63.363076175224023, -9.509475319244826 ], [ -63.363805050780464, -9.509474560952354 ], [ -63.363804764053626, -9.509203221431529 ] ], [ [ -63.363075984454788, -9.509294426216726 ], [ -63.362802656249066, -9.50929471017886 ], [ -63.362802942188935, -9.509566049728555 ], [ -63.362894051663588, -9.509565955095521 ], [ -63.362893956325422, -9.509475508580339 ], [ -63.362985065775192, -9.509475413924463 ], [ -63.362984970414047, -9.50938496740973 ], [ -63.363076079838933, -9.50938487273101 ], [ -63.363075984454788, -9.509294426216726 ] ], [ [ -63.362164985547331, -9.509385818449006 ], [ -63.362073876112952, -9.509385912890126 ], [ -63.362074066357529, -9.50956680593743 ], [ -63.362165175839763, -9.509566711494484 ], [ -63.362164985547331, -9.509385818449006 ] ], [ [ -63.362802942188935, -9.509566049728555 ], [ -63.362711832713323, -9.509566144337825 ], [ -63.362711928004572, -9.50965659085437 ], [ -63.362803037504115, -9.509656496244183 ], [ -63.362802942188935, -9.509566049728555 ] ], [ [ -63.362620723236766, -9.509566238923336 ], [ -63.362529613759257, -9.509566333485086 ], [ -63.362529709002636, -9.509656780003462 ], [ -63.362620818504091, -9.509656685440797 ], [ -63.362620723236766, -9.509566238923336 ] ], [ [ -63.363531913466304, -9.509655738507288 ], [ -63.363349694481457, -9.509655928084078 ], [ -63.363349885401895, -9.509836821102926 ], [ -63.363623214021359, -9.509836536696598 ], [ -63.36362311848886, -9.509746090190157 ], [ -63.36353200897392, -9.509746185015111 ], [ -63.363531913466304, -9.509655738507288 ] ], [ [ -63.363167475492801, -9.509656117565823 ], [ -63.363076365997053, -9.509656212271056 ], [ -63.363076461384992, -9.509746658783463 ], [ -63.363167570904686, -9.509746564077318 ], [ -63.363167475492801, -9.509656117565823 ] ], [ [ -63.363896447027969, -9.509745805572731 ], [ -63.363805337515878, -9.509745900468969 ], [ -63.363805433096246, -9.50983634697357 ], [ -63.363896542632276, -9.509836252076413 ], [ -63.363896447027969, -9.509745805572731 ] ], [ [ -63.362529804246968, -9.50974722652137 ], [ -63.362438694720645, -9.509747321061186 ], [ -63.362438885164266, -9.509928214097428 ], [ -63.362529994738466, -9.509928119555779 ], [ -63.362529804246968, -9.50974722652137 ] ] ] } },
{ "type": "Feature", "properties": { "area_m2": 1769900.0 }, "geometry": { "type": "Polygon", "coordinates": [ [ [ -63.45352687410265, -9.493812945122144 ], [ -63.453526993051291, -9.493903390692335 ], [ -63.453709201647911, -9.493903154466572 ], [ -63.453709320645515, -9.493993600034001 ], [ -63.453800424965941, -9.493993481884397 ], [ -63.453800543988621, -9.494083927450211 ], [ -63.453891648331762, -9.49408380927574 ], [ -63.453891767379531, -9.494174254839944 ], [ -63.454073976110024, -9.494174018417542 ], [ -63.454074214304683, -9.494354909539956 ], [ -63.45416531871593, -9.494354791290883 ], [ -63.454165437838938, -9.494445236850245 ], [ -63.454256542272901, -9.494445118576301 ], [ -63.454256780570248, -9.494626009691325 ], [ -63.454165676088486, -9.494626127967559 ], [ -63.454165914342795, -9.494807019083 ], [ -63.454348123400699, -9.494806782502222 ], [ -63.454348004225167, -9.494716336947029 ], [ -63.454439108728437, -9.494716218622203 ], [ -63.454439466330285, -9.494987555282941 ], [ -63.454530570904055, -9.49498743693095 ], [ -63.454530928588291, -9.49525877358403 ], [ -63.45462203323256, -9.495258655204875 ], [ -63.454622152486913, -9.49534910075382 ], [ -63.454531047818747, -9.495349219134123 ], [ -63.454531167050391, -9.495439664683744 ], [ -63.454348957662702, -9.495439901375471 ], [ -63.454349076847741, -9.49553034692692 ], [ -63.454257972128218, -9.49553046523835 ], [ -63.45425821045405, -9.495711356342134 ], [ -63.45453152475244, -9.495711001329804 ], [ -63.454532120946268, -9.496163229063869 ], [ -63.454258806289431, -9.496163584093413 ], [ -63.45425904463189, -9.496344475190647 ], [ -63.45389462488162, -9.496344948240385 ], [ -63.453894743959026, -9.496435393792884 ], [ -63.453803638994586, -9.496435511997152 ], [ -63.453803519941083, -9.496345066443507 ], [ -63.453712414999366, -9.496345184622898 ], [ -63.45371253402898, -9.496435630177691 ], [ -63.453621429062174, -9.496435748334505 ], [ -63.453621548069073, -9.496526193889972 ], [ -63.453530443077177, -9.496526312024207 ], [ -63.453530562061374, -9.496616757580354 ], [ -63.453439457044389, -9.496616875692004 ], [ -63.453440051863623, -9.497069103471434 ], [ -63.453622262135383, -9.497068867212954 ], [ -63.453622381150581, -9.497159312765147 ], [ -63.453713486308587, -9.497159194599172 ], [ -63.453713367269486, -9.497068749048125 ], [ -63.453986682664684, -9.497068394411265 ], [ -63.453987040000662, -9.497339731052685 ], [ -63.454078145201727, -9.497339612789506 ], [ -63.454078264339984, -9.497430058334565 ], [ -63.454169369563772, -9.497429940046509 ], [ -63.454169607891664, -9.497610831132924 ], [ -63.454260713162057, -9.497610712818846 ], [ -63.454260355600297, -9.497339376191956 ], [ -63.454169250401605, -9.497339494502597 ], [ -63.454169131240619, -9.497249048958217 ], [ -63.45407802606465, -9.49724916724398 ], [ -63.454077906928752, -9.497158721697984 ], [ -63.454169012080833, -9.497158603413366 ], [ -63.454168773764799, -9.496977712322268 ], [ -63.454350983969789, -9.496977475686437 ], [ -63.454350864765757, -9.496887030142481 ], [ -63.45444196984257, -9.496886911790122 ], [ -63.454442089070497, -9.496977357332934 ], [ -63.45462429926836, -9.496977120554739 ], [ -63.454624179992628, -9.496886675014222 ], [ -63.454715285065866, -9.496886556590679 ], [ -63.45471504647017, -9.496705665510538 ], [ -63.454897256517498, -9.496705428596869 ], [ -63.454897017830952, -9.496524537519445 ], [ -63.45498812280502, -9.496524419029319 ], [ -63.454988003439631, -9.496433973491051 ], [ -63.455079108388624, -9.496433854978347 ], [ -63.455079227777922, -9.496524300515462 ], [ -63.455170332749624, -9.496524181977883 ], [ -63.455170452163998, -9.496614627513381 ], [ -63.455261557158423, -9.496614508950923 ], [ -63.455261915480385, -9.496885845551162 ], [ -63.455170810414288, -9.496885964117064 ], [ -63.455170690996326, -9.496795518582971 ], [ -63.454897375862558, -9.496795874134875 ], [ -63.454897495208797, -9.496886319672418 ], [ -63.454806390137925, -9.496886438143411 ], [ -63.45480650946147, -9.496976883681631 ], [ -63.454715404365508, -9.496977002130047 ], [ -63.45471552366633, -9.497067447668945 ], [ -63.454806628786187, -9.497067329219382 ], [ -63.45480686743921, -9.497248220293482 ], [ -63.454715762271547, -9.497248338745342 ], [ -63.454715881575936, -9.497338784282839 ], [ -63.454898091957865, -9.497338547353092 ], [ -63.454898211311246, -9.497428992887821 ], [ -63.45498931652434, -9.497428874386209 ], [ -63.454989555282474, -9.497609765451966 ], [ -63.454807344759494, -9.497610002436064 ], [ -63.454807106096979, -9.497429111365706 ], [ -63.454624895664857, -9.497429348250296 ], [ -63.454625014947716, -9.497519793787999 ], [ -63.454533909705972, -9.497519912195848 ], [ -63.454534028966123, -9.497610357734235 ], [ -63.454716239496229, -9.497610120892514 ], [ -63.454716478115706, -9.497791011963292 ], [ -63.454807583426778, -9.497790893504542 ], [ -63.454807702762189, -9.497881339038079 ], [ -63.454989913428577, -9.497881102047092 ], [ -63.454989794045353, -9.497790656515853 ], [ -63.455172004659183, -9.497790419432246 ], [ -63.455172124090211, -9.497880864961186 ], [ -63.455263229419245, -9.497880746382641 ], [ -63.455263468332689, -9.498061637436823 ], [ -63.455354573708334, -9.498061518832245 ], [ -63.455354693190742, -9.498151964357486 ], [ -63.455445798589103, -9.498151845728028 ], [ -63.455445918096615, -9.498242291251652 ], [ -63.455537023517678, -9.498242172597317 ], [ -63.455536784456058, -9.498061281551903 ], [ -63.455627889828143, -9.498061162876136 ], [ -63.455628009382252, -9.498151608397922 ], [ -63.455719114777047, -9.498151489697277 ], [ -63.455718995199021, -9.498061044176636 ], [ -63.455901205937224, -9.49806080670645 ], [ -63.455900847066879, -9.49778947014863 ], [ -63.455991952362496, -9.497789351381394 ], [ -63.455991713073743, -9.497608460342807 ], [ -63.455900607825953, -9.497608579107741 ], [ -63.455900248973485, -9.497337242542896 ], [ -63.455809143796202, -9.497337361280648 ], [ -63.455808904614976, -9.497156470232774 ], [ -63.455900009744461, -9.497156351497326 ], [ -63.455899770520197, -9.496975460449883 ], [ -63.455990875600691, -9.496975341693009 ], [ -63.455990755966454, -9.496884896169735 ], [ -63.455899650909856, -9.496885014925459 ], [ -63.455899531300709, -9.496794569400565 ], [ -63.455808426266827, -9.496794688131411 ], [ -63.455808306682769, -9.496704242604903 ], [ -63.455899411692755, -9.496704123875206 ], [ -63.455899292085988, -9.49661367834938 ], [ -63.455808187099905, -9.496613797077922 ], [ -63.455807828358452, -9.496342460494175 ], [ -63.455443408689021, -9.496342935157278 ], [ -63.455443169725193, -9.496162044089901 ], [ -63.455534274596545, -9.496161925462015 ], [ -63.455533916088029, -9.49589058886089 ], [ -63.455442811288385, -9.495890707485328 ], [ -63.455442691811825, -9.495800261949533 ], [ -63.455351587034876, -9.495800380549095 ], [ -63.455351467583405, -9.495709935011686 ], [ -63.455260362829172, -9.495710053586373 ], [ -63.45526048225674, -9.495800499124934 ], [ -63.454987167915192, -9.495800854710099 ], [ -63.454987048559303, -9.49571040916809 ], [ -63.455078153317125, -9.495710290664574 ], [ -63.45507791456113, -9.49552939958145 ], [ -63.454986809851121, -9.495529518082668 ], [ -63.454986690498806, -9.495439072539252 ], [ -63.455077795184927, -9.495438954039184 ], [ -63.455077675809903, -9.495348508496454 ], [ -63.455259885130779, -9.495348271427444 ], [ -63.455258571558375, -9.494353370451771 ], [ -63.455805197915367, -9.494352658751289 ], [ -63.455805317468467, -9.494443104289969 ], [ -63.455896421881015, -9.494442985589048 ], [ -63.455896302304041, -9.494352540051516 ], [ -63.456078511077791, -9.494352302580815 ], [ -63.456078630702564, -9.494442748116045 ], [ -63.456260839519345, -9.494442510548152 ], [ -63.456260600175419, -9.494261619481835 ], [ -63.456351704534228, -9.494261500664612 ], [ -63.456351584840171, -9.494171055131902 ], [ -63.456533793506424, -9.494170817428602 ], [ -63.456533673765769, -9.494080371897725 ], [ -63.456806986684533, -9.494080015168329 ], [ -63.456807106496868, -9.494170460695743 ], [ -63.457262628123736, -9.494169865666573 ], [ -63.457262748056728, -9.494260311187752 ], [ -63.457536061090188, -9.494259953882139 ], [ -63.457537501239571, -9.495345300058172 ], [ -63.457446396609548, -9.495345419197626 ], [ -63.457447356613613, -9.49606898328677 ], [ -63.457356251791204, -9.496069102411738 ], [ -63.457357211680602, -9.496792666480161 ], [ -63.457266106665806, -9.496792785590639 ], [ -63.457267666338488, -9.497968577152928 ], [ -63.457176561011792, -9.497968696254686 ], [ -63.457176680971074, -9.498059141757352 ], [ -63.45726778632168, -9.49805902265444 ], [ -63.457268026291644, -9.498239913656064 ], [ -63.456994710092808, -9.498240270900537 ], [ -63.456995189760221, -9.498602052912013 ], [ -63.457177400751867, -9.498601814763528 ], [ -63.457177880629615, -9.49896359675828 ], [ -63.457086775038775, -9.498963715849005 ], [ -63.457087254840026, -9.499325497840879 ], [ -63.456996149152353, -9.499325616912484 ], [ -63.456996269081749, -9.49941606241044 ], [ -63.457087374793325, -9.499415943337675 ], [ -63.457088814326085, -9.500501289262719 ], [ -63.456997708327613, -9.500501408349329 ], [ -63.45699878787488, -9.501315417759239 ], [ -63.456907681660006, -9.501315536832491 ], [ -63.456908881031303, -9.50221999169943 ], [ -63.456817774576109, -9.502220110760479 ], [ -63.456818973827659, -9.503124565592106 ], [ -63.456727867132123, -9.503124684640952 ], [ -63.45672918618363, -9.504119584914315 ], [ -63.456638079223801, -9.504119703952101 ], [ -63.4566396379781, -9.505295495126154 ], [ -63.456548530706108, -9.505295614155177 ], [ -63.456549130161072, -9.505747841514493 ], [ -63.456640237552698, -9.505747722479702 ], [ -63.456640477390884, -9.505928613417844 ], [ -63.456549369951425, -9.505928732454938 ], [ -63.456549969448155, -9.506380959797848 ], [ -63.456458861887889, -9.506381078816956 ], [ -63.456459341411062, -9.506742860687464 ], [ -63.456368233753885, -9.506742979687427 ], [ -63.456369192666074, -9.507466543415161 ], [ -63.456278084816283, -9.50746666240059 ], [ -63.45627820466175, -9.507557107865599 ], [ -63.456187096786842, -9.507557226828428 ], [ -63.456187216609571, -9.507647672294119 ], [ -63.456096108709545, -9.507647791234344 ], [ -63.456096228509537, -9.507738236700721 ], [ -63.456005120584386, -9.507738355618342 ], [ -63.456005240361641, -9.507828801085402 ], [ -63.455914132411372, -9.507828919980422 ], [ -63.455914371921594, -9.508009810915432 ], [ -63.455823263922284, -9.508009929788997 ], [ -63.455823503389411, -9.50819082072444 ], [ -63.455732395341045, -9.508190939576551 ], [ -63.455732634765084, -9.508371830512418 ], [ -63.455641526667655, -9.508371949343074 ], [ -63.455641646357542, -9.508462394811454 ], [ -63.455550538234988, -9.508462513619504 ], [ -63.455550657902123, -9.508552959088568 ], [ -63.455459549754465, -9.50855307787401 ], [ -63.45545978904444, -9.508733968813031 ], [ -63.45536868084772, -9.508734087577016 ], [ -63.455368800470566, -9.508824533046973 ], [ -63.455277692248728, -9.50882465178835 ], [ -63.455277931450119, -9.509005542729154 ], [ -63.455095714907145, -9.509005780145236 ], [ -63.455095954017573, -9.509186671088765 ], [ -63.455004845696436, -9.509186789763465 ], [ -63.455004965229492, -9.509277235235672 ], [ -63.45491385688323, -9.509277353887761 ], [ -63.45491409590506, -9.509458244833075 ], [ -63.454822987509758, -9.509458363463706 ], [ -63.454823106998511, -9.509548808936806 ], [ -63.454731998578083, -9.509548927544826 ], [ -63.454732237511308, -9.509729818491914 ], [ -63.454641129041811, -9.509729937078468 ], [ -63.454641367931927, -9.50991082802598 ], [ -63.454550259413381, -9.50991094659107 ], [ -63.454550498260367, -9.510091837539003 ], [ -63.454368281123962, -9.510092074602492 ], [ -63.454368161747752, -9.510001629126464 ], [ -63.454094836106052, -9.510001984540052 ], [ -63.454094955410461, -9.510092430019517 ], [ -63.45391273826219, -9.510092666845395 ], [ -63.453912619005642, -9.510002221363637 ], [ -63.453365967675971, -9.510002931264141 ], [ -63.453366086788904, -9.510093376752772 ], [ -63.451361697688938, -9.510095972428116 ], [ -63.451361579102567, -9.510005526914357 ], [ -63.451179361931182, -9.510005762312302 ], [ -63.451179480469683, -9.510096207828338 ], [ -63.449812851175011, -9.510097970300485 ], [ -63.449812969355655, -9.510188415833118 ], [ -63.449721860702667, -9.51018853314231 ], [ -63.449723515020068, -9.511454770565823 ], [ -63.449632406030773, -9.511454887867147 ], [ -63.449630633915724, -9.510098204892836 ], [ -63.449721742545961, -9.51009808760854 ], [ -63.449721624390413, -9.510007642074308 ], [ -63.448901646891443, -9.510008696767351 ], [ -63.44890152895249, -9.509918251222434 ], [ -63.448719311765444, -9.509918485335033 ], [ -63.448719429656535, -9.510008930882213 ], [ -63.448628321037319, -9.510009047904006 ], [ -63.448628203170173, -9.509918602355691 ], [ -63.447990442970408, -9.509919420834999 ], [ -63.44799056067, -9.510009866391234 ], [ -63.447443908880921, -9.51001056702505 ], [ -63.447443791324929, -9.509920121462031 ], [ -63.447352682713259, -9.509920238150039 ], [ -63.447352800245312, -9.510010683714189 ], [ -63.44698836569119, -9.510011150233138 ], [ -63.446988248254868, -9.509920704664472 ], [ -63.443981663261333, -9.509924538902711 ], [ -63.44398154661603, -9.509834093296458 ], [ -63.443890437984031, -9.509834209080443 ], [ -63.443887056468967, -9.507211286262731 ], [ -63.444069272343818, -9.507211054736016 ], [ -63.444069388979386, -9.507301500354737 ], [ -63.444342712854734, -9.507301152883146 ], [ -63.444342596147372, -9.507210707267788 ], [ -63.444433704079579, -9.50721059139754 ], [ -63.444433587349437, -9.507120145782837 ], [ -63.444524695256554, -9.507120029889954 ], [ -63.444524812010606, -9.507210475503536 ], [ -63.444798135796745, -9.507210127679004 ], [ -63.444798252623748, -9.507300573288751 ], [ -63.444980468523219, -9.507300341284713 ], [ -63.444980351648354, -9.507209895677214 ], [ -63.445162567495316, -9.50720966358041 ], [ -63.44516268441803, -9.50730010918566 ], [ -63.445527116193695, -9.50729964470251 ], [ -63.445526999175279, -9.507209199101753 ], [ -63.445891430836596, -9.507208734243042 ], [ -63.445891547950744, -9.507299179839295 ], [ -63.446073763822255, -9.507298947265163 ], [ -63.446073646660267, -9.507208501671162 ], [ -63.446164754570361, -9.507208385349593 ], [ -63.446164871756281, -9.507298830942466 ], [ -63.446347087620815, -9.507298598225812 ], [ -63.446346970387033, -9.507208152635194 ], [ -63.446529186199051, -9.507207919825778 ], [ -63.446528834361168, -9.506936583057865 ], [ -63.446711050024945, -9.506936350160201 ], [ -63.446711402006379, -9.507207686921346 ], [ -63.44689361780906, -9.5072074539219 ], [ -63.4468937351864, -9.507297899505756 ], [ -63.448169246009144, -9.507296265833412 ], [ -63.448169128296819, -9.507205820265375 ], [ -63.448260236180026, -9.507205703397473 ], [ -63.448260118444935, -9.507115257830099 ], [ -63.448442334159985, -9.507115024025293 ], [ -63.448442687512305, -9.507386360719213 ], [ -63.448898227138308, -9.507385775774521 ], [ -63.448898345044412, -9.507476221332563 ], [ -63.449444992700464, -9.507475518608242 ], [ -63.449444874650794, -9.507385073057007 ], [ -63.44990041421223, -9.50738448680584 ], [ -63.449900059711375, -9.507113150166358 ], [ -63.449991167548347, -9.50711303284827 ], [ -63.449991049359816, -9.507022587301973 ], [ -63.449899941546768, -9.507022704618926 ], [ -63.4498997052211, -9.506841813522657 ], [ -63.449990812986286, -9.506841696207976 ], [ -63.449990340253343, -9.50647991401436 ], [ -63.449899232583853, -9.506480031324497 ], [ -63.449897460361775, -9.505123348014612 ], [ -63.450079674981858, -9.505123113404675 ], [ -63.450079556795288, -9.505032667849209 ], [ -63.449988449509753, -9.505032785164914 ], [ -63.44998833134828, -9.504942339607839 ], [ -63.449806116821513, -9.504942574165735 ], [ -63.44980599870906, -9.504852128605924 ], [ -63.449897105949105, -9.504852011339983 ], [ -63.449896515284834, -9.504399783539569 ], [ -63.449805408164401, -9.504399900799829 ], [ -63.449805290058997, -9.504309455237204 ], [ -63.449896397155513, -9.50430933797808 ], [ -63.44989545216324, -9.503585773469302 ], [ -63.449986559067234, -9.503585656195519 ], [ -63.449986440924576, -9.503495210630952 ], [ -63.450077547803481, -9.503495093334562 ], [ -63.450077311473855, -9.503314202206289 ], [ -63.449986204642784, -9.503314319500404 ], [ -63.44998585022892, -9.50304298280108 ], [ -63.449894743468434, -9.503043100068044 ], [ -63.449894507246235, -9.502862208930543 ], [ -63.449803400532396, -9.502862326171494 ], [ -63.449803518618992, -9.502952771741615 ], [ -63.449712411880064, -9.502952888959959 ], [ -63.449712529943923, -9.503043334530748 ], [ -63.449803636706761, -9.503043217311268 ], [ -63.449803990977131, -9.503314554017409 ], [ -63.449530670469827, -9.503314905614838 ], [ -63.449530552450284, -9.503224460043187 ], [ -63.449439445636081, -9.503224577193707 ], [ -63.449439327641628, -9.503134131620451 ], [ -63.449257114057538, -9.503134365847991 ], [ -63.449256996112091, -9.503043920272001 ], [ -63.449074782571138, -9.503044154402302 ], [ -63.449074664674697, -9.50295370882357 ], [ -63.448710237674376, -9.50295417679472 ], [ -63.448710119874775, -9.502863731210988 ], [ -63.448345692951349, -9.502864198797722 ], [ -63.448345575248588, -9.502773753208992 ], [ -63.447981148402079, -9.50277422041132 ], [ -63.447981030796143, -9.502683774817596 ], [ -63.447798817413705, -9.502684008274045 ], [ -63.447798699856776, -9.502593562677587 ], [ -63.447343166499763, -9.502594145897568 ], [ -63.447343049063583, -9.502503700294996 ], [ -63.446887515796902, -9.502504282915783 ], [ -63.446887398481472, -9.502413837307095 ], [ -63.446705185214455, -9.502414070186964 ], [ -63.446705302482059, -9.502504515797906 ], [ -63.446614195822889, -9.502504632203355 ], [ -63.446614313067741, -9.502595077814956 ], [ -63.446523206383482, -9.502595194197792 ], [ -63.446522854724158, -9.502323857358201 ], [ -63.445885108403914, -9.50232467134961 ], [ -63.445884991353878, -9.502234225727589 ], [ -63.445429458352599, -9.502234806432162 ], [ -63.445429341423299, -9.502144360804046 ], [ -63.445338234843469, -9.502144476872614 ], [ -63.445338351748852, -9.502234922501852 ], [ -63.445156138537854, -9.502235154570009 ], [ -63.445156021680305, -9.502144708938523 ], [ -63.444700488752041, -9.502145288687837 ], [ -63.444700372015213, -9.502054843050264 ], [ -63.444335945747348, -9.502055306417891 ], [ -63.444335829107338, -9.501964860775358 ], [ -63.444244722561372, -9.501964976556792 ], [ -63.444244022889201, -9.501422302685043 ], [ -63.444152916485564, -9.501422418436007 ], [ -63.444151051280009, -9.499975288010976 ], [ -63.44424215730109, -9.499975172277955 ], [ -63.444241690950491, -9.499613389657453 ], [ -63.444150585025056, -9.499613505385986 ], [ -63.444150468464215, -9.499523059728565 ], [ -63.444059362561518, -9.499523175432245 ], [ -63.444059479098456, -9.499613621090784 ], [ -63.443512843514476, -9.499614314821157 ], [ -63.443512959909128, -9.499704760485951 ], [ -63.443057430104396, -9.499705337947493 ], [ -63.443057546380672, -9.499795783617415 ], [ -63.442602016427458, -9.499796360491182 ], [ -63.442601784115162, -9.499615469139691 ], [ -63.442510678168858, -9.499615584441006 ], [ -63.442510445909022, -9.499434693085405 ], [ -63.442601551807499, -9.499434577786326 ], [ -63.442601203354684, -9.499163240752765 ], [ -63.44278341500474, -9.499163010090111 ], [ -63.442783298808301, -9.499072564413559 ], [ -63.442965510405919, -9.499072333658209 ], [ -63.442965394162812, -9.498981887983422 ], [ -63.443056499935977, -9.498981772571266 ], [ -63.443056151141924, -9.498710435547451 ], [ -63.443147256842217, -9.498710320114919 ], [ -63.443147024270836, -9.498529428765607 ], [ -63.443420341221312, -9.498529082332331 ], [ -63.443419759454557, -9.498076853967646 ], [ -63.443601970510038, -9.498076622904668 ], [ -63.443602552515848, -9.498528851258154 ], [ -63.443693658161372, -9.498528735685468 ], [ -63.443693774589931, -9.498619181353643 ], [ -63.4437848802582, -9.498619065756106 ], [ -63.443784996711805, -9.498709511422689 ], [ -63.443876102402825, -9.498709395800299 ], [ -63.443876218881492, -9.498799841465292 ], [ -63.44378511316657, -9.498799957088801 ], [ -63.443785346079594, -9.498980848419633 ], [ -63.443967557603905, -9.498980617144394 ], [ -63.443967907125568, -9.499251954130395 ], [ -63.444059012957702, -9.499251838453816 ], [ -63.444059129491151, -9.499342284113762 ], [ -63.444150235346029, -9.499342168412328 ], [ -63.44414976912357, -9.498980385774226 ], [ -63.444058663364309, -9.498980501471175 ], [ -63.444058430307869, -9.498799610147074 ], [ -63.444149536019303, -9.498799494452365 ], [ -63.444149419468907, -9.498709048790735 ], [ -63.444240525155287, -9.498708933073415 ], [ -63.444240408582154, -9.49861848741244 ], [ -63.444422619903605, -9.498618255908848 ], [ -63.444422503283825, -9.498527810249646 ], [ -63.444604714552838, -9.498527578653373 ], [ -63.444604014571667, -9.497984904701791 ], [ -63.444695120061006, -9.497984788874794 ], [ -63.444695003377646, -9.497894343215677 ], [ -63.445059425227747, -9.497893879674878 ], [ -63.445059308449927, -9.49780343401979 ], [ -63.445150413885649, -9.497803318076388 ], [ -63.4451502970851, -9.497712872421959 ], [ -63.445241402495746, -9.49771275645595 ], [ -63.445241285672459, -9.497622310802171 ], [ -63.445423496442451, -9.497622078801221 ], [ -63.445423145836145, -9.497350741843825 ], [ -63.445514251147699, -9.497350625811128 ], [ -63.445513900480172, -9.497079288852893 ], [ -63.445787216192713, -9.497078940622556 ], [ -63.445787099234167, -9.496988494972253 ], [ -63.446060414864519, -9.496988146531745 ], [ -63.446060297835437, -9.49689770088435 ], [ -63.446424718563996, -9.496897235969321 ], [ -63.446425421329643, -9.497439909819631 ], [ -63.446607631973727, -9.497439677206227 ], [ -63.446607514795396, -9.497349231567933 ], [ -63.446698620091802, -9.497349115226765 ], [ -63.44669850289074, -9.497258669589131 ], [ -63.446789608162064, -9.497258553225361 ], [ -63.446789256494178, -9.496987216313036 ], [ -63.446880361692628, -9.496987099928921 ], [ -63.446880830681074, -9.49734888247324 ], [ -63.44697193597397, -9.497348766060888 ], [ -63.446971701429611, -9.497167874791916 ], [ -63.447062806673536, -9.49716775835809 ], [ -63.447062923969028, -9.497258203991681 ], [ -63.447154029235691, -9.497258087532998 ], [ -63.447154263877991, -9.497438978796513 ], [ -63.446972053247904, -9.497439211694667 ], [ -63.446972287799277, -9.497620102960827 ], [ -63.447063393162715, -9.497619986521356 ], [ -63.447063510464055, -9.497710432152601 ], [ -63.446972405076714, -9.497710548593201 ], [ -63.446972756916047, -9.497981885487523 ], [ -63.447154967832958, -9.497981652575827 ], [ -63.447154850504205, -9.497891206947109 ], [ -63.447245955937014, -9.497891090456793 ], [ -63.447245721235205, -9.497710199200219 ], [ -63.447336826619036, -9.497710082688432 ], [ -63.447336709245981, -9.497619637060573 ], [ -63.44724560388606, -9.497619753571229 ], [ -63.44724548653808, -9.49752930794177 ], [ -63.447336591874112, -9.497529191432241 ], [ -63.447336474503402, -9.497438745803446 ], [ -63.447427579814345, -9.497438629271318 ], [ -63.447427345028636, -9.497257738014579 ], [ -63.447518450290609, -9.497257621460983 ], [ -63.447518332875596, -9.497167175833036 ], [ -63.447609438112508, -9.497167059256846 ], [ -63.447609320674779, -9.497076613629563 ], [ -63.447700425886616, -9.497076497030772 ], [ -63.447700308426136, -9.496986051404154 ], [ -63.447791413612912, -9.496985934782765 ], [ -63.447791296129708, -9.496895489156808 ], [ -63.447882401291402, -9.496895372512819 ], [ -63.447881931274708, -9.496533590008834 ], [ -63.448246351527381, -9.496533123213711 ], [ -63.448246469125401, -9.496623568835888 ], [ -63.448337574209539, -9.496623452076657 ], [ -63.44833733896688, -9.496442560834106 ], [ -63.448428444002055, -9.496442444053415 ], [ -63.448428091075151, -9.496171107189474 ], [ -63.448519196037452, -9.496170990388453 ], [ -63.448519313702477, -9.496261436009103 ], [ -63.44870152367136, -9.496261202333617 ], [ -63.448701405958531, -9.496170756715236 ], [ -63.448792510917322, -9.496170639843037 ], [ -63.448792393181776, -9.496080194225318 ], [ -63.448883498115478, -9.496080077330529 ], [ -63.448883144844189, -9.495808740477964 ], [ -63.448974249705032, -9.495808623562846 ], [ -63.448974131926377, -9.495718177945523 ], [ -63.449065236762145, -9.495718061007816 ], [ -63.449065118960775, -9.495627615391157 ], [ -63.449156223771482, -9.49562749843086 ], [ -63.449156105947374, -9.495537052814868 ], [ -63.449247210733006, -9.495536935831982 ], [ -63.449247092886189, -9.495446490216652 ], [ -63.449338197646753, -9.495446373211175 ], [ -63.449337844041644, -9.495175036365788 ], [ -63.449428948729334, -9.495174919339995 ], [ -63.449428712950684, -9.494994028109662 ], [ -63.449519817589405, -9.494993911062416 ], [ -63.449519581767653, -9.494813019832481 ], [ -63.449701790946023, -9.494812785671353 ], [ -63.449701672989107, -9.494722340057958 ], [ -63.449792777552638, -9.494722222942947 ], [ -63.449792659573014, -9.494631777330216 ], [ -63.449974868648738, -9.4946315430313 ], [ -63.44997498667616, -9.494721988641759 ], [ -63.450703823123192, -9.494721050488135 ], [ -63.450704177785951, -9.494992387289415 ], [ -63.450613073162522, -9.49499250464506 ], [ -63.450613191361903, -9.495082950245685 ], [ -63.450522086713384, -9.495083067578744 ], [ -63.450522323067894, -9.495263958780871 ], [ -63.450613427764203, -9.495263841445537 ], [ -63.450613545967123, -9.495354287044764 ], [ -63.45052244124691, -9.495354404381233 ], [ -63.450522559427114, -9.495444849981125 ], [ -63.450431454681841, -9.495444967295009 ], [ -63.450431927318817, -9.495806749694454 ], [ -63.450523032159687, -9.49580663237602 ], [ -63.450523150345767, -9.495897077973574 ], [ -63.450614255209359, -9.495896960630276 ], [ -63.450614373420514, -9.495987406226224 ], [ -63.450796583191952, -9.495987171466179 ], [ -63.450796701452091, -9.496077617059383 ], [ -63.45097891126661, -9.496077382202163 ], [ -63.450979029575713, -9.49616782779262 ], [ -63.451070134505102, -9.496167710327285 ], [ -63.451070252839294, -9.49625815591614 ], [ -63.451161357791406, -9.496258038425935 ], [ -63.451161476150673, -9.496348484013181 ], [ -63.451252581125495, -9.496348366498113 ], [ -63.451252699509837, -9.496438812083751 ], [ -63.451343804507388, -9.496438694543821 ], [ -63.45134404132741, -9.496619585711413 ], [ -63.45143514637158, -9.496619468145475 ], [ -63.451435383244117, -9.496800359308912 ], [ -63.451617593424515, -9.496800124101295 ], [ -63.451617711910352, -9.496890569680037 ], [ -63.451982132352583, -9.496890098975518 ], [ -63.451982250935217, -9.496980544549222 ], [ -63.452437776580922, -9.496979955629001 ], [ -63.452437895284241, -9.497070401196527 ], [ -63.452346790133561, -9.497070519029172 ], [ -63.452347146178866, -9.49734185573238 ], [ -63.452620461842471, -9.49734150215299 ], [ -63.4526205805983, -9.497431947716361 ], [ -63.452529475354389, -9.497432065601027 ], [ -63.452529594087508, -9.497522511165073 ], [ -63.452438488818501, -9.497522629027152 ], [ -63.452438607528897, -9.497613074591875 ], [ -63.4525297128218, -9.497612956728654 ], [ -63.452529831557293, -9.497703402291762 ], [ -63.452712042187372, -9.49770316649184 ], [ -63.452711923404074, -9.497612720931018 ], [ -63.452803028693438, -9.497612602996606 ], [ -63.452802909887417, -9.497522157436453 ], [ -63.452894015151692, -9.497522039479454 ], [ -63.452893658669055, -9.497250702799631 ], [ -63.452802553476495, -9.497250820753198 ], [ -63.45280243467522, -9.497160375191177 ], [ -63.452984645011362, -9.497160139262601 ], [ -63.452984763860449, -9.497250584822336 ], [ -63.453166974239657, -9.497250348796559 ], [ -63.453166855342779, -9.49715990323911 ], [ -63.453075750177668, -9.497160021262719 ], [ -63.45307539356584, -9.496888684584139 ], [ -63.453166498659243, -9.496888566563959 ], [ -63.453166260876138, -9.496707675444851 ], [ -63.453257365920564, -9.496707557403235 ], [ -63.453257128094407, -9.496526666284543 ], [ -63.452983813100964, -9.496527020331342 ], [ -63.452984050783726, -9.4967079114569 ], [ -63.452892945735755, -9.496708029427335 ], [ -63.452893064555006, -9.496798474990554 ], [ -63.452710854407698, -9.496798710862528 ], [ -63.452710735636245, -9.496708265297022 ], [ -63.452619630584707, -9.496708383196276 ], [ -63.452619393093137, -9.496527492061574 ], [ -63.452437183082132, -9.496527727784329 ], [ -63.452436945690884, -9.496346836643186 ], [ -63.452345840731411, -9.49634695446669 ], [ -63.4523454847251, -9.496075617748037 ], [ -63.452436589612894, -9.496075499927956 ], [ -63.452436114858784, -9.495713717634434 ], [ -63.452345010066587, -9.495713835449941 ], [ -63.45234358620452, -9.49462848851072 ], [ -63.452434690709971, -9.494628370708918 ], [ -63.452434572038591, -9.49453792512875 ], [ -63.452616780998142, -9.494537689456264 ], [ -63.452616899717313, -9.494628135034146 ], [ -63.452708004219204, -9.494628017161178 ], [ -63.452708122963458, -9.494718462737453 ], [ -63.452890332011485, -9.494718226918064 ], [ -63.452890569599113, -9.494899118064636 ], [ -63.452981674169138, -9.494899000117073 ], [ -63.452981911809296, -9.495079891259479 ], [ -63.453073016425932, -9.495079773285907 ], [ -63.453073135271687, -9.495170218855266 ], [ -63.453255344549191, -9.495169982834664 ], [ -63.453255463443924, -9.495260428401265 ], [ -63.453346568104799, -9.495260310354235 ], [ -63.453346805945579, -9.495441201483743 ], [ -63.453437910653072, -9.495441083410702 ], [ -63.453438029599134, -9.495531528973611 ], [ -63.453620239058353, -9.495531292754064 ], [ -63.453620596047038, -9.495802629433113 ], [ -63.453711700846561, -9.495802511284317 ], [ -63.453711819869064, -9.495892956841919 ], [ -63.453894029512327, -9.495892720470863 ], [ -63.453893791372927, -9.495711829359776 ], [ -63.45380268659968, -9.495711947554874 ], [ -63.453802329471159, -9.495440610881294 ], [ -63.453711224768412, -9.49544072904923 ], [ -63.453711105751843, -9.495350283489293 ], [ -63.453620001071805, -9.49535040163236 ], [ -63.453619525112956, -9.494988619383333 ], [ -63.45352842052732, -9.494988737498097 ], [ -63.453528063642302, -9.494717400802973 ], [ -63.453436959127174, -9.49471751889058 ], [ -63.453436721257546, -9.494536627755872 ], [ -63.453345616789022, -9.494536745817467 ], [ -63.453345260065156, -9.494265409108456 ], [ -63.453254155667125, -9.494265527142895 ], [ -63.453253799025589, -9.493994190426239 ], [ -63.45334490335194, -9.493994072395232 ], [ -63.453344784449911, -9.493903626823222 ], [ -63.453435888751187, -9.493903508769641 ], [ -63.453435769826449, -9.493813063198303 ], [ -63.45352687410265, -9.493812945122144 ] ], [ [ -63.453436007677119, -9.493993954340503 ], [ -63.45334490335194, -9.493994072395232 ], [ -63.453345022255164, -9.494084517966773 ], [ -63.453436126604224, -9.494084399910903 ], [ -63.453436007677119, -9.493993954340503 ] ], [ [ -63.453709677645435, -9.494264936733485 ], [ -63.45361857325215, -9.494265054862808 ], [ -63.453618692230592, -9.494355500429513 ], [ -63.453709796647786, -9.494355382299043 ], [ -63.453709677645435, -9.494264936733485 ] ], [ [ -63.453983467121432, -9.494626364448866 ], [ -63.453892362636111, -9.494626482653933 ], [ -63.453892481690993, -9.494716928215329 ], [ -63.453983586200202, -9.494716810009113 ], [ -63.453983467121432, -9.494626364448866 ] ], [ [ -63.455714691183395, -9.494805005121824 ], [ -63.455623586672871, -9.494805123779905 ], [ -63.455623706184134, -9.494895569318548 ], [ -63.45571481071854, -9.494895450659318 ], [ -63.455714691183395, -9.494805005121824 ] ], [ [ -63.455897139367934, -9.494985658804412 ], [ -63.455806034811999, -9.494985777512237 ], [ -63.455806154373427, -9.495076223047642 ], [ -63.45571504979241, -9.495076341732897 ], [ -63.455715169331128, -9.495166787268985 ], [ -63.455897378539753, -9.495166549872451 ], [ -63.455897139367934, -9.494985658804412 ] ], [ [ -63.454257495490786, -9.495168683025156 ], [ -63.454075286239352, -9.495168919567661 ], [ -63.454075524460109, -9.495349810679784 ], [ -63.454166629134207, -9.495349692418099 ], [ -63.454166509999339, -9.495259246863419 ], [ -63.454257614648363, -9.495259128579155 ], [ -63.454257495490786, -9.495168683025156 ] ], [ [ -63.455897737306451, -9.495437886471004 ], [ -63.455806632631031, -9.495438005184583 ], [ -63.455806752198427, -9.495528450717652 ], [ -63.455897856897721, -9.495528332002918 ], [ -63.455897737306451, -9.495437886471004 ] ], [ [ -63.455715767042605, -9.495619014942406 ], [ -63.455442452862286, -9.495619370876542 ], [ -63.455442572336452, -9.495709816413273 ], [ -63.455533677088319, -9.495709697791133 ], [ -63.455533796587581, -9.495800143326246 ], [ -63.455716006135525, -9.495799906008498 ], [ -63.455715767042605, -9.495619014942406 ] ], [ [ -63.452800534015729, -9.495713246135152 ], [ -63.452709429228264, -9.49571336404556 ], [ -63.452709666746344, -9.495894255186402 ], [ -63.4528007715816, -9.495894137273709 ], [ -63.452800534015729, -9.495713246135152 ] ], [ [ -63.456171529984537, -9.495799312298951 ], [ -63.456080425217117, -9.495799431088312 ], [ -63.456080544860953, -9.495889876616049 ], [ -63.456171649652269, -9.495889757825539 ], [ -63.456171529984537, -9.495799312298951 ] ], [ [ -63.454076239150865, -9.495892484004905 ], [ -63.453894029512327, -9.495892720470863 ], [ -63.453894148583821, -9.495983166025701 ], [ -63.453985253427568, -9.49598304780344 ], [ -63.453985372524137, -9.496073493356668 ], [ -63.454167582255884, -9.496073256838676 ], [ -63.454167463111517, -9.495982811287742 ], [ -63.454076358270143, -9.495982929557453 ], [ -63.454076239150865, -9.495892484004905 ] ], [ [ -63.455807469627722, -9.496071123906214 ], [ -63.45562525993877, -9.496071361278313 ], [ -63.455625498995815, -9.496252252342025 ], [ -63.455716603888675, -9.496252133665536 ], [ -63.45571648433566, -9.496161688135066 ], [ -63.455807589203438, -9.496161569436001 ], [ -63.455807469627722, -9.496071123906214 ] ], [ [ -63.450250071980257, -9.496078321061637 ], [ -63.450158967064176, -9.496078438312308 ], [ -63.450159085158198, -9.496168883913002 ], [ -63.450250190098181, -9.496168766661196 ], [ -63.450250071980257, -9.496078321061637 ] ], [ [ -63.453165547555251, -9.496165002076291 ], [ -63.452983337749636, -9.496165238074614 ], [ -63.452983456585699, -9.496255683639498 ], [ -63.453074561512985, -9.496255565651058 ], [ -63.453074680374129, -9.49634601121433 ], [ -63.453165785324146, -9.496345893201017 ], [ -63.453165547555251, -9.496165002076291 ] ], [ [ -63.452801127939281, -9.496165473978033 ], [ -63.452618918124202, -9.496165709786553 ], [ -63.452619036864661, -9.496256155356008 ], [ -63.452710141796686, -9.496256037462471 ], [ -63.452710260562235, -9.496346483030319 ], [ -63.452801365516983, -9.496346365111908 ], [ -63.452801127939281, -9.496165473978033 ] ], [ [ -63.453347876287786, -9.496255211543374 ], [ -63.453256771364046, -9.496255329602993 ], [ -63.453256890272975, -9.496345775163979 ], [ -63.453347995220625, -9.496345657103216 ], [ -63.453347876287786, -9.496255211543374 ] ], [ [ -63.452619036864661, -9.496256155356008 ], [ -63.452527931931442, -9.496256273225823 ], [ -63.452528169368115, -9.496437164365618 ], [ -63.452619274349132, -9.49643704649352 ], [ -63.452619036864661, -9.496256155356008 ] ], [ [ -63.452983575422934, -9.496346129203914 ], [ -63.452892470470545, -9.496346247169773 ], [ -63.452892589285078, -9.496436692734868 ], [ -63.452983694261363, -9.496436574767865 ], [ -63.452983575422934, -9.496346129203914 ] ], [ [ -63.448701994534375, -9.496622984802476 ], [ -63.448519784374305, -9.496623218487018 ], [ -63.448519902045184, -9.496713664105327 ], [ -63.448702112253066, -9.496713430418518 ], [ -63.448701994534375, -9.496622984802476 ] ], [ [ -63.456446281231514, -9.496884302035209 ], [ -63.456355176180885, -9.49688442090957 ], [ -63.456355295910726, -9.496974866428236 ], [ -63.45644640098525, -9.496974747552722 ], [ -63.456446281231514, -9.496884302035209 ] ], [ [ -63.453895696621046, -9.497158958196032 ], [ -63.453804591465413, -9.497159076409465 ], [ -63.453804710529603, -9.497249521958901 ], [ -63.453895815709139, -9.497249403744322 ], [ -63.453895696621046, -9.497158958196032 ] ], [ [ -63.456811180826641, -9.497245608349294 ], [ -63.456720075685183, -9.497245727323179 ], [ -63.456720195515402, -9.497336172835357 ], [ -63.456811300680755, -9.497336053860323 ], [ -63.456811180826641, -9.497245608349294 ] ], [ [ -63.455991234510563, -9.497246678260018 ], [ -63.455900129358369, -9.497246797020347 ], [ -63.455900248973485, -9.497337242542896 ], [ -63.455991354149567, -9.497337123781417 ], [ -63.455991234510563, -9.497246678260018 ] ], [ [ -63.454533671189246, -9.497339021117671 ], [ -63.454442565994114, -9.497339139499497 ], [ -63.454442685227981, -9.497429585039965 ], [ -63.454533790447016, -9.497429466656994 ], [ -63.454533671189246, -9.497339021117671 ] ], [ [ -63.453440646712458, -9.497521331239165 ], [ -63.453349541455296, -9.497521449338533 ], [ -63.453349660404719, -9.497611894891824 ], [ -63.453440765685791, -9.497611776791304 ], [ -63.453440646712458, -9.497521331239165 ] ], [ [ -63.453167330937418, -9.49752168546609 ], [ -63.453076225676689, -9.497521803494273 ], [ -63.453076344554411, -9.497612249050995 ], [ -63.453167449839029, -9.497612131021665 ], [ -63.453167330937418, -9.49752168546609 ] ], [ [ -63.454534028966123, -9.497610357734235 ], [ -63.45444292369929, -9.497610476119503 ], [ -63.454443042936717, -9.497700921658566 ], [ -63.454351937644795, -9.497701040021251 ], [ -63.454352176075439, -9.49788193110027 ], [ -63.454443281415159, -9.497881812735292 ], [ -63.454443162175345, -9.497791367197165 ], [ -63.45453426748999, -9.497791248809603 ], [ -63.454534028966123, -9.497610357734235 ] ], [ [ -63.453987516465233, -9.497701513234697 ], [ -63.453896411167371, -9.497701631478732 ], [ -63.453896530262583, -9.49779207702421 ], [ -63.453987635584348, -9.497791958779025 ], [ -63.453987516465233, -9.497701513234697 ] ], [ [ -63.453531989964084, -9.497702104217588 ], [ -63.453440884660303, -9.497702222342976 ], [ -63.453441003636001, -9.497792667894183 ], [ -63.453532108963685, -9.497792549767647 ], [ -63.453531989964084, -9.497702104217588 ] ], [ [ -63.452803147500624, -9.497703048556286 ], [ -63.452712042187372, -9.49770316649184 ], [ -63.452712160971835, -9.497793612052199 ], [ -63.452803266308997, -9.497793494115497 ], [ -63.452803147500624, -9.497703048556286 ] ], [ [ -63.452985476979777, -9.497793258170914 ], [ -63.45289437164498, -9.497793376155071 ], [ -63.452894490478442, -9.497883821712671 ], [ -63.452985595837141, -9.49788370372737 ], [ -63.452985476979777, -9.497793258170914 ] ], [ [ -63.454807702762189, -9.497881339038079 ], [ -63.454534386753707, -9.497881694346583 ], [ -63.454534625284694, -9.498062585419143 ], [ -63.454625730669846, -9.498062467004409 ], [ -63.454625611379861, -9.497972021469513 ], [ -63.454807822098807, -9.497971784571149 ], [ -63.454807702762189, -9.497881339038079 ] ], [ [ -63.453805544012127, -9.497882640791817 ], [ -63.4537144386641, -9.497882758990688 ], [ -63.453714676764825, -9.498063650083886 ], [ -63.453805782160664, -9.498063531882725 ], [ -63.453805544012127, -9.497882640791817 ] ], [ [ -63.450981277672724, -9.497886293922383 ], [ -63.450890172288041, -9.497886411385625 ], [ -63.450890408906773, -9.498067302549627 ], [ -63.450981514339261, -9.498067185084105 ], [ -63.450981277672724, -9.497886293922383 ] ], [ [ -63.454078979194513, -9.497972731595077 ], [ -63.453987873826129, -9.497972849866285 ], [ -63.45398799294879, -9.498063295409212 ], [ -63.454079098341076, -9.49806317713686 ], [ -63.454078979194513, -9.497972731595077 ] ], [ [ -63.451710239231645, -9.497975798934142 ], [ -63.451619133832502, -9.497975916588365 ], [ -63.451619370836035, -9.498156807733199 ], [ -63.451801581728773, -9.498156572396457 ], [ -63.451801463178597, -9.49806612682656 ], [ -63.451710357756731, -9.498066244505651 ], [ -63.451710239231645, -9.497975798934142 ] ], [ [ -63.450343658120573, -9.497977561255814 ], [ -63.450070341866542, -9.497977913079437 ], [ -63.450070578057371, -9.498158804262971 ], [ -63.450252788990177, -9.498158569733075 ], [ -63.450252670846375, -9.498068124143813 ], [ -63.450343776287106, -9.498068006844408 ], [ -63.450343658120573, -9.497977561255814 ] ], [ [ -63.456083416670658, -9.498060569141343 ], [ -63.455992311304541, -9.498060687935762 ], [ -63.455992430954268, -9.498151133452948 ], [ -63.455901325563048, -9.498151252224789 ], [ -63.455901445190072, -9.498241697742658 ], [ -63.455810339773763, -9.49824181649192 ], [ -63.455810459378064, -9.498332262010468 ], [ -63.455719353936672, -9.49833238073715 ], [ -63.455719473518258, -9.498422826256382 ], [ -63.455810578983574, -9.498422707528551 ], [ -63.455810818198145, -9.498603598563314 ], [ -63.455719712685017, -9.498603717293445 ], [ -63.455720191032846, -9.498965499361953 ], [ -63.455902402249144, -9.498965261868749 ], [ -63.455902282612577, -9.498874816354627 ], [ -63.45599338819504, -9.498874697573576 ], [ -63.455993268535764, -9.498784252060139 ], [ -63.456084374093123, -9.498784133256507 ], [ -63.456084254411138, -9.498693687743749 ], [ -63.456175359943401, -9.498693568917538 ], [ -63.456175240238707, -9.498603123405468 ], [ -63.456266345745874, -9.498603004556678 ], [ -63.456266106292254, -9.498422113533428 ], [ -63.4561750008329, -9.498422232379916 ], [ -63.456175120535207, -9.498512677892927 ], [ -63.456084015050763, -9.498512796716833 ], [ -63.456083416670658, -9.498060569141343 ] ], [ [ -63.455081257577817, -9.498061874574782 ], [ -63.454899046818205, -9.498062111617825 ], [ -63.454899166181086, -9.49815255714881 ], [ -63.454990271585395, -9.498152438638007 ], [ -63.454990390973379, -9.498242884167375 ], [ -63.454808180115769, -9.498243121167553 ], [ -63.454808060775591, -9.498152675635883 ], [ -63.454716955368902, -9.498152794099227 ], [ -63.454717074685171, -9.498243239632041 ], [ -63.454625969253392, -9.4982433580728 ], [ -63.454626088546952, -9.498333803606291 ], [ -63.454808299457135, -9.498333566698745 ], [ -63.454808418799693, -9.498424012229473 ], [ -63.454717313321289, -9.498424130696264 ], [ -63.454717551962148, -9.498605021758612 ], [ -63.454808657488364, -9.498604903289527 ], [ -63.454808538143432, -9.498514457759734 ], [ -63.454899643644545, -9.498514339268066 ], [ -63.454899524276904, -9.498423893738956 ], [ -63.455172840701394, -9.49842353812501 ], [ -63.455172601826241, -9.498242647072278 ], [ -63.455081496400403, -9.498242765631693 ], [ -63.455081257577817, -9.498061874574782 ] ], [ [ -63.452074898059017, -9.498156219213374 ], [ -63.451892687173363, -9.498156454692495 ], [ -63.451892924325065, -9.498337345828613 ], [ -63.45198402981628, -9.498337228098634 ], [ -63.45198391121594, -9.498246782531952 ], [ -63.45207501668208, -9.498246664779385 ], [ -63.452074898059017, -9.498156219213374 ] ], [ [ -63.446699674953877, -9.498163125944401 ], [ -63.446608569442368, -9.498163242295719 ], [ -63.446608686631194, -9.498253687929802 ], [ -63.446426475556855, -9.498253920563501 ], [ -63.446426592699034, -9.498344366199365 ], [ -63.446244381572221, -9.498344598740395 ], [ -63.446244615764478, -9.498525490015229 ], [ -63.446426826986922, -9.498525257469694 ], [ -63.446426709842399, -9.498434811834763 ], [ -63.446517815427967, -9.498434695527525 ], [ -63.446517698260699, -9.498344249893254 ], [ -63.446699909380513, -9.498344017209837 ], [ -63.446699674953877, -9.498163125944401 ] ], [ [ -63.452166122147041, -9.498246547003086 ], [ -63.45207501668208, -9.498246664779385 ], [ -63.452075253931753, -9.49842755591 ], [ -63.452166359444519, -9.498427438131419 ], [ -63.452166122147041, -9.498246547003086 ] ], [ [ -63.455537143050279, -9.498332618119315 ], [ -63.455446037605306, -9.498332736774802 ], [ -63.455446157115183, -9.498423182297488 ], [ -63.455537262584073, -9.49842306364085 ], [ -63.455537143050279, -9.498332618119315 ] ], [ [ -63.449433075616412, -9.498340515567655 ], [ -63.449341970092206, -9.498340632633161 ], [ -63.449342205909964, -9.498521523831117 ], [ -63.449433311481982, -9.498521406763343 ], [ -63.449433075616412, -9.498340515567655 ] ], [ [ -63.448886442453599, -9.498341217604731 ], [ -63.448795336922345, -9.498341334527851 ], [ -63.448795454687215, -9.498431780133867 ], [ -63.448886560242364, -9.498431663209614 ], [ -63.448886442453599, -9.498341217604731 ] ], [ [ -63.455446157115183, -9.498423182297488 ], [ -63.455263946173844, -9.49842341953957 ], [ -63.455264065637103, -9.498513865064085 ], [ -63.455355171132275, -9.49851374645376 ], [ -63.455355290620638, -9.498604191976657 ], [ -63.45544639613852, -9.498604073341454 ], [ -63.455446157115183, -9.498423182297488 ] ], [ [ -63.44351167963179, -9.498709858147464 ], [ -63.443420573936137, -9.498709973674925 ], [ -63.443420690295284, -9.498800419345523 ], [ -63.443511796014853, -9.498800303816941 ], [ -63.44351167963179, -9.498709858147464 ] ], [ [ -63.455811416255422, -9.499055826142024 ], [ -63.455720310622773, -9.499055944877909 ], [ -63.455720549806209, -9.499236835908414 ], [ -63.455902761165945, -9.499236598408308 ], [ -63.455902641525817, -9.499146152895589 ], [ -63.455811535870446, -9.499146271656357 ], [ -63.455811416255422, -9.499055826142024 ] ], [ [ -63.443694356750044, -9.499071409687479 ], [ -63.443603250961075, -9.499071525266888 ], [ -63.443603367372674, -9.499161970933368 ], [ -63.443694473185545, -9.499161855352845 ], [ -63.443694356750044, -9.499071409687479 ] ], [ [ -63.443512261558645, -9.499162086490161 ], [ -63.443421155743465, -9.499162202023223 ], [ -63.443421272108409, -9.499252647691478 ], [ -63.443512377947492, -9.499252532157298 ], [ -63.443512261558645, -9.499162086490161 ] ], [ [ -63.449435080623566, -9.499878090671293 ], [ -63.449343974692951, -9.499878207756089 ], [ -63.44934409262121, -9.499968653347338 ], [ -63.449435198575735, -9.499968536261409 ], [ -63.449435080623566, -9.499878090671293 ] ], [ [ -63.44934409262121, -9.499968653347338 ], [ -63.44925298666552, -9.499968770409534 ], [ -63.449253104571049, -9.500059216001452 ], [ -63.449344210550642, -9.500059098938122 ], [ -63.44934409262121, -9.499968653347338 ] ], [ [ -63.454812477153723, -9.5014991599956 ], [ -63.454630264569971, -9.501499396983514 ], [ -63.45463050324382, -9.501680288016312 ], [ -63.454812715923232, -9.501680051023806 ], [ -63.454812477153723, -9.5014991599956 ] ], [ [ -63.451806917708531, -9.502226622557354 ], [ -63.451715811186858, -9.502226740288915 ], [ -63.451716048349176, -9.502407631387447 ], [ -63.451898261487024, -9.50240739589602 ], [ -63.451898142857445, -9.502316950349273 ], [ -63.451807036313021, -9.502317068105716 ], [ -63.451806917708531, -9.502226622557354 ] ], [ [ -63.451533598139953, -9.502226975680813 ], [ -63.451351385088316, -9.50222721097775 ], [ -63.451351740546592, -9.502498547638524 ], [ -63.451625060337498, -9.502498194647249 ], [ -63.451624823220648, -9.502317303547377 ], [ -63.451533716672685, -9.502317421232597 ], [ -63.451533598139953, -9.502226975680813 ] ], [ [ -63.455273985235813, -9.506020841966116 ], [ -63.455091770272112, -9.506021079306343 ], [ -63.455092009304032, -9.506201970280806 ], [ -63.455274224363436, -9.506201732935981 ], [ -63.455273985235813, -9.506020841966116 ] ] ] } },
{ "type": "Feature", "properties": { "area_m2": 7800.0 }, "geometry": { "type": "Polygon", "coordinates": [ [ [ -63.41747075142797, -9.511404364483402 ], [ -63.417470970826678, -9.511585256312447 ], [ -63.417197642580248, -9.511585582910183 ], [ -63.417197752209411, -9.511676028827164 ], [ -63.417562189964919, -9.511675593311773 ], [ -63.417562080239975, -9.511585147399005 ], [ -63.417653189652185, -9.511585038461799 ], [ -63.417653409151029, -9.511765930284751 ], [ -63.417744518610007, -9.511765821321669 ], [ -63.41774473816109, -9.511946713140642 ], [ -63.417653628654222, -9.511946822105832 ], [ -63.417653738407466, -9.512037268015668 ], [ -63.41774484793828, -9.512037159049422 ], [ -63.41774495771655, -9.512127604957733 ], [ -63.417836067270208, -9.512127495966668 ], [ -63.417836286877908, -9.512308387779779 ], [ -63.417927396478362, -9.512308278762836 ], [ -63.417927506307798, -9.512398724667634 ], [ -63.418018615931103, -9.512398615625868 ], [ -63.418018725785565, -9.51248906152914 ], [ -63.417927616138321, -9.512489170571962 ], [ -63.417927835802644, -9.512670062379213 ], [ -63.417745616409107, -9.512670280397773 ], [ -63.417745506624286, -9.512579834492273 ], [ -63.417472177597624, -9.51258016133869 ], [ -63.417472397024703, -9.512761053155549 ], [ -63.417381287299087, -9.512761162058927 ], [ -63.417381506682638, -9.512942053876021 ], [ -63.417290396908044, -9.512942162757735 ], [ -63.417290287239652, -9.512851716848372 ], [ -63.417108067735079, -9.512851934538393 ], [ -63.417107848497359, -9.512671042714041 ], [ -63.417198958202299, -9.512670933883022 ], [ -63.417198410007366, -9.512218704319206 ], [ -63.417289519591513, -9.512218595469685 ], [ -63.417289409931847, -9.512128149556569 ], [ -63.417380519490969, -9.512128040684336 ], [ -63.417380300127043, -9.511947148858805 ], [ -63.417289190615811, -9.511947257728934 ], [ -63.417288971304124, -9.511766365899421 ], [ -63.417197861839682, -9.511766474743675 ], [ -63.417197971471033, -9.511856920659721 ], [ -63.417106861981559, -9.511857029481259 ], [ -63.417106423558444, -9.511495245810059 ], [ -63.417288642344786, -9.511495028151637 ], [ -63.417288532693853, -9.511404582234775 ], [ -63.41747075142797, -9.511404364483402 ] ], [ [ -63.417562409418046, -9.511856485135898 ], [ -63.417380190446721, -9.511856702945339 ], [ -63.417380300127043, -9.511947148858805 ], [ -63.417562519146259, -9.511946931047257 ], [ -63.417562409418046, -9.511856485135898 ] ], [ [ -63.417562738605945, -9.512127822868569 ], [ -63.417471629049011, -9.512127931788337 ], [ -63.417471738756547, -9.512218377699345 ], [ -63.417562848337433, -9.512218268778524 ], [ -63.417562738605945, -9.512127822868569 ] ], [ [ -63.417380629174573, -9.512218486596399 ], [ -63.417289519591513, -9.512218595469685 ], [ -63.417289629252267, -9.512309041382334 ], [ -63.417380738859258, -9.51230893250799 ], [ -63.417380629174573, -9.512218486596399 ] ], [ [ -63.417836286877908, -9.512308387779779 ], [ -63.417745177276373, -9.512308496772956 ], [ -63.417745287057912, -9.512398942679864 ], [ -63.417836396683406, -9.512398833685632 ], [ -63.417836286877908, -9.512308387779779 ] ] ] } },
{ "type": "Feature", "properties": { "area_m2": 16200.0 }, "geometry": { "type": "Polygon", "coordinates": [ [ [ -63.406174035607442, -9.512141253648231 ], [ -63.406174142346281, -9.512231699688176 ], [ -63.406447471486224, -9.512231381695686 ], [ -63.40644757829795, -9.512321827732086 ], [ -63.406265358824506, -9.512322039752897 ], [ -63.40626557235538, -9.512502931828394 ], [ -63.406356682140512, -9.512502825827818 ], [ -63.40635678893149, -9.512593271863835 ], [ -63.406265679122406, -9.512593377865436 ], [ -63.406265892659654, -9.512774269938118 ], [ -63.406357002516629, -9.512774163934468 ], [ -63.406357216106002, -9.512955056003225 ], [ -63.406266106201159, -9.512955162008927 ], [ -63.406266212973499, -9.51304560804363 ], [ -63.406083993112723, -9.513045819985782 ], [ -63.406084206564827, -9.513226712057879 ], [ -63.406175316543624, -9.513226606096637 ], [ -63.406175423295203, -9.513317052130958 ], [ -63.40608431329246, -9.513317158093226 ], [ -63.40608484694657, -9.513769388262926 ], [ -63.406175957069046, -9.513769282295533 ], [ -63.406176063826997, -9.513859728327041 ], [ -63.406267173972353, -9.51385962233485 ], [ -63.406267067190463, -9.513769176304367 ], [ -63.406358177310807, -9.513769070289429 ], [ -63.40635807050603, -9.513678624259503 ], [ -63.406266960409624, -9.513678730273417 ], [ -63.406266853629837, -9.513588284241996 ], [ -63.4066312939133, -9.51358786004783 ], [ -63.406631400788854, -9.513678306075148 ], [ -63.406722510881011, -9.513678199966153 ], [ -63.406722403981512, -9.513587753939865 ], [ -63.406813514048658, -9.513587647808128 ], [ -63.406813300204952, -9.513406755756195 ], [ -63.40699552024028, -9.51340654342552 ], [ -63.406995413272128, -9.513316097400907 ], [ -63.407086523264248, -9.513315991200944 ], [ -63.407086416273231, -9.513225545176889 ], [ -63.407359746171373, -9.513225226437459 ], [ -63.407359853234226, -9.513315672458432 ], [ -63.407450963222082, -9.513315566163385 ], [ -63.407451712859512, -9.513948688289846 ], [ -63.407360602704024, -9.513948794592093 ], [ -63.407360816847842, -9.514129686626061 ], [ -63.406176384107226, -9.514131066418756 ], [ -63.406176490869427, -9.51422151244839 ], [ -63.406085380627225, -9.514221618420912 ], [ -63.406085487366546, -9.514312064451104 ], [ -63.406176597632694, -9.514311958477554 ], [ -63.406176704397019, -9.514402404506253 ], [ -63.40590337352355, -9.514402722358655 ], [ -63.405902626698442, -9.513769600126407 ], [ -63.405993736823042, -9.513769494206551 ], [ -63.405993416699225, -9.51349815610306 ], [ -63.405902306646468, -9.513498262019841 ], [ -63.405902093283778, -9.513317369946455 ], [ -63.405993203288645, -9.513317264031727 ], [ -63.405992883180751, -9.513045925921205 ], [ -63.405901773247713, -9.513046031832859 ], [ -63.405901559895632, -9.512865139754785 ], [ -63.405992669780787, -9.512865033845181 ], [ -63.405991816223391, -9.512141465522337 ], [ -63.406174035607442, -9.512141253648231 ] ], [ [ -63.407177740271337, -9.513406330999766 ], [ -63.407086630256337, -9.513406437224528 ], [ -63.407086737249486, -9.513496883247646 ], [ -63.407177847288438, -9.513496777021853 ], [ -63.407177740271337, -9.513406330999766 ] ], [ [ -63.407360495633718, -9.513858348574402 ], [ -63.407269385501131, -9.513858454851846 ], [ -63.407269492547492, -9.513948900870565 ], [ -63.407360602704024, -9.513948794592093 ], [ -63.407360495633718, -9.513858348574402 ] ], [ [ -63.406176170586015, -9.513950174358083 ], [ -63.406085060415656, -9.51395028032753 ], [ -63.406085273888976, -9.514131172390252 ], [ -63.406176384107226, -9.514131066418756 ], [ -63.406176170586015, -9.513950174358083 ] ] ] } },
{ "type": "Feature", "properties": { "area_m2": 12100.0 }, "geometry": { "type": "Polygon", "coordinates": [ [ [ -63.417836945727224, -9.512851063207862 ], [ -63.417837055539259, -9.512941509110902 ], [ -63.417928165307316, -9.512941400086575 ], [ -63.417928275144391, -9.51303184598809 ], [ -63.418019384935299, -9.513031736938938 ], [ -63.418019494797406, -9.513122182838929 ], [ -63.417928384982559, -9.513122291889136 ], [ -63.41792849482183, -9.513212737789717 ], [ -63.417746275140971, -9.513212955820936 ], [ -63.417746384933444, -9.513303401723158 ], [ -63.417564165200339, -9.513303619661409 ], [ -63.417564713939605, -9.513755849176023 ], [ -63.417655823926417, -9.513755740213508 ], [ -63.417655933701496, -9.513846186113973 ], [ -63.417838153719757, -9.513845968115524 ], [ -63.417838373368951, -9.514026859910825 ], [ -63.418111703531821, -9.514026532728538 ], [ -63.418112143130699, -9.514388316300845 ], [ -63.418021032981713, -9.514388425389603 ], [ -63.418021252739813, -9.514569317175052 ], [ -63.418112362936682, -9.514569208084186 ], [ -63.418112582747057, -9.514750099865655 ], [ -63.417930362256406, -9.514750318027836 ], [ -63.417930252398584, -9.514659872135226 ], [ -63.417839142175566, -9.514659981179605 ], [ -63.417839252009458, -9.51475042707327 ], [ -63.417748141761408, -9.514750536094926 ], [ -63.417748251572434, -9.514840981989179 ], [ -63.417657141299344, -9.514841090988119 ], [ -63.417656921726277, -9.514660199197037 ], [ -63.417565811499991, -9.514660308170097 ], [ -63.417565921262032, -9.514750754066924 ], [ -63.417474811010706, -9.514750863017262 ], [ -63.41747470127261, -9.514660417119378 ], [ -63.417383591044135, -9.514660526044892 ], [ -63.417383371619124, -9.514479634245612 ], [ -63.417292261437453, -9.514479743145243 ], [ -63.41729237112547, -9.51457018904617 ], [ -63.417201260918773, -9.514570297923083 ], [ -63.417201370583932, -9.514660743824596 ], [ -63.417110260352189, -9.514660852678791 ], [ -63.417109931431817, -9.514389514969684 ], [ -63.417201041591717, -9.514389406118649 ], [ -63.417200822269038, -9.51420851431234 ], [ -63.417291932379946, -9.514208405439645 ], [ -63.417291822696292, -9.514117959536842 ], [ -63.417382932782175, -9.514117850641426 ], [ -63.417382823075663, -9.514027404739206 ], [ -63.417291713013732, -9.51402751363357 ], [ -63.417291603332252, -9.513937067729827 ], [ -63.41701827321176, -9.513937394267128 ], [ -63.417018163603203, -9.513846948359756 ], [ -63.417109273620518, -9.513846839538813 ], [ -63.417108944729584, -9.513575501817055 ], [ -63.417291164617282, -9.513575284110177 ], [ -63.417290835592482, -9.513303946390515 ], [ -63.417473055332145, -9.513303728594883 ], [ -63.417472945611507, -9.513213282689499 ], [ -63.41765516529891, -9.513213064800894 ], [ -63.417654726235739, -9.512851281183107 ], [ -63.417836945727224, -9.512851063207862 ] ], [ [ -63.417655933701496, -9.513846186113973 ], [ -63.417564823690725, -9.51384629507754 ], [ -63.417564933442939, -9.513936740978588 ], [ -63.417656043477656, -9.513936632013966 ], [ -63.417655933701496, -9.513846186113973 ] ], [ [ -63.417382603665914, -9.513846512933361 ], [ -63.417291493651881, -9.513846621825616 ], [ -63.417291603332252, -9.513937067729827 ], [ -63.417382713370237, -9.513936958836519 ], [ -63.417382603665914, -9.513846512933361 ] ], [ [ -63.417838593022523, -9.514207751704246 ], [ -63.417747482918152, -9.514207860719576 ], [ -63.417747702528203, -9.514388752513234 ], [ -63.417838812680472, -9.514388643495797 ], [ -63.417838593022523, -9.514207751704246 ] ], [ [ -63.417565262706148, -9.514208078678918 ], [ -63.417474152598508, -9.514208187622932 ], [ -63.41747426233114, -9.514298633523159 ], [ -63.41756537246274, -9.514298524578091 ], [ -63.417565262706148, -9.514208078678918 ] ] ] } },
{ "type": "Feature", "properties": { "area_m2": 204700.0 }, "geometry": { "type": "Polygon", "coordinates": [ [ [ -63.441794590922512, -9.509565528652175 ], [ -63.441794823058473, -9.509746419920695 ], [ -63.441885931693172, -9.509746304684315 ], [ -63.441886047786831, -9.50983675031676 ], [ -63.441612721807481, -9.50983709595797 ], [ -63.441612837830476, -9.50992754159329 ], [ -63.441703946515354, -9.5099274264022 ], [ -63.441704062563453, -9.510017872035935 ], [ -63.441977388682943, -9.510017526316751 ], [ -63.441977272563044, -9.509927080686358 ], [ -63.442068381243303, -9.509926965400226 ], [ -63.442068497387133, -9.5100174110295 ], [ -63.442250714792046, -9.510017180383718 ], [ -63.442250830984896, -9.51010762601029 ], [ -63.442341939709557, -9.510107510650641 ], [ -63.442342055927504, -9.510197956275633 ], [ -63.44225094717892, -9.510198071636395 ], [ -63.442251179570405, -9.510378962887197 ], [ -63.442342288366866, -9.510378847524198 ], [ -63.442342637034606, -9.510650184393533 ], [ -63.44243374590171, -9.510650069003422 ], [ -63.442434210903947, -9.51101185148484 ], [ -63.442343101941091, -9.511011966879421 ], [ -63.442342985712735, -9.510921521258652 ], [ -63.442251876772652, -9.51092163662835 ], [ -63.442254084854262, -9.512640103364001 ], [ -63.442345194249206, -9.512639987973083 ], [ -63.442345310499519, -9.512730433584943 ], [ -63.442254201080651, -9.512730548976979 ], [ -63.442254433536874, -9.512911440201526 ], [ -63.44234554300364, -9.512911324807261 ], [ -63.442345659257434, -9.513001770417715 ], [ -63.44225454976673, -9.513001885813098 ], [ -63.442254782229895, -9.513182777034835 ], [ -63.442437001305926, -9.513182546215827 ], [ -63.442437233869484, -9.51336343743122 ], [ -63.442346124284171, -9.513363552854841 ], [ -63.442346356804471, -9.513544444070593 ], [ -63.442255247170095, -9.513544559472678 ], [ -63.442255130933319, -9.51345411386392 ], [ -63.44216402132173, -9.513454229241118 ], [ -63.442164253748572, -9.513635120460401 ], [ -63.442255363408037, -9.513635005080967 ], [ -63.442255944615091, -9.514087233115378 ], [ -63.442164834835893, -9.514087348500395 ], [ -63.442165067278921, -9.514268239713109 ], [ -63.442256177105996, -9.514268124325861 ], [ -63.442256293353196, -9.514358569930398 ], [ -63.442165183502162, -9.514358685318761 ], [ -63.442166113329712, -9.515082250147112 ], [ -63.442075003285943, -9.515082365520634 ], [ -63.44207523570649, -9.515263256725268 ], [ -63.441984125613672, -9.515263372077248 ], [ -63.441984009426761, -9.515172926474051 ], [ -63.441801789285556, -9.515173157104458 ], [ -63.441802021564719, -9.515354048314848 ], [ -63.441710911444488, -9.515354163596621 ], [ -63.441711027561858, -9.51544460920223 ], [ -63.441255476823613, -9.515445185260059 ], [ -63.441255592822387, -9.515535630870767 ], [ -63.440253380833362, -9.515536896118057 ], [ -63.440253496569845, -9.515627341740545 ], [ -63.440162386358175, -9.515627456621488 ], [ -63.440162270645637, -9.515537010997889 ], [ -63.439980050266726, -9.515537240686228 ], [ -63.439979934603251, -9.515446795059942 ], [ -63.43961549392742, -9.515447254146878 ], [ -63.439615262795506, -9.515266362884017 ], [ -63.439250822292884, -9.515266821581681 ], [ -63.439250475891015, -9.514995484670555 ], [ -63.439159365834328, -9.514995599282209 ], [ -63.439159481276526, -9.51508604492083 ], [ -63.438977261111823, -9.515086274075033 ], [ -63.438977030324374, -9.514905382792888 ], [ -63.439159250393281, -9.514905153643122 ], [ -63.439159019514626, -9.514724262363538 ], [ -63.439250129499463, -9.514724147755212 ], [ -63.43925001403791, -9.514633702115827 ], [ -63.438976684151797, -9.514634045866158 ], [ -63.438976568763245, -9.514543600222977 ], [ -63.439067678702479, -9.514543485664412 ], [ -63.439067447880902, -9.514362594378863 ], [ -63.438976337989565, -9.514362708935209 ], [ -63.438976107220462, -9.514181817645564 ], [ -63.439067217063915, -9.514181703091435 ], [ -63.439066755443712, -9.513819920510947 ], [ -63.438975645696047, -9.513820035060645 ], [ -63.438975530317819, -9.513729589413247 ], [ -63.439066640041538, -9.513729474864659 ], [ -63.439066524640502, -9.513639029217899 ], [ -63.439157634339139, -9.513638914646648 ], [ -63.439157288071094, -9.513367577706878 ], [ -63.43897506881634, -9.513367806818952 ], [ -63.438974838072497, -9.513186915518991 ], [ -63.439157057231469, -9.513186686411348 ], [ -63.439156595565997, -9.512824903814671 ], [ -63.438974376598566, -9.512825132913445 ], [ -63.438974145868478, -9.512644241607855 ], [ -63.438883036430937, -9.512644356119376 ], [ -63.438882690416243, -9.512373019154154 ], [ -63.438791581049379, -9.512373133638581 ], [ -63.438791465737374, -9.512282687981461 ], [ -63.438700356393298, -9.512282802441014 ], [ -63.438700241106396, -9.512192356782316 ], [ -63.438609131785107, -9.512192471216993 ], [ -63.438609016523294, -9.512102025556723 ], [ -63.438700125820631, -9.512101911123152 ], [ -63.438700010536017, -9.512011465463519 ], [ -63.439155556885829, -9.512010892944717 ], [ -63.439155326080645, -9.511830001635127 ], [ -63.439246435299282, -9.511829887062289 ], [ -63.439246204450804, -9.51164899575304 ], [ -63.439337313620413, -9.511648881158653 ], [ -63.439337082728656, -9.511467989849745 ], [ -63.439428191849238, -9.511467875233812 ], [ -63.439428076381148, -9.511377429579767 ], [ -63.439336967284497, -9.511377544194589 ], [ -63.439336620958905, -9.511106207226311 ], [ -63.439427729983748, -9.511106092614815 ], [ -63.439427268136619, -9.510744309988313 ], [ -63.439336159207542, -9.510744424595377 ], [ -63.43933604377257, -9.510653978936467 ], [ -63.439427152677716, -9.51065386433052 ], [ -63.439427037219957, -9.510563418672255 ], [ -63.439518146100013, -9.510563304043652 ], [ -63.439517915140065, -9.510382412727939 ], [ -63.439609023971109, -9.510382298077792 ], [ -63.439609139474442, -9.510472743734772 ], [ -63.439700248328265, -9.510472629059757 ], [ -63.439700017274873, -9.510291737747542 ], [ -63.439517799661822, -9.510291967069373 ], [ -63.439517684184722, -9.510201521410345 ], [ -63.439791010530776, -9.510201177395286 ], [ -63.439790779436407, -9.510020286082478 ], [ -63.440610757981631, -9.510019252774189 ], [ -63.440610642220747, -9.509928807127089 ], [ -63.440701750918308, -9.509928692197365 ], [ -63.440701866703115, -9.510019137843354 ], [ -63.440975192860677, -9.51001879290828 ], [ -63.440974961148605, -9.509837901622507 ], [ -63.440883852478436, -9.5098380166224 ], [ -63.440883620818845, -9.509657125332527 ], [ -63.441065838062286, -9.509656895313434 ], [ -63.441065722186352, -9.509566449670023 ], [ -63.441156830782411, -9.509566334625953 ], [ -63.441156946682284, -9.50965678026825 ], [ -63.441339163918805, -9.509656550106598 ], [ -63.441339395817742, -9.509837441385335 ], [ -63.441157178485483, -9.509837671551439 ], [ -63.441157294388816, -9.509928117192333 ], [ -63.441521729144455, -9.509927656760619 ], [ -63.44152161314539, -9.509837211124184 ], [ -63.441430504482142, -9.509837326266641 ], [ -63.441430272535335, -9.509656434990132 ], [ -63.441703598378005, -9.509656089498176 ], [ -63.441703482334532, -9.509565643862564 ], [ -63.441794590922512, -9.509565528652175 ] ], [ [ -63.439791934954222, -9.510924742627761 ], [ -63.439700825981866, -9.510924857332091 ], [ -63.439700941516037, -9.511015302985152 ], [ -63.439792050512324, -9.51101518827971 ], [ -63.439791934954222, -9.510924742627761 ] ], [ [ -63.439610641122364, -9.511648537232899 ], [ -63.439519531956194, -9.511648651898581 ], [ -63.439519647451682, -9.511739097550111 ], [ -63.439610756641777, -9.511738982883319 ], [ -63.439610641122364, -9.511648537232899 ] ], [ [ -63.439796326970317, -9.514361677072296 ], [ -63.439705217088161, -9.514361791818821 ], [ -63.439705332665994, -9.514452237454066 ], [ -63.439796442572103, -9.514452122706434 ], [ -63.439796326970317, -9.514361677072296 ] ], [ [ -63.439432002940798, -9.514452581554332 ], [ -63.439340893030099, -9.514452696206876 ], [ -63.439341008513303, -9.514543141846088 ], [ -63.439432118447947, -9.514543027192435 ], [ -63.439432002940798, -9.514452581554332 ] ], [ [ -63.440343564977937, -9.514813216226601 ], [ -63.440252454982954, -9.514813331121314 ], [ -63.440252570710221, -9.514903776747548 ], [ -63.440161460690135, -9.514903891619598 ], [ -63.440161576394623, -9.514994337246476 ], [ -63.440343796481528, -9.514994107476378 ], [ -63.440343564977937, -9.514813216226601 ] ], [ [ -63.440344143745563, -9.515265444347527 ], [ -63.440253033630832, -9.515265559247799 ], [ -63.440253265098043, -9.515446450495107 ], [ -63.440344375260665, -9.515446335592616 ], [ -63.440344143745563, -9.515265444347527 ] ] ] } },
{ "type": "Feature", "properties": { "area_m2": 11900.0 }, "geometry": { "type": "Polygon", "coordinates": [ [ [ -63.418295023143841, -9.514930773383746 ], [ -63.418295462978016, -9.515292556928857 ], [ -63.41811324220437, -9.515292775198805 ], [ -63.418113462032224, -9.515473666972769 ], [ -63.418204572467488, -9.515473557847571 ], [ -63.418204792347616, -9.51565444961755 ], [ -63.418295902829698, -9.515654340466465 ], [ -63.418296012795338, -9.515744786349694 ], [ -63.418204902289318, -9.515744895501832 ], [ -63.418205122175998, -9.515925787268998 ], [ -63.418114011620965, -9.515925896399477 ], [ -63.418114231464124, -9.516106788166876 ], [ -63.418205342067054, -9.516106679034289 ], [ -63.418205452014213, -9.51619712491623 ], [ -63.418296562640002, -9.516197015758809 ], [ -63.418296452668876, -9.516106569877925 ], [ -63.418387563269611, -9.516106460697783 ], [ -63.418387783260847, -9.516287352456972 ], [ -63.417750008697411, -9.516288116233437 ], [ -63.417749898868919, -9.516197670346683 ], [ -63.417841009500165, -9.516197561308147 ], [ -63.417840789798525, -9.516016669535352 ], [ -63.417749679215191, -9.516016778571778 ], [ -63.417749789041501, -9.516107224459466 ], [ -63.417658678433114, -9.516107333473173 ], [ -63.417658898041125, -9.51628822524925 ], [ -63.417385566065711, -9.516288552154029 ], [ -63.417385346601407, -9.516107660371627 ], [ -63.417112014759887, -9.516107987056094 ], [ -63.41711179544366, -9.515927095265491 ], [ -63.417202906010687, -9.515926986396552 ], [ -63.417202796330265, -9.515836540501606 ], [ -63.417020575243015, -9.515836758213599 ], [ -63.417020465611571, -9.515746312316073 ], [ -63.417111576131795, -9.515746203473018 ], [ -63.4171114664775, -9.515655757576077 ], [ -63.417020355981229, -9.515655866418081 ], [ -63.417020246351974, -9.515565420519618 ], [ -63.417202467295517, -9.515565202813942 ], [ -63.417202357619459, -9.515474756917115 ], [ -63.41711124717218, -9.515474865780789 ], [ -63.417111027871215, -9.515293973983628 ], [ -63.417293248668877, -9.515293756236723 ], [ -63.417293358366713, -9.515384202133429 ], [ -63.417384468787866, -9.515384093223261 ], [ -63.417384578510749, -9.515474539118445 ], [ -63.417475688954745, -9.515474430183451 ], [ -63.417475908451671, -9.515655321970312 ], [ -63.417567018942492, -9.515655213009429 ], [ -63.417566909169523, -9.515564767117286 ], [ -63.417749130099985, -9.515564549126308 ], [ -63.417749020280212, -9.515474103235809 ], [ -63.417657909839484, -9.515474212242131 ], [ -63.417657800044765, -9.515383766350105 ], [ -63.41774891046154, -9.51538365734484 ], [ -63.417748800643956, -9.515293211453404 ], [ -63.417839911035706, -9.515293102425415 ], [ -63.417839691355915, -9.51511221064324 ], [ -63.417930801698674, -9.515112101593587 ], [ -63.41793069183646, -9.515021655702853 ], [ -63.418021802154172, -9.515021546630484 ], [ -63.418021912040324, -9.515111992520165 ], [ -63.418113022380894, -9.515111883422961 ], [ -63.41811280256178, -9.514930991645244 ], [ -63.418295023143841, -9.514930773383746 ] ], [ [ -63.41774923992083, -9.515654995016341 ], [ -63.417658129432205, -9.515655104024773 ], [ -63.417658349029303, -9.515835995805537 ], [ -63.417749459565833, -9.515835886794997 ], [ -63.41774923992083, -9.515654995016341 ] ], [ [ -63.418022681273989, -9.515745113734788 ], [ -63.417931570764672, -9.515745222815603 ], [ -63.417931790507652, -9.515926114589101 ], [ -63.418114011620965, -9.515925896399477 ], [ -63.418113901701034, -9.515835450515072 ], [ -63.418022791168866, -9.515835559620717 ], [ -63.418022681273989, -9.515745113734788 ] ], [ [ -63.417658458829479, -9.515926441695218 ], [ -63.417567348267909, -9.515926550683037 ], [ -63.417567458045227, -9.516016996573304 ], [ -63.417658568630749, -9.51601688758443 ], [ -63.417658458829479, -9.515926441695218 ] ] ] } },
{ "type": "Feature", "properties": { "area_m2": 10000.0 }, "geometry": { "type": "Polygon", "coordinates": [ [ [ -63.362897865968257, -9.513183815318726 ], [ -63.362898152102289, -9.513455154805255 ], [ -63.362715931093184, -9.51345534412634 ], [ -63.362716026425197, -9.513545790622745 ], [ -63.362533805364414, -9.51354597985058 ], [ -63.362533900649495, -9.51363642634835 ], [ -63.362442790093738, -9.513636520927527 ], [ -63.362443456948171, -9.514269646405189 ], [ -63.362534567671553, -9.514269551819606 ], [ -63.362534758257809, -9.514450444807183 ], [ -63.362443647486529, -9.514450539394597 ], [ -63.362444123849031, -9.514902771859903 ], [ -63.362535234740037, -9.514902677267916 ], [ -63.362535425339573, -9.515083570248926 ], [ -63.362626536277538, -9.515083475631334 ], [ -63.362626822255777, -9.515354815096593 ], [ -63.362717933264662, -9.515354720452475 ], [ -63.362718028616584, -9.515445166939042 ], [ -63.362809139648455, -9.515445072270232 ], [ -63.36280933040306, -9.51562596524013 ], [ -63.362900441481884, -9.515625870545714 ], [ -63.362900632288181, -9.515806763511906 ], [ -63.362991743413957, -9.51580666879188 ], [ -63.362991838842476, -9.515897115273354 ], [ -63.363082949991266, -9.515897020528636 ], [ -63.363083045444689, -9.515987467008726 ], [ -63.363174156616459, -9.515987372239316 ], [ -63.363174347574066, -9.516168265196258 ], [ -63.363265458792796, -9.516168170401235 ], [ -63.363265649802102, -9.51634906335447 ], [ -63.363083427267874, -9.516349252924407 ], [ -63.36308333181065, -9.516258806446187 ], [ -63.362992220566063, -9.51625890119457 ], [ -63.362992125133736, -9.516168454714974 ], [ -63.36290101391215, -9.516168549438664 ], [ -63.362900823098272, -9.51598765647622 ], [ -63.362809711923646, -9.515987751174301 ], [ -63.362809521161459, -9.515806858208153 ], [ -63.362718410033779, -9.515806952880624 ], [ -63.362718314678048, -9.515716506395934 ], [ -63.362627203573382, -9.515716601043714 ], [ -63.362627108242563, -9.515626154557633 ], [ -63.36253599716089, -9.51562624918072 ], [ -63.362535806549992, -9.515445356205332 ], [ -63.362444695515272, -9.51544545080281 ], [ -63.362444409677884, -9.515174111333469 ], [ -63.362353298714076, -9.515174205904426 ], [ -63.362352917706616, -9.51481241993508 ], [ -63.362261806837651, -9.514812514478606 ], [ -63.362261711612099, -9.514722067984183 ], [ -63.362170600766142, -9.51472216250302 ], [ -63.362170505565487, -9.514631716007212 ], [ -63.362261616387499, -9.514631621489288 ], [ -63.362261521163845, -9.51454117499393 ], [ -63.362352631960967, -9.514541080453149 ], [ -63.362352441468602, -9.514360187462852 ], [ -63.362261330719377, -9.514360282001805 ], [ -63.362261140278697, -9.514179389007806 ], [ -63.362170029576419, -9.514179483521158 ], [ -63.362169743994336, -9.513908144023898 ], [ -63.361896412097337, -9.513908427413087 ], [ -63.361896316977052, -9.513817980910323 ], [ -63.361805206366768, -9.513818075324929 ], [ -63.36180492108339, -9.513546735811083 ], [ -63.361896031621846, -9.513546641399218 ], [ -63.361896126739296, -9.513637087903389 ], [ -63.361987237300738, -9.513636993466839 ], [ -63.361987332443086, -9.51372743996963 ], [ -63.362078443027528, -9.513727345508393 ], [ -63.362078538194766, -9.513817792009798 ], [ -63.362169648802208, -9.513817697523875 ], [ -63.362169553611018, -9.513727251023385 ], [ -63.362260664193563, -9.51372715651461 ], [ -63.362260378553849, -9.513455817013069 ], [ -63.362351489063613, -9.513455722483263 ], [ -63.362351203360582, -9.513184382980253 ], [ -63.362442313797558, -9.513184288429425 ], [ -63.362442599572418, -9.513455627929691 ], [ -63.362624820587214, -9.513455438751228 ], [ -63.362624725280085, -9.51336499225344 ], [ -63.362715835762117, -9.513364897629469 ], [ -63.362715740431995, -9.513274451132126 ], [ -63.362806850889129, -9.513274356485299 ], [ -63.362806755536013, -9.513183909988406 ], [ -63.362897865968257, -9.513183815318726 ] ] ] } },
{ "type": "Feature", "properties": { "area_m2": 8200.0 }, "geometry": { "type": "Polygon", "coordinates": [ [ [ -63.439433620145415, -9.515718820445132 ], [ -63.439433735668644, -9.515809266076671 ], [ -63.440162617786683, -9.515808347867267 ], [ -63.440162733502667, -9.515898793489455 ], [ -63.439980512932159, -9.515899023186682 ], [ -63.439980744271764, -9.516079914434096 ], [ -63.440162964938082, -9.516079684732425 ], [ -63.440163080657513, -9.516170130353201 ], [ -63.439889749584466, -9.516170474873379 ], [ -63.439889865233205, -9.516260920497025 ], [ -63.439980975615981, -9.516260805679632 ], [ -63.439981091289816, -9.516351251301696 ], [ -63.440072201695401, -9.516351136459415 ], [ -63.440072433094414, -9.516532027699917 ], [ -63.440163543546767, -9.516531912831633 ], [ -63.440163774998283, -9.516712804068037 ], [ -63.439799332990404, -9.516713263407381 ], [ -63.439799217359877, -9.516622817784972 ], [ -63.439708106878982, -9.516622932559251 ], [ -63.43970822248555, -9.516713378182775 ], [ -63.439617111979565, -9.516713492934386 ], [ -63.439616765235137, -9.516442156059087 ], [ -63.439525654799851, -9.516442270783594 ], [ -63.439525539244627, -9.516351825156447 ], [ -63.439434428832151, -9.516351939856067 ], [ -63.439434313302023, -9.516261494227338 ], [ -63.439252092521514, -9.516261723553026 ], [ -63.439252208003737, -9.516352169183971 ], [ -63.439343318418516, -9.516352054531906 ], [ -63.439343549434305, -9.516532945790168 ], [ -63.439434659895838, -9.516532831112109 ], [ -63.439434775429405, -9.516623276739429 ], [ -63.43934366494392, -9.516623391418598 ], [ -63.439343780454678, -9.516713837046558 ], [ -63.439252669944089, -9.516713951703061 ], [ -63.439252438971621, -9.516533060444452 ], [ -63.439070218042808, -9.516533289681684 ], [ -63.439069987170733, -9.516352398416769 ], [ -63.4391610975878, -9.516352283812257 ], [ -63.439160866672424, -9.516171392547681 ], [ -63.439343087407323, -9.516171163271764 ], [ -63.439342856400728, -9.51599027200975 ], [ -63.439251746081744, -9.515990386657375 ], [ -63.439251630604126, -9.515899941024555 ], [ -63.439160520307958, -9.515900055647299 ], [ -63.439160404855421, -9.5158096100129 ], [ -63.439342625398716, -9.515809380745857 ], [ -63.439342509899447, -9.515718935113208 ], [ -63.439433620145415, -9.515718820445132 ] ] ] } },
{ "type": "Feature", "properties": { "area_m2": 30400.0 }, "geometry": { "type": "Polygon", "coordinates": [ [ [ -63.38467393924644, -9.513793631432037 ], [ -63.384674040353232, -9.513884077699171 ], [ -63.385129592289736, -9.513883575550562 ], [ -63.385129693517257, -9.513974021812373 ], [ -63.385220803925478, -9.513973921310363 ], [ -63.385220905177952, -9.514064367570727 ], [ -63.385858678174976, -9.514063663384254 ], [ -63.385858881018187, -9.514244555889951 ], [ -63.385949991490186, -9.514244455194847 ], [ -63.385950295834427, -9.514515793946956 ], [ -63.385859185290577, -9.514515894644983 ], [ -63.385859286716723, -9.514606340895721 ], [ -63.38576817614792, -9.514606441570951 ], [ -63.385768683174035, -9.515058672822496 ], [ -63.385859793862579, -9.515058572142397 ], [ -63.385859895294786, -9.515149018390325 ], [ -63.385404341722229, -9.515149521557946 ], [ -63.385404443035689, -9.515239967810274 ], [ -63.385677775254088, -9.515239665978106 ], [ -63.385677978027736, -9.515420558475515 ], [ -63.385495756454006, -9.515420759724629 ], [ -63.385496060478324, -9.515692098473073 ], [ -63.385587171337541, -9.515691997857481 ], [ -63.385587069971145, -9.515601551609445 ], [ -63.385678180805407, -9.515601450971051 ], [ -63.385678282195755, -9.515691897218117 ], [ -63.38586050390915, -9.515691695868057 ], [ -63.385860605348412, -9.515782142112704 ], [ -63.385951716227552, -9.515782041401033 ], [ -63.385951817691762, -9.51587248764424 ], [ -63.386042928593838, -9.515872386907818 ], [ -63.386043030083023, -9.51596283314958 ], [ -63.386134141008043, -9.51596273238841 ], [ -63.386134445553495, -9.516234071107958 ], [ -63.386043334556611, -9.516234171872055 ], [ -63.386043436049825, -9.516324618111941 ], [ -63.386134547070654, -9.51632451734687 ], [ -63.386134648588829, -9.516414963585316 ], [ -63.385952426498264, -9.516415165093626 ], [ -63.385952730915129, -9.516686503811993 ], [ -63.386043842032784, -9.516686403066803 ], [ -63.38604404503031, -9.51686729554142 ], [ -63.385952933864758, -9.516867396288561 ], [ -63.385952832389442, -9.516776950050509 ], [ -63.385861721246826, -9.516777050772898 ], [ -63.385861619796465, -9.516686604533406 ], [ -63.385770508676799, -9.51668670523104 ], [ -63.38577030582703, -9.516505812748701 ], [ -63.385588083680481, -9.516506014068737 ], [ -63.385587982305019, -9.516415567824916 ], [ -63.385496871254183, -9.516415668448294 ], [ -63.385496668554175, -9.516234775957301 ], [ -63.385405557550243, -9.516234876554954 ], [ -63.385405456225698, -9.516144430307781 ], [ -63.385314345244701, -9.516144530880686 ], [ -63.3853146491495, -9.516415869623717 ], [ -63.385223538095644, -9.516415970175762 ], [ -63.385223436816993, -9.516325523927581 ], [ -63.385132325786088, -9.516325624454876 ], [ -63.385132224532391, -9.51623517820525 ], [ -63.38504111352443, -9.516235278707796 ], [ -63.385041214754168, -9.516325724958394 ], [ -63.384767881652387, -9.516326026326276 ], [ -63.384767679337621, -9.516145133818787 ], [ -63.384858790324643, -9.516145033388547 ], [ -63.384858689144828, -9.516054587135068 ], [ -63.384676467217659, -9.516054787969832 ], [ -63.384676568349583, -9.516145234225251 ], [ -63.384585457360544, -9.516145334607936 ], [ -63.384585558469517, -9.516235780863859 ], [ -63.384403336440521, -9.51623598155984 ], [ -63.384403235379452, -9.516145535301979 ], [ -63.384312124387385, -9.516145635613332 ], [ -63.384311821282068, -9.515874296834017 ], [ -63.384402932202264, -9.515874196525573 ], [ -63.384403033260313, -9.515964642784841 ], [ -63.384949698904137, -9.515964040429047 ], [ -63.384949597702374, -9.515873594175607 ], [ -63.384676264956838, -9.515873895457586 ], [ -63.384675961573144, -9.515602556685703 ], [ -63.384767072417475, -9.515602456285066 ], [ -63.384766971267638, -9.515512010027809 ], [ -63.384675860447253, -9.515512110427471 ], [ -63.384675759322384, -9.515421664168771 ], [ -63.384584648524942, -9.51542176454369 ], [ -63.384584547425021, -9.51533131828355 ], [ -63.384493436650523, -9.515331418633723 ], [ -63.384493335575563, -9.515240972372141 ], [ -63.384402224824015, -9.515241072697565 ], [ -63.384402123773995, -9.515150626434545 ], [ -63.384584345228177, -9.515150425761862 ], [ -63.384584446326087, -9.515240872022941 ], [ -63.384766667824159, -9.515240671253215 ], [ -63.384766768970977, -9.515331117511884 ], [ -63.384857879742448, -9.515331017090386 ], [ -63.384857576233159, -9.515059678315897 ], [ -63.384948686931772, -9.515059577873542 ], [ -63.384948889318203, -9.515240470388393 ], [ -63.385222221551714, -9.515240168912847 ], [ -63.385222120286151, -9.51514972265857 ], [ -63.385131009566599, -9.515149823173223 ], [ -63.385130300903505, -9.514516699373377 ], [ -63.385221411455419, -9.514516598865532 ], [ -63.385221310197906, -9.514426152607509 ], [ -63.385403531250816, -9.514425951522448 ], [ -63.385403733862617, -9.514606844034134 ], [ -63.385312623288783, -9.514606944590495 ], [ -63.385312724572252, -9.514697390846608 ], [ -63.385403835170038, -9.514697290289275 ], [ -63.38540413909832, -9.514968629051882 ], [ -63.385677471101197, -9.514968327228477 ], [ -63.385676761446383, -9.514335203462936 ], [ -63.385494540447418, -9.514335404688687 ], [ -63.385494439120087, -9.514244958432645 ], [ -63.384947776242697, -9.514245561533514 ], [ -63.384947877426342, -9.514336007795391 ], [ -63.38485676691932, -9.514336108229974 ], [ -63.384857070404465, -9.51460744701571 ], [ -63.384765959824577, -9.514607547429431 ], [ -63.384766263246931, -9.514878886213868 ], [ -63.384675152594198, -9.51487898660673 ], [ -63.384674950359518, -9.5146980940823 ], [ -63.384492729146835, -9.514698294792822 ], [ -63.384492931285713, -9.514879187321135 ], [ -63.384401820629975, -9.514879287642675 ], [ -63.384401921676975, -9.514969733907103 ], [ -63.384310810996276, -9.514969834205843 ], [ -63.384310406910089, -9.514608049141447 ], [ -63.384401517494986, -9.514607948846592 ], [ -63.384401315410038, -9.514427056313528 ], [ -63.384492425946043, -9.514426955996839 ], [ -63.384492122754288, -9.514155617196634 ], [ -63.38440101229012, -9.514155717510409 ], [ -63.384400911252165, -9.514065271241769 ], [ -63.384309800810939, -9.514065371530801 ], [ -63.384309497774929, -9.513794032719151 ], [ -63.38467393924644, -9.513793631432037 ] ], [ [ -63.384765251874285, -9.513974423582688 ], [ -63.384583031046752, -9.513974624325217 ], [ -63.384583233217448, -9.514155516859086 ], [ -63.384765454140769, -9.514155316112673 ], [ -63.384765251874285, -9.513974423582688 ] ], [ [ -63.385312724572252, -9.514697390846608 ], [ -63.385221613973449, -9.514697491380172 ], [ -63.385221715233975, -9.514787937636788 ], [ -63.385312825856722, -9.514787837102254 ], [ -63.385312724572252, -9.514697390846608 ] ], [ [ -63.384949192905374, -9.515511809157156 ], [ -63.384858082087014, -9.515511909604369 ], [ -63.384858183260796, -9.515602355860658 ], [ -63.384949294103109, -9.515602255412471 ], [ -63.384949192905374, -9.515511809157156 ] ], [ [ -63.385678484979472, -9.515872789710839 ], [ -63.385496263166246, -9.515872990969688 ], [ -63.38549636451171, -9.515963437217295 ], [ -63.385678586372848, -9.515963235956498 ], [ -63.385678484979472, -9.515872789710839 ] ], [ [ -63.38595212209048, -9.516143826371042 ], [ -63.385861011115537, -9.51614392708661 ], [ -63.385861112559837, -9.516234373328913 ], [ -63.385952223558732, -9.516234272612371 ], [ -63.38595212209048, -9.516143826371042 ] ], [ [ -63.385678789162625, -9.516144128446411 ], [ -63.385587678184656, -9.516144229090646 ], [ -63.385587779557099, -9.516234675335872 ], [ -63.385678890559021, -9.516234574690662 ], [ -63.385678789162625, -9.516144128446411 ] ] ] } },
{ "type": "Feature", "properties": { "area_m2": 149000.0 }, "geometry": { "type": "Polygon", "coordinates": [ [ [ -63.435235341383333, -9.510025991636686 ], [ -63.435235455733178, -9.510116437348554 ], [ -63.43605543500891, -9.510115414722796 ], [ -63.436055549575315, -9.5102058604243 ], [ -63.436146658401967, -9.510205746679308 ], [ -63.436146887586062, -9.510386638078703 ], [ -63.436237996459454, -9.510386524307746 ], [ -63.436237881842899, -9.510296078609386 ], [ -63.436328990691202, -9.510295964815771 ], [ -63.436329219973331, -9.510476856209825 ], [ -63.436511437762263, -9.5104766285469 ], [ -63.436512125923258, -9.511019302704588 ], [ -63.436238798807267, -9.511019644183165 ], [ -63.436238684182726, -9.510929198488082 ], [ -63.436147575165727, -9.510929312265647 ], [ -63.436147804368069, -9.511110203657546 ], [ -63.436238913432945, -9.511110089877777 ], [ -63.436239142687725, -9.511290981265596 ], [ -63.43633025179934, -9.511290867459863 ], [ -63.436330366452381, -9.511381313151968 ], [ -63.436603693852206, -9.51138097158888 ], [ -63.436603808578191, -9.511471417277209 ], [ -63.436694917733128, -9.511471303374215 ], [ -63.436694802983197, -9.511380857686987 ], [ -63.436785912113045, -9.511380743761331 ], [ -63.436786026886921, -9.511471189447457 ], [ -63.436877136039563, -9.511471075496932 ], [ -63.436877021241756, -9.511380629811912 ], [ -63.43696813036933, -9.511380515838724 ], [ -63.436967441462812, -9.510837841725365 ], [ -63.436785223493793, -9.510838069634737 ], [ -63.436784993963172, -9.510657178255453 ], [ -63.436876102900385, -9.510657064314856 ], [ -63.436875988112853, -9.510566618625615 ], [ -63.436967097024976, -9.510566504662357 ], [ -63.436966982214649, -9.510476058973751 ], [ -63.436784764437121, -9.510476286874297 ], [ -63.436784534915638, -9.510295395491266 ], [ -63.4370578614366, -9.510295053611422 ], [ -63.43705774660576, -9.510204607922512 ], [ -63.437148855419856, -9.510204493916147 ], [ -63.437149085130542, -9.51038538529129 ], [ -63.437240193991379, -9.510385271258952 ], [ -63.437240308872383, -9.510475716944716 ], [ -63.437149199987616, -9.510475830978157 ], [ -63.437149889153957, -9.511018505089522 ], [ -63.437058780124424, -9.511018619105823 ], [ -63.437058894965539, -9.511109064790512 ], [ -63.43715000401901, -9.51110895077311 ], [ -63.437150233752554, -9.511289842138877 ], [ -63.437332451951818, -9.511289614028362 ], [ -63.437332222122514, -9.511108722667013 ], [ -63.43742333117256, -9.511108608578319 ], [ -63.437423216235686, -9.511018162898042 ], [ -63.437514325260651, -9.511018048786688 ], [ -63.437514440221456, -9.511108494465859 ], [ -63.437605549269207, -9.511108380329638 ], [ -63.437605664255095, -9.511198826007234 ], [ -63.43778788239505, -9.511198597661288 ], [ -63.437788112466009, -9.51137948901065 ], [ -63.437879221582143, -9.511379374799823 ], [ -63.437879336643284, -9.511469820472698 ], [ -63.437788227503212, -9.511469934684634 ], [ -63.437788572621677, -9.511741271703759 ], [ -63.437697463408639, -9.511741385895247 ], [ -63.437697578426466, -9.511831831568458 ], [ -63.437788687663442, -9.51183171737587 ], [ -63.437788802706372, -9.511922163047503 ], [ -63.43769769344545, -9.511922277241201 ], [ -63.437697808465579, -9.512012722913473 ], [ -63.437515589892435, -9.51201295123178 ], [ -63.437515704865817, -9.512103396905792 ], [ -63.437606814176895, -9.512103282757419 ], [ -63.437606929175374, -9.512193728429859 ], [ -63.437698038509261, -9.512193614256613 ], [ -63.437698268557504, -9.512374505597876 ], [ -63.437789377938131, -9.512374391398653 ], [ -63.437789953198504, -9.512826619738082 ], [ -63.437698843698172, -9.512826733942831 ], [ -63.437698498610345, -9.512555396937264 ], [ -63.437607389180698, -9.512555511114932 ], [ -63.437607274177658, -9.512465065444365 ], [ -63.437516164770798, -9.512465179597161 ], [ -63.437516739677761, -9.51291740795082 ], [ -63.437607849204319, -9.512917293792501 ], [ -63.437607964213093, -9.513007739460722 ], [ -63.437425745110943, -9.513007967755801 ], [ -63.43742586007297, -9.513098413425759 ], [ -63.437699188796294, -9.51309807094418 ], [ -63.437699418867446, -9.513278962276067 ], [ -63.437790528487483, -9.51327884806579 ], [ -63.437790758611094, -9.513459739393589 ], [ -63.437699648943159, -9.513459853606077 ], [ -63.437699763982728, -9.513550299270381 ], [ -63.437517544595543, -9.513550527626254 ], [ -63.437517429603858, -9.513460081959741 ], [ -63.437426319932491, -9.513460196100919 ], [ -63.437426204965895, -9.513369750432833 ], [ -63.436879547057373, -9.513370434774107 ], [ -63.436879432235585, -9.513279989098933 ], [ -63.436788322604116, -9.513280103071516 ], [ -63.436788437401958, -9.513370548747794 ], [ -63.436697327745399, -9.513370662697712 ], [ -63.436697442520433, -9.513461108374626 ], [ -63.436788552200937, -9.513460994423605 ], [ -63.436788667001075, -9.513551440098951 ], [ -63.436697557296633, -9.513551554051073 ], [ -63.436697672073954, -9.513641999727049 ], [ -63.436606562344423, -9.513642113656504 ], [ -63.436606677098951, -9.513732559333112 ], [ -63.436697786852427, -9.513732445402557 ], [ -63.43669790163203, -9.513822891077593 ], [ -63.436789011408315, -9.51382277712216 ], [ -63.436789241018857, -9.514003668468632 ], [ -63.436698131194682, -9.514003782426265 ], [ -63.436698934699905, -9.514636902131844 ], [ -63.436790044691691, -9.514636788166488 ], [ -63.436790159506664, -9.514727233835737 ], [ -63.43688126952128, -9.514727119845503 ], [ -63.436880580504884, -9.514184445829605 ], [ -63.437336129842365, -9.514183875554968 ], [ -63.437336244795311, -9.514274321219938 ], [ -63.437700684340498, -9.514273864567921 ], [ -63.437701029493553, -9.514545201546762 ], [ -63.437792139448831, -9.514545087321011 ], [ -63.437792369604466, -9.514725978635685 ], [ -63.43770125960129, -9.514726092863647 ], [ -63.437701374656889, -9.514816538521384 ], [ -63.437610264628624, -9.514816652726676 ], [ -63.437610494695349, -9.514997544042956 ], [ -63.437701604771497, -9.514997429835452 ], [ -63.437702180078062, -9.51544965811242 ], [ -63.437793290272829, -9.515449543875619 ], [ -63.437793405361518, -9.5155399895285 ], [ -63.437702295142799, -9.515540103766407 ], [ -63.437702525275725, -9.51572099507297 ], [ -63.437611415007964, -9.515721109289315 ], [ -63.437611645097562, -9.515902000596215 ], [ -63.437520534780766, -9.515902114790991 ], [ -63.437520649803325, -9.515992560444847 ], [ -63.437611760144073, -9.515992446248964 ], [ -63.437612105290491, -9.516263783204389 ], [ -63.437520994877886, -9.516263897403586 ], [ -63.437521109905013, -9.516354343055561 ], [ -63.437338889028474, -9.516354571384831 ], [ -63.437339004008855, -9.516445017038548 ], [ -63.437247893544921, -9.516445131168622 ], [ -63.437248008502479, -9.516535576822971 ], [ -63.436974677031955, -9.516535919073839 ], [ -63.436974906806803, -9.516716810387756 ], [ -63.436883796266443, -9.516716924426031 ], [ -63.43688391113163, -9.516807370083388 ], [ -63.436792800566167, -9.516807484098987 ], [ -63.436792341208083, -9.516445701462333 ], [ -63.436701230737306, -9.516445815449739 ], [ -63.436701001113008, -9.516264924126393 ], [ -63.436609890688985, -9.51626503808782 ], [ -63.436609775902497, -9.516174592424338 ], [ -63.436700886302582, -9.516174478464016 ], [ -63.436700771493285, -9.516084032801169 ], [ -63.436791881868267, -9.51608391881817 ], [ -63.43679073359867, -9.515179462174936 ], [ -63.436608513326547, -9.515179690095104 ], [ -63.436608398553766, -9.515089244425996 ], [ -63.436517288439944, -9.515089358349318 ], [ -63.436517173692245, -9.514998912678641 ], [ -63.436699393870846, -9.514998684810429 ], [ -63.436699508666443, -9.515089130478902 ], [ -63.436790618777984, -9.515089016508036 ], [ -63.436790274322782, -9.514817679504514 ], [ -63.436699164283091, -9.514817793472075 ], [ -63.436699049490919, -9.514727347802195 ], [ -63.436607939474037, -9.514727461744878 ], [ -63.436607709941015, -9.514546570401503 ], [ -63.436516599970894, -9.51454668431821 ], [ -63.436516485230044, -9.514456238644719 ], [ -63.436425375282717, -9.514456352536552 ], [ -63.436425031138846, -9.514185015509955 ], [ -63.436333921262218, -9.51418512937471 ], [ -63.436333691886567, -9.514004238019099 ], [ -63.436242582056693, -9.51400435185788 ], [ -63.436242467394528, -9.513913906178271 ], [ -63.436151357587455, -9.513914019992177 ], [ -63.436151816147181, -9.514275802712213 ], [ -63.436334035951752, -9.514275575051814 ], [ -63.436334150642423, -9.514366020728451 ], [ -63.436060820862018, -9.514366362186694 ], [ -63.436061050103106, -9.514547253545162 ], [ -63.436152160078947, -9.514547139747316 ], [ -63.436152274725139, -9.514637585424747 ], [ -63.436061164725359, -9.514637699223695 ], [ -63.436061279348749, -9.514728144901758 ], [ -63.43597016932388, -9.51472825867803 ], [ -63.435970742338213, -9.515180487066813 ], [ -63.436061852482823, -9.515180373285036 ], [ -63.436062196376938, -9.515451710309376 ], [ -63.436335527019473, -9.51545136881148 ], [ -63.43633529761189, -9.515270477469 ], [ -63.436244187446761, -9.515270591323201 ], [ -63.436244072768631, -9.515180145650154 ], [ -63.436335182909815, -9.515180031797053 ], [ -63.436334953509082, -9.514999140451758 ], [ -63.436426063601232, -9.514999026577087 ], [ -63.43642640777589, -9.515270363591021 ], [ -63.436517517938753, -9.515270249689273 ], [ -63.436517632689871, -9.515360695358542 ], [ -63.436426522503062, -9.515360809261395 ], [ -63.436426751960823, -9.515541700600735 ], [ -63.436517862195529, -9.515541586695681 ], [ -63.436518091705757, -9.515722478030941 ], [ -63.436335871139399, -9.515722705821689 ], [ -63.436335756431625, -9.515632260152088 ], [ -63.436062425645375, -9.515632601656591 ], [ -63.43606254028132, -9.515723047329494 ], [ -63.435971429992996, -9.515723161117878 ], [ -63.435971544606133, -9.515813606791417 ], [ -63.436062654918381, -9.51581349300193 ], [ -63.436062884195941, -9.515994384345394 ], [ -63.435971773835796, -9.515994498137079 ], [ -63.435971659220385, -9.515904052464485 ], [ -63.435789438544546, -9.515904279974324 ], [ -63.435789209412974, -9.515723388623321 ], [ -63.435698099121247, -9.515723502340379 ], [ -63.435698213662512, -9.515813948017218 ], [ -63.435607103345696, -9.515814061711598 ], [ -63.435606874312192, -9.515633170355258 ], [ -63.435789094848886, -9.515632942947118 ], [ -63.435788980285942, -9.51554249727044 ], [ -63.435880090528627, -9.515542383531807 ], [ -63.435879975942875, -9.515451937855763 ], [ -63.435788865724142, -9.515452051593295 ], [ -63.435788751163479, -9.515361605915682 ], [ -63.435697640967547, -9.51536171962834 ], [ -63.435697755504258, -9.515452165307051 ], [ -63.435606645283251, -9.515452278997035 ], [ -63.43560641625885, -9.515271387636943 ], [ -63.435515306084596, -9.515271501300949 ], [ -63.435515191598064, -9.515181055619095 ], [ -63.435697411897536, -9.515180828269505 ], [ -63.435697297364236, -9.515090382589388 ], [ -63.435241746726746, -9.515090950779561 ], [ -63.435241861140305, -9.515181396465179 ], [ -63.435059640829444, -9.515181623577027 ], [ -63.435059983933243, -9.51545296063766 ], [ -63.434968873704257, -9.515453074161218 ], [ -63.434969216746445, -9.515724411220926 ], [ -63.435060327047282, -9.515724297694067 ], [ -63.435060441420895, -9.515814743378604 ], [ -63.434969331096113, -9.515814856906555 ], [ -63.434969788506159, -9.516176639644392 ], [ -63.43506089892675, -9.516176526112046 ], [ -63.435061013306054, -9.516266971794233 ], [ -63.434969902861518, -9.516267085327677 ], [ -63.434970360294294, -9.516628868056133 ], [ -63.434879249752818, -9.516628981570191 ], [ -63.434879592767487, -9.516900318614901 ], [ -63.434970703380834, -9.516900205097548 ], [ -63.434970817745274, -9.516990650777084 ], [ -63.434879707107982, -9.516990764295535 ], [ -63.434880736223612, -9.517804775400119 ], [ -63.434789625369582, -9.517804888904676 ], [ -63.4347897396975, -9.517895334581713 ], [ -63.434698628818381, -9.517895448063586 ], [ -63.434697371537396, -9.516900545578277 ], [ -63.434788482153003, -9.516900432108478 ], [ -63.43478676754124, -9.515543746826246 ], [ -63.43487787779646, -9.515543633349138 ], [ -63.434877649152973, -9.515362741972398 ], [ -63.434786538945673, -9.515362855447309 ], [ -63.434786310354639, -9.515181964066496 ], [ -63.434877420514042, -9.51518185059378 ], [ -63.434876048775934, -9.514096502282692 ], [ -63.434967158646842, -9.514096388799382 ], [ -63.434966929991838, -9.513915497409831 ], [ -63.43487582016882, -9.513915610890948 ], [ -63.434875591566275, -9.513734719497323 ], [ -63.434966701341395, -9.513734606018405 ], [ -63.434964872301528, -9.512287474819495 ], [ -63.435055981692422, -9.512287361334375 ], [ -63.435053923939577, -9.510659338611921 ], [ -63.435145032898433, -9.510659225122808 ], [ -63.435144232593167, -9.510026105141867 ], [ -63.435235341383333, -9.510025991636686 ] ], [ [ -63.436239257316821, -9.511381426958806 ], [ -63.436148148180131, -9.511381540741874 ], [ -63.436148262786432, -9.511471986435716 ], [ -63.436239371947067, -9.511471872651541 ], [ -63.436239257316821, -9.511381426958806 ] ], [ [ -63.437606009219621, -9.51147016303721 ], [ -63.43715046349066, -9.511470733502769 ], [ -63.437150693233342, -9.511651624864792 ], [ -63.437241802429298, -9.511651510817 ], [ -63.437241917326297, -9.5117419564962 ], [ -63.437424135762669, -9.511741728327117 ], [ -63.437423905874056, -9.511560836972661 ], [ -63.437515015042642, -9.511560722854679 ], [ -63.437515130010318, -9.511651168531037 ], [ -63.437606239201706, -9.511651054388185 ], [ -63.437606009219621, -9.51147016303721 ] ], [ [ -63.436421590264914, -9.511471645011907 ], [ -63.436330481106559, -9.511471758843607 ], [ -63.436330595761873, -9.511562204534776 ], [ -63.436421704944166, -9.511562090701975 ], [ -63.436421590264914, -9.511471645011907 ] ], [ [ -63.436968474838004, -9.511651852889075 ], [ -63.436877365638615, -9.511651966865571 ], [ -63.436877595242223, -9.511832858232333 ], [ -63.436968704489495, -9.511832744253633 ], [ -63.436968474838004, -9.511651852889075 ] ], [ [ -63.436877595242223, -9.511832858232333 ], [ -63.436786485993821, -9.511832972187271 ], [ -63.436786715554128, -9.512013863554364 ], [ -63.436695606256691, -9.512013977487738 ], [ -63.436695835773683, -9.512194868855165 ], [ -63.436878054463165, -9.512194640960235 ], [ -63.43687793965622, -9.512104195278962 ], [ -63.4369690489753, -9.512104081296949 ], [ -63.436968819316945, -9.511923189935208 ], [ -63.436877710045742, -9.511923303915014 ], [ -63.436877595242223, -9.511832858232333 ] ], [ [ -63.437424365655843, -9.511922619679698 ], [ -63.437151037855934, -9.5119229619043 ], [ -63.437151267610041, -9.512103853261628 ], [ -63.43733348624022, -9.512103625131243 ], [ -63.437333371314708, -9.512013179455019 ], [ -63.437424480604143, -9.512013065355285 ], [ -63.437424365655843, -9.511922619679698 ] ], [ [ -63.43633105439455, -9.511923987294759 ], [ -63.436239945115361, -9.511924101108203 ], [ -63.436240059752436, -9.512014546798126 ], [ -63.43633116905557, -9.512014432983584 ], [ -63.43633105439455, -9.511923987294759 ] ], [ [ -63.437151267610041, -9.512103853261628 ], [ -63.437060158293242, -9.512103967291173 ], [ -63.43706027314807, -9.51219441297024 ], [ -63.437151382488814, -9.512194298939596 ], [ -63.437151267610041, -9.512103853261628 ] ], [ [ -63.437242491828414, -9.51219418488518 ], [ -63.437151382488814, -9.512194298939596 ], [ -63.437151497368724, -9.512284744617086 ], [ -63.437242606732262, -9.51228463056157 ], [ -63.437242491828414, -9.51219418488518 ] ], [ [ -63.43651361707964, -9.512195096655029 ], [ -63.43642250773091, -9.512195210519309 ], [ -63.436422622419293, -9.512285656205623 ], [ -63.436513731791969, -9.512285542340241 ], [ -63.43651361707964, -9.512195096655029 ] ], [ [ -63.436240976890133, -9.512738112300656 ], [ -63.436149867394334, -9.512738226100245 ], [ -63.436149982017731, -9.512828671787053 ], [ -63.436241091537475, -9.512828557986362 ], [ -63.436240976890133, -9.512738112300656 ] ], [ [ -63.436605644349306, -9.512918548226743 ], [ -63.436514534810186, -9.51291866212361 ], [ -63.436514649531638, -9.513009107805072 ], [ -63.436423539967429, -9.513009221679273 ], [ -63.436423769365859, -9.513190113042997 ], [ -63.436697098198728, -9.513189771342477 ], [ -63.436696868656632, -9.513008879985367 ], [ -63.436605759094697, -9.513008993907105 ], [ -63.436605644349306, -9.512918548226743 ] ], [ [ -63.437334750496227, -9.513098527538752 ], [ -63.437243640918354, -9.513098641627971 ], [ -63.437243870750059, -9.513279532970907 ], [ -63.437334980375816, -9.513279418879478 ], [ -63.437334750496227, -9.513098527538752 ] ], [ [ -63.437517084635665, -9.51318874495739 ], [ -63.437425975036128, -9.513188859095255 ], [ -63.437426090000443, -9.513279304764277 ], [ -63.437517199623919, -9.51327919062531 ], [ -63.437517084635665, -9.51318874495739 ] ], [ [ -63.436515108428843, -9.513370890526238 ], [ -63.436423998768866, -9.513371004404846 ], [ -63.436424113472086, -9.513461450085066 ], [ -63.436515223156007, -9.513461336205358 ], [ -63.436515108428843, -9.513370890526238 ] ], [ [ -63.435877913594148, -9.513823915606789 ], [ -63.435604584227676, -9.51382425668865 ], [ -63.435604698721079, -9.513914702376436 ], [ -63.435513588906026, -9.513914816023947 ], [ -63.435513817848367, -9.51409570740031 ], [ -63.435696037573116, -9.514095480077117 ], [ -63.43569592305348, -9.514005034391371 ], [ -63.43587814272577, -9.514004806975292 ], [ -63.435877913594148, -9.513823915606789 ] ], [ [ -63.435422364644324, -9.513824483957706 ], [ -63.435331254850951, -9.513824597556575 ], [ -63.435331369272525, -9.513915043247659 ], [ -63.435240259454062, -9.51391515682386 ], [ -63.435240373852821, -9.514005602515574 ], [ -63.435422593536501, -9.514005375337204 ], [ -63.435422364644324, -9.513824483957706 ] ], [ [ -63.435605385705443, -9.514457376493299 ], [ -63.435514275746719, -9.514457490147409 ], [ -63.435514619182428, -9.514728827202807 ], [ -63.435605729212995, -9.514728713545399 ], [ -63.435605843717802, -9.514819159228496 ], [ -63.435696953771178, -9.514819045546211 ], [ -63.435697068301053, -9.514909491227739 ], [ -63.435788178377244, -9.514909377520583 ], [ -63.435788063823409, -9.514818931840157 ], [ -63.435879173874511, -9.514818818110328 ], [ -63.435879059297868, -9.514728372430532 ], [ -63.435787949270726, -9.51472848615926 ], [ -63.435787720168754, -9.514547594796063 ], [ -63.435605500206826, -9.514547822177798 ], [ -63.435605385705443, -9.514457376493299 ] ], [ [ -63.43533205582586, -9.514457717384312 ], [ -63.435149835900432, -9.514457944526127 ], [ -63.435149950282081, -9.514548390216124 ], [ -63.435058840293713, -9.514548503752472 ], [ -63.435059297735883, -9.514910286512174 ], [ -63.435150407820039, -9.514910172971433 ], [ -63.435150293433843, -9.51481972728331 ], [ -63.43524140349291, -9.514819613719894 ], [ -63.435241289083905, -9.5147291680324 ], [ -63.435332399117883, -9.51472905444631 ], [ -63.43533205582586, -9.514457717384312 ] ], [ [ -63.43715471447014, -9.514817223396538 ], [ -63.437063604435018, -9.514817337459194 ], [ -63.437063719324122, -9.514907783124192 ], [ -63.437154829383182, -9.514907669060435 ], [ -63.43715471447014, -9.514817223396538 ] ], [ [ -63.437246973925511, -9.515721565916934 ], [ -63.437155863652038, -9.515721680014396 ], [ -63.43715597857652, -9.515812125673603 ], [ -63.437247088873939, -9.515812011575033 ], [ -63.437246973925511, -9.515721565916934 ] ], [ [ -63.437429769462085, -9.516173565925454 ], [ -63.437338659071152, -9.516173680075992 ], [ -63.437338774049245, -9.516264125730649 ], [ -63.437429884464137, -9.516264011579004 ], [ -63.437429769462085, -9.516173565925454 ] ], [ [ -63.437247548679068, -9.516173794202755 ], [ -63.437156438285839, -9.516173908305737 ], [ -63.437156553216035, -9.516264353962603 ], [ -63.437247663633208, -9.516264239858513 ], [ -63.437247548679068, -9.516173794202755 ] ] ] } },
{ "type": "Feature", "properties": { "area_m2": 13200.0 }, "geometry": { "type": "Polygon", "coordinates": [ [ [ -63.457838828877257, -9.516418733237101 ], [ -63.457838949247964, -9.516509178636069 ], [ -63.457930059471444, -9.516509059131209 ], [ -63.457930179867304, -9.516599504528553 ], [ -63.458203510602409, -9.516599145867842 ], [ -63.458203631071328, -9.516689591261246 ], [ -63.458294741337916, -9.516689471658959 ], [ -63.45829486183198, -9.516779917050739 ], [ -63.458021530956771, -9.516780275789726 ], [ -63.458021651380179, -9.516870721184505 ], [ -63.458112761697059, -9.516870601627465 ], [ -63.45811288214562, -9.516961047020619 ], [ -63.45774844077507, -9.516961525110739 ], [ -63.457748561129002, -9.517051970508049 ], [ -63.458021892230583, -9.517051611972656 ], [ -63.458022253515168, -9.517322948151365 ], [ -63.45793114307731, -9.517323067690411 ], [ -63.457931022671865, -9.51723262229682 ], [ -63.457839912256773, -9.517232741810931 ], [ -63.457840153020946, -9.517413632599954 ], [ -63.458022373945767, -9.517413393543331 ], [ -63.458022494377545, -9.517503838934825 ], [ -63.45793138389179, -9.517503958476183 ], [ -63.45793198594891, -9.517956185432405 ], [ -63.457840875342178, -9.517956304955764 ], [ -63.457840514176169, -9.517684968779971 ], [ -63.457749403640115, -9.51768508827608 ], [ -63.457749283277785, -9.517594642882054 ], [ -63.457658172764482, -9.51759476235323 ], [ -63.457657932091337, -9.517413871561457 ], [ -63.457475711156953, -9.517414110427847 ], [ -63.457475831445016, -9.517504555826276 ], [ -63.457566941936769, -9.517504436403817 ], [ -63.457567182564382, -9.517685327196959 ], [ -63.457384961483875, -9.517685566022717 ], [ -63.457385202020461, -9.517866456818602 ], [ -63.457294091430498, -9.51786657619812 ], [ -63.457294211676633, -9.517957021596514 ], [ -63.45711199044522, -9.517957260286519 ], [ -63.457112230845247, -9.518138151086514 ], [ -63.457203341509455, -9.518138031751095 ], [ -63.457203461735212, -9.518228477149236 ], [ -63.457021240357683, -9.518228715798605 ], [ -63.457021360536721, -9.518319161198585 ], [ -63.457112471250042, -9.518319041884638 ], [ -63.457112711659619, -9.51849993268088 ], [ -63.456839379372333, -9.5185002905583 ], [ -63.456839139106485, -9.518319399755132 ], [ -63.456930249822193, -9.51831928048875 ], [ -63.456929769209026, -9.517957498881399 ], [ -63.456838658589135, -9.517957618143168 ], [ -63.456838418337632, -9.517776727334368 ], [ -63.456929528909605, -9.517776608074907 ], [ -63.456929408761688, -9.517686162670961 ], [ -63.457111629854147, -9.517685924083004 ], [ -63.457111509659512, -9.517595478680894 ], [ -63.456929288614973, -9.517595717266543 ], [ -63.456928928181959, -9.517324381050472 ], [ -63.457020038632969, -9.517324261772998 ], [ -63.457019798302362, -9.517143370962247 ], [ -63.456928687899257, -9.517143490237416 ], [ -63.45692808721342, -9.516691263196558 ], [ -63.457110307778898, -9.516691024633987 ], [ -63.4571107885168, -9.517052806258377 ], [ -63.457384119643493, -9.517052448222337 ], [ -63.457384239902822, -9.517142893623801 ], [ -63.45756646069588, -9.5171426548119 ], [ -63.457566220082605, -9.51696176401313 ], [ -63.457383999385357, -9.516962002820406 ], [ -63.457383879128436, -9.516871557418007 ], [ -63.457474989453701, -9.516871438027412 ], [ -63.457474748895514, -9.516690547223515 ], [ -63.457565859171673, -9.516690427811454 ], [ -63.457565738870422, -9.516599982409955 ], [ -63.457656849121442, -9.516599862975269 ], [ -63.457656608474615, -9.516418972173179 ], [ -63.457838828877257, -9.516418733237101 ] ], [ [ -63.457838949247964, -9.516509178636069 ], [ -63.457747839023298, -9.516509298117153 ], [ -63.457748079720425, -9.516690188915996 ], [ -63.457839189992995, -9.516690069432601 ], [ -63.457838949247964, -9.516509178636069 ] ], [ [ -63.457657089773043, -9.516780753775484 ], [ -63.457565979474126, -9.516780873212481 ], [ -63.457566099777772, -9.51687131861304 ], [ -63.457657210100642, -9.516871199174888 ], [ -63.457657089773043, -9.516780753775484 ] ], [ [ -63.457293129504492, -9.517143012994078 ], [ -63.457110908704273, -9.517143251663304 ], [ -63.457111149082785, -9.517324142471747 ], [ -63.457020038632969, -9.517324261772998 ], [ -63.457020278968351, -9.517505152581872 ], [ -63.457111389466078, -9.517505033278313 ], [ -63.457111269273838, -9.517414587875265 ], [ -63.457202379746413, -9.517414468549081 ], [ -63.457202499962598, -9.517504913950976 ], [ -63.457293610457938, -9.517504794599853 ], [ -63.457293129504492, -9.517143012994078 ] ], [ [ -63.457384841217383, -9.517595120624071 ], [ -63.457293730699291, -9.517595240000126 ], [ -63.457293850941824, -9.517685685399927 ], [ -63.457384961483875, -9.517685566022717 ], [ -63.457384841217383, -9.517595120624071 ] ], [ [ -63.457293971185571, -9.517776130799257 ], [ -63.457202860618366, -9.51777625015384 ], [ -63.457202980839355, -9.517866695553858 ], [ -63.457294091430498, -9.51786657619812 ], [ -63.457293971185571, -9.517776130799257 ] ] ] } },
{ "type": "Feature", "properties": { "area_m2": 14400.0 }, "geometry": { "type": "Polygon", "coordinates": [ [ [ -63.460480176753052, -9.515782140405664 ], [ -63.460482113807757, -9.517229266247478 ], [ -63.46039100342626, -9.517229386427399 ], [ -63.460391124478456, -9.517319831789687 ], [ -63.460482234883905, -9.5173197116086 ], [ -63.460483082450665, -9.51795282912334 ], [ -63.460574193022588, -9.517952708910341 ], [ -63.460574314132316, -9.518043154266548 ], [ -63.46066542472699, -9.518043034028601 ], [ -63.460665666997983, -9.518223924737283 ], [ -63.460574556355397, -9.518224044977556 ], [ -63.460574919699056, -9.518495381040553 ], [ -63.460666030413513, -9.518495260796792 ], [ -63.46066639383988, -9.518766596852073 ], [ -63.460575283053544, -9.518766717099325 ], [ -63.460575161934166, -9.518676271746868 ], [ -63.460484051170596, -9.518676391969176 ], [ -63.460484414460439, -9.518947728028623 ], [ -63.460393303623775, -9.51894784823063 ], [ -63.460393545775105, -9.519128738936908 ], [ -63.460666878425222, -9.519128378252551 ], [ -63.460666999574556, -9.519218823601495 ], [ -63.46057588866843, -9.519218943854561 ], [ -63.460576009795027, -9.519309389204203 ], [ -63.460484898863733, -9.519309509434647 ], [ -63.460485141072603, -9.519490400134842 ], [ -63.460394030092196, -9.519490520343826 ], [ -63.460394635515655, -9.519942747091918 ], [ -63.460303524414229, -9.519942867282934 ], [ -63.460303282289161, -9.519761976582776 ], [ -63.460212171234467, -9.519762096747682 ], [ -63.460212050197697, -9.519671651395738 ], [ -63.460303161228438, -9.519671531231999 ], [ -63.460302798053462, -9.519400195176841 ], [ -63.460211687094606, -9.519400315337096 ], [ -63.460211324002344, -9.519128979274226 ], [ -63.460302434889321, -9.51912885911746 ], [ -63.460302313837019, -9.519038413763397 ], [ -63.460211202973994, -9.519038533919 ], [ -63.46021083989617, -9.518767197850503 ], [ -63.460119729103823, -9.518767317978838 ], [ -63.460119608104243, -9.518676872620569 ], [ -63.460210718872631, -9.518676752493397 ], [ -63.460210476829175, -9.51849586177778 ], [ -63.4601193661087, -9.518495981902632 ], [ -63.460119245112722, -9.518405536542955 ], [ -63.460028134415005, -9.518405656642864 ], [ -63.460028255387023, -9.5184961020037 ], [ -63.459937144664131, -9.518496222080985 ], [ -63.459936902769222, -9.518315331356522 ], [ -63.459845792093056, -9.518315451407704 ], [ -63.459845671171358, -9.518225006043604 ], [ -63.460027892474585, -9.518224765919785 ], [ -63.460027771506184, -9.518134320557538 ], [ -63.460118882132036, -9.518134200461116 ], [ -63.460119124117959, -9.518315091182812 ], [ -63.460210234790516, -9.518314971060287 ], [ -63.460209387693133, -9.517681853534276 ], [ -63.460300498196808, -9.517681733396101 ], [ -63.460300256131902, -9.517500842672483 ], [ -63.460209145676146, -9.517500962808334 ], [ -63.460209024669446, -9.517410517444661 ], [ -63.460117914236434, -9.517410637555569 ], [ -63.460118035219175, -9.517501082920404 ], [ -63.460026924761017, -9.517501203008692 ], [ -63.460026682844642, -9.51732031227623 ], [ -63.460117793254902, -9.517320192190263 ], [ -63.460117672274571, -9.517229746824489 ], [ -63.460299893043569, -9.51722950658354 ], [ -63.460299650990699, -9.517048615855233 ], [ -63.460026319979114, -9.517048976174019 ], [ -63.460026199026338, -9.516958530805674 ], [ -63.459935088710687, -9.516958650863215 ], [ -63.459934725931447, -9.516687314751888 ], [ -63.460025836175234, -9.516687194697829 ], [ -63.460026078074769, -9.516868085436862 ], [ -63.46011718836526, -9.516867965356704 ], [ -63.460117309340788, -9.516958410724351 ], [ -63.460208419654016, -9.516958290619254 ], [ -63.46020829865455, -9.516867845252765 ], [ -63.460299408942625, -9.516867725125048 ], [ -63.460299166899389, -9.516686834392987 ], [ -63.460208056659205, -9.516686954518381 ], [ -63.460207935663341, -9.516596509150483 ], [ -63.460299045879559, -9.516596389026255 ], [ -63.460298077764328, -9.515872826075487 ], [ -63.460389187787733, -9.515872705936783 ], [ -63.4603890667548, -9.515782260566985 ], [ -63.460480176753052, -9.515782140405664 ] ] ] } },
{ "type": "Feature", "properties": { "area_m2": 12600.0 }, "geometry": { "type": "Polygon", "coordinates": [ [ [ -63.435245751878128, -9.51825654949714 ], [ -63.435245866331506, -9.518346995166345 ], [ -63.435610310292972, -9.518346540503437 ], [ -63.435610424843311, -9.518436986167771 ], [ -63.435701535854783, -9.518436872441491 ], [ -63.435701879584521, -9.518708209428382 ], [ -63.435610768501171, -9.518708323157965 ], [ -63.435610883056064, -9.518798768820425 ], [ -63.435428660838028, -9.518798996210439 ], [ -63.435428775346153, -9.518889441874629 ], [ -63.435519886479696, -9.518889328190411 ], [ -63.435520001012911, -9.518979773853033 ], [ -63.435337778696777, -9.51898000119988 ], [ -63.43533789318321, -9.51907044686423 ], [ -63.435246781999474, -9.519070560503078 ], [ -63.435246667536994, -9.518980114837627 ], [ -63.435155556376074, -9.518980228451591 ], [ -63.43515578525426, -9.519161119784219 ], [ -63.435246896463077, -9.519161006168058 ], [ -63.435247010927831, -9.51925145183257 ], [ -63.435338122159493, -9.519251338191525 ], [ -63.435338465632455, -9.519522675178948 ], [ -63.435429576934858, -9.519522561510822 ], [ -63.435429691452079, -9.519613007171257 ], [ -63.435520802777297, -9.519612893478245 ], [ -63.435520917319622, -9.519703339137113 ], [ -63.435612028667663, -9.519703225419219 ], [ -63.435612257803655, -9.519884116733348 ], [ -63.435703369198471, -9.519884002989464 ], [ -63.435703483792132, -9.519974448644724 ], [ -63.435794595209785, -9.519974334875956 ], [ -63.435794824448443, -9.520155226182872 ], [ -63.435885935912872, -9.520155112388114 ], [ -63.435886050557869, -9.520245558039765 ], [ -63.435977162045134, -9.520245444220123 ], [ -63.435977276715235, -9.520335889870204 ], [ -63.436068388225308, -9.520335776025675 ], [ -63.436068617616861, -9.52051666732223 ], [ -63.436159729173724, -9.52051655345171 ], [ -63.436159958617758, -9.520697444744187 ], [ -63.435977735407043, -9.520697672465847 ], [ -63.43597785008285, -9.520788118113582 ], [ -63.435886738451813, -9.520788231939829 ], [ -63.435886509149277, -9.520607340641686 ], [ -63.435795397565037, -9.520607454441942 ], [ -63.43579505369167, -9.52033611748791 ], [ -63.435703942178172, -9.52033623126108 ], [ -63.435703712982871, -9.52015533995384 ], [ -63.435612601516169, -9.520155453701024 ], [ -63.43561248694418, -9.5200650080456 ], [ -63.435430264055277, -9.520065235466406 ], [ -63.435430035010583, -9.519884344149752 ], [ -63.435338923612342, -9.519884457822277 ], [ -63.435338694620128, -9.519703566501553 ], [ -63.435247583268676, -9.519703680148092 ], [ -63.435247354328929, -9.519522788823288 ], [ -63.435156243024252, -9.519522902443846 ], [ -63.435156357469594, -9.51961334810758 ], [ -63.435065246139821, -9.519613461705449 ], [ -63.4350650172982, -9.519432570375317 ], [ -63.434882794731081, -9.519432797495307 ], [ -63.434882108521002, -9.518890123480466 ], [ -63.434790997379487, -9.518890236998196 ], [ -63.434790768699806, -9.518709345653967 ], [ -63.434881879793394, -9.518709232138434 ], [ -63.434881651070341, -9.518528340794521 ], [ -63.434699428977865, -9.518528567797418 ], [ -63.434699314665956, -9.518438122122564 ], [ -63.434790425688803, -9.518438008634103 ], [ -63.434790311354085, -9.51834756295988 ], [ -63.434972533348464, -9.518347335913811 ], [ -63.43497241896695, -9.518256890241309 ], [ -63.435245751878128, -9.51825654949714 ] ], [ [ -63.435245980786021, -9.518437440835077 ], [ -63.435154869768859, -9.518437554442446 ], [ -63.435154984200544, -9.518528000111809 ], [ -63.435246095241673, -9.518527886503342 ], [ -63.435245980786021, -9.518437440835077 ] ], [ [ -63.435063987567155, -9.518618559366489 ], [ -63.434972876499792, -9.518618672928492 ], [ -63.434972990885846, -9.518709118599114 ], [ -63.435064101977169, -9.518709005036014 ], [ -63.435063987567155, -9.518618559366489 ] ] ] } },
{ "type": "Feature", "properties": { "area_m2": 1033800.0 }, "geometry": { "type": "Polygon", "coordinates": [ [ [ -63.373644766624778, -9.509373728763148 ], [ -63.373646435502692, -9.510911317600218 ], [ -63.373555325782561, -9.510911415051147 ], [ -63.373555423936693, -9.511001861450055 ], [ -63.37364653368077, -9.511001763998182 ], [ -63.373646730039859, -9.511182656792705 ], [ -63.373555620247906, -9.511182754246466 ], [ -63.373555816563027, -9.511363647041007 ], [ -63.373464706722224, -9.511363744472888 ], [ -63.373464608588108, -9.51127329807491 ], [ -63.373373498770263, -9.511273395482084 ], [ -63.373373793103696, -9.511544734677441 ], [ -63.373556012882055, -9.511544539833672 ], [ -63.373557092706484, -9.512539450159839 ], [ -63.373374872401428, -9.512539645024352 ], [ -63.373375068650063, -9.512720537808612 ], [ -63.373557289050893, -9.512720342940325 ], [ -63.373558172649069, -9.513534360429324 ], [ -63.373467062233644, -9.513534457883837 ], [ -63.373467258551635, -9.513715350655906 ], [ -63.373558369014951, -9.513715253199504 ], [ -63.373558565384748, -9.513896145967808 ], [ -63.373467454873548, -9.513896243426093 ], [ -63.3734691237674, -9.515433831897054 ], [ -63.373378012848093, -9.515433929347601 ], [ -63.373381056108862, -9.518237766828165 ], [ -63.373289944446022, -9.51823786428416 ], [ -63.373290140769733, -9.518418757011263 ], [ -63.373381252480485, -9.518418659553387 ], [ -63.373381448855994, -9.518599552276727 ], [ -63.37329033709733, -9.51859964973649 ], [ -63.373292693332985, -9.520770362292943 ], [ -63.37320158099827, -9.520770459751537 ], [ -63.373202366343342, -9.521494030551219 ], [ -63.373111253815921, -9.521494127993567 ], [ -63.373111450114017, -9.521675020690683 ], [ -63.373202562689364, -9.521674923246451 ], [ -63.373202759039287, -9.521855815939809 ], [ -63.372929421166511, -9.521856108206777 ], [ -63.37292951927104, -9.521946554555576 ], [ -63.372838406620865, -9.521946651931259 ], [ -63.37283860278491, -9.522127544629337 ], [ -63.372747490085821, -9.52212764198311 ], [ -63.37274768620582, -9.522308534681192 ], [ -63.373021024443965, -9.522308242542852 ], [ -63.373020926311575, -9.522217796196868 ], [ -63.373112039031696, -9.522217698770778 ], [ -63.373112137188066, -9.522308145115819 ], [ -63.373203249931173, -9.522308047664991 ], [ -63.373203446294767, -9.522488940351783 ], [ -63.373021220711678, -9.522489135233412 ], [ -63.373021318846995, -9.522579581577988 ], [ -63.372383529107687, -9.52258026292078 ], [ -63.37238343114015, -9.522489816569616 ], [ -63.372201205539518, -9.52249001102296 ], [ -63.372201107620889, -9.522399564669445 ], [ -63.372109994843086, -9.522399661859488 ], [ -63.372109896949404, -9.522309215504567 ], [ -63.372018784194587, -9.522309312669876 ], [ -63.372018686325845, -9.522218866313548 ], [ -63.371927573594029, -9.522218963454126 ], [ -63.371927769284554, -9.522399856168192 ], [ -63.371836656503838, -9.522399953286856 ], [ -63.371836852150302, -9.522580846000931 ], [ -63.371563513658486, -9.522581137219795 ], [ -63.371563611411283, -9.522671583578941 ], [ -63.370925821395275, -9.522672262263404 ], [ -63.37092591898125, -9.522762708628642 ], [ -63.370743693205725, -9.522762902326219 ], [ -63.37074359566769, -9.522672455959105 ], [ -63.370652482802448, -9.522672552771265 ], [ -63.370652580316509, -9.522762999139314 ], [ -63.370105902960873, -9.522763579518211 ], [ -63.370105610853017, -9.522492240395824 ], [ -63.370287836498292, -9.522492047036977 ], [ -63.370287739083004, -9.522401600663775 ], [ -63.370378851880218, -9.522401503949597 ], [ -63.370378949319473, -9.522491950321863 ], [ -63.370470062139681, -9.522491853582954 ], [ -63.370470159603876, -9.522582299953813 ], [ -63.370925723810274, -9.522581815897695 ], [ -63.37092552864317, -9.522400923164865 ], [ -63.371016641433606, -9.522400826284136 ], [ -63.371016543827537, -9.522310379917954 ], [ -63.371563220405953, -9.522309798139535 ], [ -63.371563122657051, -9.522219351778512 ], [ -63.371745348127476, -9.522219157663905 ], [ -63.371745250331621, -9.522128711304289 ], [ -63.37183636304141, -9.522128614212235 ], [ -63.371836265222548, -9.522038167853086 ], [ -63.371927377907404, -9.522038070738182 ], [ -63.371927280065535, -9.521947624379504 ], [ -63.371836167404652, -9.521947721493472 ], [ -63.371835971771787, -9.521766828772837 ], [ -63.371744859157872, -9.521766925861135 ], [ -63.371744956949847, -9.521857372222627 ], [ -63.371653844310984, -9.521857469288072 ], [ -63.371653746542975, -9.521767022925644 ], [ -63.371562633927113, -9.521767119966359 ], [ -63.371562536184037, -9.521676673602519 ], [ -63.371106973209976, -9.521677158444536 ], [ -63.371107070833219, -9.521767604813064 ], [ -63.37101595821153, -9.521767701711031 ], [ -63.371016055811772, -9.521858148080023 ], [ -63.370469379917473, -9.521858728973813 ], [ -63.370469282461031, -9.521768282599204 ], [ -63.369740381406146, -9.521769055784437 ], [ -63.369740284142402, -9.521678609401883 ], [ -63.369558058916937, -9.521678802458407 ], [ -63.3695579617021, -9.521588356073517 ], [ -63.369375736520702, -9.521588549033011 ], [ -63.369375639354757, -9.521498102645786 ], [ -63.369284526786593, -9.521498199088914 ], [ -63.36928423536645, -9.521226859921626 ], [ -63.369375347862722, -9.521226763481298 ], [ -63.369375250700642, -9.521136317092196 ], [ -63.369466363171995, -9.521136220629009 ], [ -63.369466168802802, -9.520955327851265 ], [ -63.36937505637939, -9.520955424312589 ], [ -63.369374667748446, -9.520593638747748 ], [ -63.369465780076006, -9.520593542290158 ], [ -63.369465197014776, -9.520050863934426 ], [ -63.369374084831001, -9.520050960386419 ], [ -63.369373987681463, -9.519960513991224 ], [ -63.369282875520675, -9.519960610418499 ], [ -63.369282972646239, -9.52005105681463 ], [ -63.369191860460532, -9.520051153219049 ], [ -63.369191763358934, -9.519960706821987 ], [ -63.368918426867879, -9.519960995889727 ], [ -63.368918523897591, -9.520051442289585 ], [ -63.368827411708025, -9.520051538598855 ], [ -63.368827314702266, -9.519961092198066 ], [ -63.368736202535693, -9.51996118848262 ], [ -63.368736105554866, -9.519870742080432 ], [ -63.368644993411287, -9.519870838340267 ], [ -63.368644799500444, -9.519689945532628 ], [ -63.368553687403825, -9.519690041766813 ], [ -63.36855397819965, -9.519961380980364 ], [ -63.368462866030185, -9.519961477193558 ], [ -63.368462769121237, -9.519871030788575 ], [ -63.368371656974773, -9.519871126977053 ], [ -63.368371850745696, -9.5200520197884 ], [ -63.368462962940079, -9.520051923598068 ], [ -63.36846305985096, -9.520142370002107 ], [ -63.36828083541328, -9.520142562360851 ], [ -63.368280738550339, -9.520052115954948 ], [ -63.368189626354017, -9.520052212097708 ], [ -63.368189820032953, -9.520233104910904 ], [ -63.36800759554157, -9.52023329712878 ], [ -63.368007885923404, -9.520504636350632 ], [ -63.368098998241464, -9.520504540250801 ], [ -63.368099095061289, -9.520594986656217 ], [ -63.36819020740235, -9.520594890531665 ], [ -63.368190110558558, -9.52050444412718 ], [ -63.368372335189854, -9.520504251808573 ], [ -63.368372432081571, -9.520594698211198 ], [ -63.368281319742444, -9.52059479438333 ], [ -63.368281416611161, -9.520685240786415 ], [ -63.367916967149156, -9.520685625240757 ], [ -63.367916580063465, -9.520323839610715 ], [ -63.367825467791405, -9.520323935661114 ], [ -63.367825564537426, -9.52041438207026 ], [ -63.367734452240448, -9.520414478097797 ], [ -63.367734548963455, -9.520504924507399 ], [ -63.367643436641551, -9.520505020512079 ], [ -63.367643243244416, -9.520324127690547 ], [ -63.367734355518394, -9.520324031687723 ], [ -63.367734258797292, -9.520233585277186 ], [ -63.36764314654728, -9.52023368127908 ], [ -63.367643049851118, -9.520143234867145 ], [ -63.3675519376241, -9.520143330844322 ], [ -63.367552130969472, -9.520324223669583 ], [ -63.367461018693568, -9.520324319624827 ], [ -63.367460922044366, -9.520233873211502 ], [ -63.367369809791477, -9.520233969142035 ], [ -63.367370003042907, -9.520414861970069 ], [ -63.36746111534373, -9.520414766037682 ], [ -63.367461211994858, -9.520505212450068 ], [ -63.367552324318687, -9.520505116492968 ], [ -63.36755251767174, -9.520686009314474 ], [ -63.367461405299991, -9.520686105273432 ], [ -63.367461308646945, -9.520595658861986 ], [ -63.367370196298197, -9.520595754796227 ], [ -63.367370486188328, -9.520867094031951 ], [ -63.367461598608969, -9.520866998094927 ], [ -63.367461888579626, -9.521138337323647 ], [ -63.367370776087093, -9.521138433263454 ], [ -63.367370582820278, -9.520957540442922 ], [ -63.367279470374719, -9.520957636357084 ], [ -63.367279373766721, -9.520867189945188 ], [ -63.367188261344161, -9.520867285834631 ], [ -63.367188164761082, -9.520776839421337 ], [ -63.367005939961011, -9.520777031127006 ], [ -63.367005843426824, -9.520686584711388 ], [ -63.366823618670836, -9.52068677632005 ], [ -63.366823522185541, -9.52059632990211 ], [ -63.36655018511626, -9.520596617133908 ], [ -63.366550088703811, -9.520506170712725 ], [ -63.366458976369429, -9.520506266408153 ], [ -63.366458879981906, -9.520415819985574 ], [ -63.366185543044907, -9.520416106926355 ], [ -63.366185446730235, -9.520325660500534 ], [ -63.366094334439943, -9.520325756098961 ], [ -63.366094238150183, -9.520235309671747 ], [ -63.366003125882905, -9.520235405245458 ], [ -63.366003318415459, -9.520416298101271 ], [ -63.365912206099303, -9.520416393653043 ], [ -63.365912687327594, -9.520868625788989 ], [ -63.36582157489066, -9.520868721321593 ], [ -63.365821093782181, -9.520416489181031 ], [ -63.365729981464106, -9.520416584685229 ], [ -63.365729885269239, -9.520326138254783 ], [ -63.365820997563354, -9.520326042751512 ], [ -63.365820420270481, -9.519783364164557 ], [ -63.365911532419858, -9.519783268643037 ], [ -63.365911339948632, -9.519602375778812 ], [ -63.365820227847166, -9.519602471298484 ], [ -63.365819843012034, -9.519240685560723 ], [ -63.365910955017632, -9.519240590044744 ], [ -63.365910762557881, -9.519059697174898 ], [ -63.365819650600194, -9.519059792689028 ], [ -63.365819361989608, -9.518788453377972 ], [ -63.365910473875438, -9.518788357866613 ], [ -63.365909415446744, -9.517793447033478 ], [ -63.366000527068074, -9.5177933515085 ], [ -63.366000334591007, -9.517612458625502 ], [ -63.365909223017603, -9.517612554148632 ], [ -63.365909126804461, -9.517522107705508 ], [ -63.366000238353919, -9.517522012183301 ], [ -63.365997736525294, -9.515170404521584 ], [ -63.365906625598612, -9.515170500019767 ], [ -63.365906433224943, -9.514989607107744 ], [ -63.36599754410372, -9.514989511611407 ], [ -63.365997159272077, -9.514627725785436 ], [ -63.366088270054107, -9.514627630269025 ], [ -63.366086730497429, -9.513180486904965 ], [ -63.366177840895361, -9.513180391379569 ], [ -63.366177648420113, -9.512999498452478 ], [ -63.366086538070064, -9.512999593976025 ], [ -63.366085575990674, -9.512095129303217 ], [ -63.365994465879091, -9.512095224793748 ], [ -63.36599408116988, -9.511733438907815 ], [ -63.365902971153105, -9.511733534370885 ], [ -63.365902875002135, -9.511643087897305 ], [ -63.365811765008338, -9.511643183335686 ], [ -63.365811668882266, -9.511552736860713 ], [ -63.365720558911455, -9.511552832274402 ], [ -63.365720847220722, -9.511824171700681 ], [ -63.365538627132594, -9.511824362462303 ], [ -63.365538723189708, -9.511914808938638 ], [ -63.36544761312026, -9.511914904284724 ], [ -63.36544780518949, -9.512095797237835 ], [ -63.365356695071206, -9.512095892562 ], [ -63.365356791083308, -9.512186339038772 ], [ -63.365174570796007, -9.51218652961764 ], [ -63.36517447483179, -9.512096083139022 ], [ -63.365083364710642, -9.512096178391886 ], [ -63.365083268771322, -9.512005731911875 ], [ -63.364901048574062, -9.512005922344452 ], [ -63.36490095268357, -9.51191547586213 ], [ -63.364536512373363, -9.511915856438405 ], [ -63.364536608168081, -9.51200630292441 ], [ -63.364354387959381, -9.512006493071786 ], [ -63.364354100721719, -9.511735153606843 ], [ -63.364991870932741, -9.51173448769444 ], [ -63.364991775021181, -9.511644041211632 ], [ -63.365356215025024, -9.511643660171092 ], [ -63.365356119018656, -9.511553213691506 ], [ -63.365447228993283, -9.511553118372879 ], [ -63.365447132963929, -9.511462671893746 ], [ -63.365720462810287, -9.511462385798039 ], [ -63.365720366710065, -9.511371939321208 ], [ -63.365811476632992, -9.511371843909366 ], [ -63.365811380509797, -9.511281397432994 ], [ -63.365902490407827, -9.511281301998308 ], [ -63.365902394261639, -9.511190855522385 ], [ -63.366084614006972, -9.51119066458357 ], [ -63.366084806396053, -9.511371557531247 ], [ -63.365993696475989, -9.511371653014384 ], [ -63.365993792648027, -9.511462099488444 ], [ -63.366084902592036, -9.511462004004382 ], [ -63.366084998788963, -9.511552450477049 ], [ -63.366449438651166, -9.511552068299444 ], [ -63.366449342358472, -9.511461621830476 ], [ -63.366540452297684, -9.511461526227587 ], [ -63.366540355982004, -9.511371079759076 ], [ -63.366631465896326, -9.511370984133345 ], [ -63.366631369557673, -9.511280537665295 ], [ -63.366722479447084, -9.511280442016725 ], [ -63.366722190365046, -9.511009102612531 ], [ -63.36663108054745, -9.51100919825832 ], [ -63.366630791545852, -9.510737858847135 ], [ -63.36681301103647, -9.510737667537343 ], [ -63.366812818277779, -9.510556774597914 ], [ -63.366721708580819, -9.510556870262841 ], [ -63.366721612226854, -9.510466423791495 ], [ -63.367177160582351, -9.51046594523387 ], [ -63.367177064109647, -9.510375498766692 ], [ -63.367268173753942, -9.510375402984806 ], [ -63.367268077258267, -9.510284956518085 ], [ -63.367359186877657, -9.510284860713364 ], [ -63.367359090359002, -9.510194414247101 ], [ -63.367450199953488, -9.510194318419542 ], [ -63.367449813792753, -9.509832532553528 ], [ -63.367540923290541, -9.509832436705921 ], [ -63.367540826728828, -9.509741990239176 ], [ -63.367449717254971, -9.509742086085854 ], [ -63.367449427647372, -9.509470746680021 ], [ -63.367631646450512, -9.50947055496847 ], [ -63.367631743033286, -9.509561001435692 ], [ -63.367722852457341, -9.509560905543351 ], [ -63.367722755850643, -9.509470459077052 ], [ -63.367813865249808, -9.509470363161872 ], [ -63.367813768620124, -9.509379916696041 ], [ -63.367995987367706, -9.509379724796263 ], [ -63.367996084045245, -9.50947017126024 ], [ -63.368178302836846, -9.509469979263564 ], [ -63.36817839956322, -9.509560425725214 ], [ -63.368360618398839, -9.509560233631637 ], [ -63.368360521624602, -9.509469787171847 ], [ -63.368542740408486, -9.509469594985086 ], [ -63.36854264358734, -9.509379148526687 ], [ -63.369089299772291, -9.509378571401751 ], [ -63.36908939673706, -9.50946901785456 ], [ -63.369180506121772, -9.509468921582977 ], [ -63.369180409133072, -9.509378475131102 ], [ -63.369453737209639, -9.50937818617659 ], [ -63.369453834270146, -9.509468632625671 ], [ -63.369727162409809, -9.50946834345452 ], [ -63.369727065277516, -9.509377897008237 ], [ -63.370547049428914, -9.509377028220138 ], [ -63.370547146776623, -9.509467474658008 ], [ -63.370729365514165, -9.509467281330755 ], [ -63.370729268118581, -9.509376834894752 ], [ -63.371093705486274, -9.509376447958866 ], [ -63.37109380297759, -9.509466894391121 ], [ -63.371276021703494, -9.509466700778741 ], [ -63.371275924164316, -9.509376254348364 ], [ -63.371549252174077, -9.509375963754406 ], [ -63.37154934978507, -9.509466410181972 ], [ -63.371640459143649, -9.509466313268859 ], [ -63.371640361508724, -9.509375866842234 ], [ -63.372095908167381, -9.509375381924972 ], [ -63.372096005921982, -9.509465828346903 ], [ -63.372369333977304, -9.509465537108605 ], [ -63.372369236150909, -9.509375090689492 ], [ -63.373644766624778, -9.509373728763148 ] ], [ [ -63.368816649955107, -9.510011985250546 ], [ -63.368725540422915, -9.510012081432672 ], [ -63.368725831053112, -9.51028342079104 ], [ -63.368816940657112, -9.510283324606121 ], [ -63.368816843755475, -9.510192878154728 ], [ -63.36890795333457, -9.510192781946975 ], [ -63.368907856409962, -9.51010233549605 ], [ -63.368816746854812, -9.510102431702871 ], [ -63.368816649955107, -9.510011985250546 ] ], [ [ -63.371187838249689, -9.512180190318503 ], [ -63.371005618085569, -9.512180383939581 ], [ -63.371005813081418, -9.512361276776454 ], [ -63.371096923211859, -9.512361179975926 ], [ -63.371096825689499, -9.512270733558658 ], [ -63.371187935795014, -9.512270636735302 ], [ -63.371187838249689, -9.512180190318503 ] ], [ [ -63.372464553920139, -9.513264189121955 ], [ -63.372373443564847, -9.513264286288402 ], [ -63.372373541433099, -9.513354732687377 ], [ -63.372464651812329, -9.51335463551999 ], [ -63.372464553920139, -9.513264189121955 ] ], [ [ -63.373286116914052, -9.514710455730997 ], [ -63.373103895453767, -9.514710650498131 ], [ -63.373104091605555, -9.514891543265554 ], [ -63.373286313161643, -9.51489134849465 ], [ -63.373286116914052, -9.514710455730997 ] ], [ [ -63.370826224348349, -9.514803523471157 ], [ -63.370735113568479, -9.514803620225658 ], [ -63.3707352110222, -9.51489406663355 ], [ -63.370826321826016, -9.514893969878113 ], [ -63.370826224348349, -9.514803523471157 ] ], [ [ -63.372740040413802, -9.515253718066369 ], [ -63.372557818654428, -9.51525391255951 ], [ -63.372558014530533, -9.515434805332609 ], [ -63.372740236385702, -9.515434610835699 ], [ -63.372740040413802, -9.515253718066369 ] ], [ [ -63.372102264238961, -9.515254398376307 ], [ -63.37201115335295, -9.515254495468341 ], [ -63.372011348941648, -9.515435388252719 ], [ -63.37210245987557, -9.515435291158804 ], [ -63.372102264238961, -9.515254398376307 ] ], [ [ -63.369369131436159, -9.515438193633855 ], [ -63.369186909509231, -9.515438386371375 ], [ -63.369187103616895, -9.515619279211894 ], [ -63.369278214628736, -9.515619182853158 ], [ -63.369278311707966, -9.515709629271782 ], [ -63.3693694227428, -9.515709532888337 ], [ -63.369369325639632, -9.515619086470643 ], [ -63.36946043664954, -9.515618990064356 ], [ -63.369460339523378, -9.515528543647129 ], [ -63.369369228537408, -9.515528640052484 ], [ -63.369369131436159, -9.515438193633855 ] ], [ [ -63.369460728033829, -9.515890329313226 ], [ -63.369369616952063, -9.515890425722317 ], [ -63.369369714058138, -9.5159808721386 ], [ -63.369460825163863, -9.515980775728581 ], [ -63.369460728033829, -9.515890329313226 ] ], [ [ -63.369460922294856, -9.516071222143466 ], [ -63.369369811165193, -9.516071318554419 ], [ -63.36937000538218, -9.51625221138465 ], [ -63.369461116559755, -9.516252114971829 ], [ -63.369460922294856, -9.516071222143466 ] ], [ [ -63.366454350848706, -9.516164837595658 ], [ -63.366363239663343, -9.516164933222889 ], [ -63.366363432301412, -9.516345826113488 ], [ -63.366454543534672, -9.516345730484405 ], [ -63.366454350848706, -9.516164837595658 ] ], [ [ -63.369552324894208, -9.516342464947781 ], [ -63.36946121369364, -9.51634256138531 ], [ -63.369461407964323, -9.51652345421086 ], [ -63.369552519212789, -9.516523357771467 ], [ -63.369552324894208, -9.516342464947781 ] ], [ [ -63.369461699377595, -9.516794793445676 ], [ -63.369370588056299, -9.516794889864091 ], [ -63.369370685172029, -9.51688533627569 ], [ -63.369461796517285, -9.516885239856341 ], [ -63.369461699377595, -9.516794793445676 ] ], [ [ -63.370737550202236, -9.517064780282423 ], [ -63.370555327442041, -9.5170649737669 ], [ -63.37055542487208, -9.517155420164951 ], [ -63.370646536276617, -9.517155323433668 ], [ -63.370646633731589, -9.517245769830311 ], [ -63.370737745159104, -9.517245673074312 ], [ -63.370737550202236, -9.517064780282423 ] ], [ [ -63.372559875547758, -9.51715328658355 ], [ -63.372468764163607, -9.517153383814211 ], [ -63.372468862097669, -9.517243830192093 ], [ -63.372559973505759, -9.517243732960491 ], [ -63.372559875547758, -9.51715328658355 ] ], [ [ -63.366455603375975, -9.517340641339 ], [ -63.36636449187921, -9.517340736978259 ], [ -63.36636468454217, -9.51752162985667 ], [ -63.366455796086839, -9.517521534215561 ], [ -63.366455603375975, -9.517340641339 ] ], [ [ -63.367093866449274, -9.517792203353807 ], [ -63.367002754839447, -9.517792299164165 ], [ -63.367003044352771, -9.518063638454604 ], [ -63.367094156034476, -9.518063542641471 ], [ -63.367093866449274, -9.517792203353807 ] ], [ [ -63.368187399323091, -9.517971944611205 ], [ -63.368096287676877, -9.5179720407088 ], [ -63.368096481263613, -9.518152933545416 ], [ -63.368187592957739, -9.518152837445964 ], [ -63.368187399323091, -9.517971944611205 ] ], [ [ -63.366638790438415, -9.518244914334691 ], [ -63.366547678704009, -9.518245010030766 ], [ -63.366547775092499, -9.518335456463669 ], [ -63.366638886850872, -9.518335360766667 ], [ -63.366638790438415, -9.518244914334691 ] ], [ [ -63.368552427388778, -9.518514238459339 ], [ -63.368370203815616, -9.518514430832161 ], [ -63.368370300686145, -9.518604877245101 ], [ -63.368461412497176, -9.51860478106965 ], [ -63.368461509392638, -9.51869522748119 ], [ -63.368552621226655, -9.518695131281026 ], [ -63.368552427388778, -9.518514238459339 ] ], [ [ -63.368825859731636, -9.51860439613001 ], [ -63.368734747924478, -9.518604492400597 ], [ -63.368735038829371, -9.51887583162544 ], [ -63.368826150708415, -9.51887573535206 ], [ -63.368825859731636, -9.51860439613001 ] ], [ [ -63.368188173884789, -9.518695515938985 ], [ -63.368097062046921, -9.518695612044011 ], [ -63.368097158847505, -9.518786058458806 ], [ -63.368188270709339, -9.518785962352846 ], [ -63.368188173884789, -9.518695515938985 ] ], [ [ -63.368279382570215, -9.518785866223103 ], [ -63.368188270709339, -9.518785962352846 ], [ -63.368188367534849, -9.518876408766241 ], [ -63.36827947941967, -9.518876312635568 ], [ -63.368279382570215, -9.518785866223103 ] ], [ [ -63.366092697644191, -9.518788166772543 ], [ -63.366001585760294, -9.518788262331471 ], [ -63.366002163277571, -9.519330940938278 ], [ -63.366093275305225, -9.519330845373807 ], [ -63.366093371585421, -9.519421291805713 ], [ -63.36618448363609, -9.519421196216532 ], [ -63.366184291028745, -9.519240303354103 ], [ -63.366275403030528, -9.519240207742985 ], [ -63.366275210379094, -9.519059314880533 ], [ -63.366184098425229, -9.519059410489804 ], [ -63.366183905825544, -9.518878517623625 ], [ -63.366092793918639, -9.518878613207262 ], [ -63.366092697644191, -9.518788166772543 ] ], [ [ -63.366457241540509, -9.518878230730017 ], [ -63.366366129636482, -9.518878326385002 ], [ -63.366366225983761, -9.518968772816477 ], [ -63.366457337911761, -9.518968677160563 ], [ -63.366457241540509, -9.518878230730017 ] ], [ [ -63.368461800084788, -9.518966566713004 ], [ -63.368370688177919, -9.518966662892176 ], [ -63.36837078505328, -9.519057109302773 ], [ -63.368461896984101, -9.519057013122671 ], [ -63.368461800084788, -9.518966566713004 ] ], [ [ -63.366821785614142, -9.51896829429907 ], [ -63.366730673689979, -9.518968390050119 ], [ -63.366730770134062, -9.51905883647742 ], [ -63.366639658184987, -9.519058932205612 ], [ -63.366639754606055, -9.519149378633371 ], [ -63.36673086657909, -9.519149282904253 ], [ -63.366731059472052, -9.519330175756513 ], [ -63.366548835429178, -9.519330367194669 ], [ -63.366549221034894, -9.519692152900967 ], [ -63.366366996796494, -9.519692344251382 ], [ -63.366366707734542, -9.51942100496681 ], [ -63.366275595685785, -9.519421100603564 ], [ -63.366275788344886, -9.519601993462262 ], [ -63.366184676247251, -9.519602089077081 ], [ -63.366184965171186, -9.51987342836439 ], [ -63.366367189509255, -9.519873237105424 ], [ -63.366367382225853, -9.520054129957588 ], [ -63.366458494441375, -9.52005403429057 ], [ -63.366458590825069, -9.520144480715027 ], [ -63.36664081530116, -9.520144289307783 ], [ -63.36664071886954, -9.520053842885179 ], [ -63.366914055504608, -9.520053555598688 ], [ -63.366913187016202, -9.519239537799177 ], [ -63.366822075021133, -9.519239633576788 ], [ -63.366821785614142, -9.51896829429907 ] ], [ [ -63.366366225983761, -9.518968772816477 ], [ -63.366275114054808, -9.518968868448603 ], [ -63.366275210379094, -9.519059314880533 ], [ -63.366366322331999, -9.519059219247481 ], [ -63.366366225983761, -9.518968772816477 ] ], [ [ -63.368279673121492, -9.51905720545909 ], [ -63.368097449255039, -9.519057397700371 ], [ -63.368097546059467, -9.519147844113286 ], [ -63.368188658017132, -9.51914774800361 ], [ -63.3681887548465, -9.519238194415131 ], [ -63.368279866827166, -9.51923809828074 ], [ -63.368279673121492, -9.51905720545909 ] ], [ [ -63.367186329865056, -9.51905835747969 ], [ -63.36709521792077, -9.519058453326805 ], [ -63.36709531446165, -9.519148899749933 ], [ -63.367186426429896, -9.519148803901889 ], [ -63.367186329865056, -9.51905835747969 ] ], [ [ -63.366457530657115, -9.519149570020256 ], [ -63.366366418681203, -9.519149665678016 ], [ -63.36636661138246, -9.51933055853768 ], [ -63.366457723406299, -9.519330462878065 ], [ -63.366457530657115, -9.519149570020256 ] ], [ [ -63.368370978806865, -9.51923800212256 ], [ -63.368279866827166, -9.51923809828074 ], [ -63.368280060536691, -9.51941899110051 ], [ -63.368371172564316, -9.519418894940474 ], [ -63.368370978806865, -9.51923800212256 ] ], [ [ -63.368097642864868, -9.519238290525736 ], [ -63.367915418898725, -9.519238482675593 ], [ -63.36791561241656, -9.519419375502805 ], [ -63.368006724448037, -9.519419279437912 ], [ -63.368006918017635, -9.519600172261384 ], [ -63.367915805938246, -9.519600268328137 ], [ -63.36791570917692, -9.519509821915705 ], [ -63.367824597120524, -9.519509917957741 ], [ -63.367824790596217, -9.519690810783995 ], [ -63.367915902700531, -9.519690714740101 ], [ -63.367915999463776, -9.519781161151595 ], [ -63.368007111591091, -9.519781065082983 ], [ -63.368007208379268, -9.519871511493079 ], [ -63.368098320529583, -9.519871415399754 ], [ -63.368098126906283, -9.519690522580948 ], [ -63.368189239007719, -9.519690426465694 ], [ -63.368189432678946, -9.51987131928264 ], [ -63.368371656974773, -9.519871126977053 ], [ -63.368371463207701, -9.519690234163825 ], [ -63.368280351108197, -9.519690330326656 ], [ -63.36828025425006, -9.519599883918406 ], [ -63.368189142173549, -9.519599980056517 ], [ -63.368189045340337, -9.519509533646875 ], [ -63.368097933286833, -9.51950962976027 ], [ -63.368097642864868, -9.519238290525736 ] ], [ [ -63.367551067617484, -9.519329313107443 ], [ -63.36736884359189, -9.519329504973735 ], [ -63.367369036824122, -9.519510397811144 ], [ -63.367551260945568, -9.51951020594114 ], [ -63.367551067617484, -9.519329313107443 ] ], [ [ -63.369008956730703, -9.519418221154215 ], [ -63.368735620665184, -9.51941851006247 ], [ -63.368735814618155, -9.519599402871059 ], [ -63.369100262895294, -9.519599017605032 ], [ -63.369100165822474, -9.519508571204698 ], [ -63.369009053778605, -9.51950866755595 ], [ -63.369008956730703, -9.519418221154215 ] ], [ [ -63.368553396616676, -9.519418702549043 ], [ -63.368371172564316, -9.519418894940474 ], [ -63.368371366325597, -9.519599787756512 ], [ -63.368553590473809, -9.51959959536136 ], [ -63.368553396616676, -9.519418702549043 ] ], [ [ -63.367916096227994, -9.519871607562621 ], [ -63.367824984075739, -9.519871703608372 ], [ -63.367825177559126, -9.520052596430874 ], [ -63.368007401958501, -9.520052404311867 ], [ -63.368007305168405, -9.519961957902709 ], [ -63.367916192993164, -9.519962053973178 ], [ -63.367916096227994, -9.519871607562621 ] ], [ [ -63.36773396863979, -9.519962246042756 ], [ -63.367642856461664, -9.519962342041861 ], [ -63.367642953155908, -9.520052788454736 ], [ -63.367734065357993, -9.5200526924547 ], [ -63.36773396863979, -9.519962246042756 ] ], [ [ -63.366185061481083, -9.519963874792555 ], [ -63.366002837091266, -9.519964065958225 ], [ -63.366002933354189, -9.520054512387773 ], [ -63.366185157791932, -9.520054321220252 ], [ -63.366185061481083, -9.519963874792555 ] ], [ [ -63.367916386526389, -9.520142946792884 ], [ -63.367825274302263, -9.520143042841427 ], [ -63.367825371046351, -9.520233489251506 ], [ -63.367916483294437, -9.520233393202036 ], [ -63.367916386526389, -9.520142946792884 ] ], [ [ -63.367278697537614, -9.520234065048777 ], [ -63.367096473027026, -9.5202342567909 ], [ -63.367096569580369, -9.520324703207931 ], [ -63.367005457299676, -9.520324799044236 ], [ -63.367005553830019, -9.520415245461731 ], [ -63.367278890741133, -9.520414957878666 ], [ -63.367278697537614, -9.520234065048777 ] ], [ [ -63.366914441524401, -9.520415341275173 ], [ -63.366641104601783, -9.520415628572779 ], [ -63.366641201037226, -9.520506074993506 ], [ -63.366914538031743, -9.520505787693123 ], [ -63.366914441524401, -9.520415341275173 ] ], [ [ -63.367278987344328, -9.520505404292905 ], [ -63.367096762689961, -9.520505596040591 ], [ -63.367096859246182, -9.520596042456221 ], [ -63.367187971597815, -9.520595946593344 ], [ -63.367188068178969, -9.520686393007573 ], [ -63.367279180553609, -9.520686297119981 ], [ -63.367278987344328, -9.520505404292905 ] ], [ [ -63.372563598636901, -9.520590248577834 ], [ -63.372381374046746, -9.520590443086855 ], [ -63.372381569941915, -9.520771335808405 ], [ -63.372563794627922, -9.520771141295624 ], [ -63.372563598636901, -9.520590248577834 ] ], [ [ -63.373020239412128, -9.521584671761856 ], [ -63.372929126858793, -9.52158476915756 ], [ -63.372929224960387, -9.521675215507768 ], [ -63.373020337537689, -9.521675118111119 ], [ -63.373020239412128, -9.521584671761856 ] ], [ [ -63.372929224960387, -9.521675215507768 ], [ -63.372838112382119, -9.521675312880623 ], [ -63.372838210460728, -9.521765759231307 ], [ -63.372929323062962, -9.521765661857508 ], [ -63.372929224960387, -9.521675215507768 ] ], [ [ -63.372383039279732, -9.522128031160269 ], [ -63.372291926575784, -9.522128128395076 ], [ -63.372292024515453, -9.522218574749058 ], [ -63.372383137243375, -9.522218477513309 ], [ -63.372383039279732, -9.522128031160269 ] ] ] } },
{ "type": "Feature", "properties": { "area_m2": 17500.0 }, "geometry": { "type": "Polygon", "coordinates": [ [ [ -63.426040625793028, -9.515916313101359 ], [ -63.426041857906668, -9.516911216778968 ], [ -63.426132968629162, -9.516911105568134 ], [ -63.426133416799708, -9.517272888705254 ], [ -63.42604230598139, -9.517272999920394 ], [ -63.426043426246181, -9.51817745774113 ], [ -63.426134537304044, -9.518177346515232 ], [ -63.426134985536969, -9.518539129626092 ], [ -63.426043874383275, -9.518539240856294 ], [ -63.426046451517394, -9.520619493622828 ], [ -63.425955339811487, -9.520619604853986 ], [ -63.425956124105845, -9.521252725219467 ], [ -63.426047235979489, -9.521252613980783 ], [ -63.426048132574444, -9.521976180076004 ], [ -63.426139244638698, -9.521976068804921 ], [ -63.426139356742041, -9.522066514563637 ], [ -63.426048244653821, -9.522066625835796 ], [ -63.426048692982484, -9.522428408870271 ], [ -63.425957580797267, -9.52242852012294 ], [ -63.425958029047877, -9.522790303154208 ], [ -63.425775804482363, -9.522790525596774 ], [ -63.425774348356185, -9.521614730689743 ], [ -63.425683236383342, -9.521614841861361 ], [ -63.425683012428557, -9.521433950328014 ], [ -63.425774124353474, -9.521433839158545 ], [ -63.425773340379031, -9.52080071878458 ], [ -63.425682228621866, -9.520800829946523 ], [ -63.425682004687104, -9.520619938404733 ], [ -63.425773116396343, -9.520619827244937 ], [ -63.425773004406672, -9.520529381474415 ], [ -63.425864116090835, -9.520529270291908 ], [ -63.425862548016859, -9.519263029470364 ], [ -63.425771436668157, -9.51926314063782 ], [ -63.425771324695177, -9.519172694860258 ], [ -63.425862436019926, -9.519172583693878 ], [ -63.425859300557697, -9.516640101761858 ], [ -63.425950411210557, -9.516639990601806 ], [ -63.425950075248082, -9.516368653233366 ], [ -63.425858964667079, -9.516368764390194 ], [ -63.425858628786472, -9.516097427014305 ], [ -63.425949739295625, -9.516097315860707 ], [ -63.425949515332896, -9.515916424276584 ], [ -63.426040625793028, -9.515916313101359 ] ] ] } },
{ "type": "Feature", "properties": { "area_m2": 8000.0 }, "geometry": { "type": "Polygon", "coordinates": [ [ [ -63.441991447717776, -9.52096144413302 ], [ -63.441991796503771, -9.521232780851133 ], [ -63.442082908177731, -9.521232665425487 ], [ -63.442083489630683, -9.521684893274045 ], [ -63.442174601423318, -9.521684777819031 ], [ -63.442174834060509, -9.521865668952932 ], [ -63.442265945899926, -9.521865553471894 ], [ -63.442266294936296, -9.522136890165882 ], [ -63.442175183024979, -9.522137005650272 ], [ -63.442176113647761, -9.52286057015586 ], [ -63.442085001543546, -9.522860685625387 ], [ -63.442084885235623, -9.522770240062714 ], [ -63.441993773154223, -9.522770355507333 ], [ -63.441993656871425, -9.522679909943072 ], [ -63.441811432753113, -9.5226801407587 ], [ -63.441811084055452, -9.52240880405642 ], [ -63.441993308029957, -9.522408573247487 ], [ -63.441993191751777, -9.522318127681352 ], [ -63.441810967825198, -9.522318358488052 ], [ -63.441810851596117, -9.522227912919217 ], [ -63.441628627712859, -9.522228143628515 ], [ -63.441628511532855, -9.522137698056984 ], [ -63.441719623451093, -9.522137582715343 ], [ -63.441719274846136, -9.521866246001267 ], [ -63.441628162999784, -9.52186636133956 ], [ -63.441627814477108, -9.521595024617914 ], [ -63.441718926251554, -9.521594909282967 ], [ -63.441718693860942, -9.521414018135088 ], [ -63.441809805586296, -9.521413902778578 ], [ -63.441809573152376, -9.521233011631054 ], [ -63.441900684828653, -9.521232896252986 ], [ -63.441900568589453, -9.521142450679637 ], [ -63.44180945693715, -9.521142566056588 ], [ -63.441809340723076, -9.521052120481651 ], [ -63.441900452351419, -9.521052005105817 ], [ -63.441900336114536, -9.520961559531525 ], [ -63.441991447717776, -9.52096144413302 ] ] ] } },
{ "type": "Feature", "properties": { "area_m2": 5300.0 }, "geometry": { "type": "Polygon", "coordinates": [ [ [ -63.435705775904545, -9.521783361651414 ], [ -63.435705890522115, -9.521873807296819 ], [ -63.435797002443003, -9.521873693504945 ], [ -63.435797231729524, -9.522054584792153 ], [ -63.435888343697201, -9.522054470974288 ], [ -63.435888229029409, -9.521964025332018 ], [ -63.435979340971976, -9.521963911491461 ], [ -63.435979570356636, -9.522144802773328 ], [ -63.435888458366129, -9.522144916616089 ], [ -63.435888573036195, -9.522235362257414 ], [ -63.435979685050683, -9.522235248413557 ], [ -63.435979914442171, -9.522416139692607 ], [ -63.435888802379758, -9.522416253538667 ], [ -63.435888917053248, -9.52250669917859 ], [ -63.435797804965723, -9.522506813001959 ], [ -63.435797919616391, -9.522597258642511 ], [ -63.43570680750377, -9.522597372443187 ], [ -63.435706692877069, -9.522506926801535 ], [ -63.435615580787271, -9.522507040577318 ], [ -63.435615924598864, -9.522778377504167 ], [ -63.435524812436022, -9.522778491259457 ], [ -63.435524583275097, -9.52259759997316 ], [ -63.435342359041876, -9.52259782740796 ], [ -63.435342473573833, -9.522688273053543 ], [ -63.43525136143154, -9.522688386736352 ], [ -63.435251475940667, -9.522778832382565 ], [ -63.435160363773278, -9.522778946042683 ], [ -63.435160478259569, -9.522869391689525 ], [ -63.435069366067076, -9.522869505326947 ], [ -63.43506867931017, -9.522326831432261 ], [ -63.435159791358863, -9.52232671780143 ], [ -63.435159562401061, -9.522145826501648 ], [ -63.435250674400677, -9.522145712849223 ], [ -63.435250903406413, -9.52232660414681 ], [ -63.435342015452825, -9.522326490468394 ], [ -63.435342129981372, -9.522416936115388 ], [ -63.435524354118719, -9.522416708684986 ], [ -63.435524239542254, -9.52232626304019 ], [ -63.435433127498115, -9.522326376766189 ], [ -63.435433012946731, -9.522235931119829 ], [ -63.435524124966904, -9.522235817394931 ], [ -63.435524010392697, -9.522145371749202 ], [ -63.435615122387766, -9.522145258001609 ], [ -63.435614664006486, -9.521783475418395 ], [ -63.435705775904545, -9.521783361651414 ] ], [ [ -63.435342244511055, -9.52250738176191 ], [ -63.435251132416703, -9.52250749544252 ], [ -63.435251246923556, -9.522597941089673 ], [ -63.435342359041876, -9.52259782740796 ], [ -63.435342244511055, -9.52250738176191 ] ] ] } },
{ "type": "Feature", "properties": { "area_m2": 7800.0 }, "geometry": { "type": "Polygon", "coordinates": [ [ [ -63.368920658795361, -9.522041262967797 ], [ -63.368920755847263, -9.522131709356872 ], [ -63.369011868587066, -9.522131613002387 ], [ -63.369011965663894, -9.522222059390057 ], [ -63.369376416709343, -9.52222167373046 ], [ -63.369376513883012, -9.522312120113932 ], [ -63.369649852228868, -9.522311830616612 ], [ -63.369649949475402, -9.522402276996818 ], [ -63.369923287884461, -9.522401987282558 ], [ -63.369923774491184, -9.522854219162552 ], [ -63.369832661569291, -9.522854315762435 ], [ -63.369832564269977, -9.522763869386441 ], [ -63.369741451371084, -9.522763965961595 ], [ -63.36974135409671, -9.522673519584197 ], [ -63.36983246697163, -9.522673423009978 ], [ -63.369832369674256, -9.522582976633045 ], [ -63.369741256823296, -9.522583073206334 ], [ -63.36974115955087, -9.522492626827999 ], [ -63.369558933893991, -9.522492819901322 ], [ -63.369559031118484, -9.522583266281526 ], [ -63.369467918264625, -9.522583362783431 ], [ -63.369468209872025, -9.522854701924022 ], [ -63.369194871088936, -9.522854991295372 ], [ -63.369194773957418, -9.522764544912846 ], [ -63.36910366105176, -9.522764641321439 ], [ -63.369103758159305, -9.522855087704897 ], [ -63.368830419364642, -9.522855376790712 ], [ -63.368830613438817, -9.523036269561814 ], [ -63.368739500457394, -9.523036365878026 ], [ -63.368739306431152, -9.522855473105064 ], [ -63.368648193496718, -9.522855569395622 ], [ -63.368648096509006, -9.522765123007506 ], [ -63.368739209419481, -9.522765026717877 ], [ -63.368739112408768, -9.522674580330229 ], [ -63.368647999522267, -9.522674676618921 ], [ -63.368647320642054, -9.522041551885708 ], [ -63.368920658795361, -9.522041262967797 ] ], [ [ -63.369376611057646, -9.522402566496938 ], [ -63.3691032726312, -9.52240285578292 ], [ -63.369103369734894, -9.522493302168254 ], [ -63.369194482568638, -9.522493205762453 ], [ -63.369194579697272, -9.522583652146388 ], [ -63.369376805409807, -9.522583459261543 ], [ -63.369376611057646, -9.522402566496938 ] ] ] } },
{ "type": "Feature", "properties": { "area_m2": 108200.0 }, "geometry": { "type": "Polygon", "coordinates": [ [ [ -63.447727472878704, -9.517878978707952 ], [ -63.447727708341425, -9.518059869744208 ], [ -63.447909929864423, -9.518059635950816 ], [ -63.447910283211044, -9.518330972494898 ], [ -63.447728061544311, -9.51833120629507 ], [ -63.447728650239171, -9.51878343387046 ], [ -63.447819761192918, -9.518783316976613 ], [ -63.44781952566354, -9.518602425950121 ], [ -63.447910636568189, -9.518602309034753 ], [ -63.447910518781306, -9.518511863521937 ], [ -63.44800162966083, -9.518511746583917 ], [ -63.4480018652837, -9.51869263760682 ], [ -63.448092976209963, -9.518692520642752 ], [ -63.448093329724912, -9.518963857170192 ], [ -63.448184440721882, -9.51896374017895 ], [ -63.448184558586497, -9.519054185686027 ], [ -63.448275669606254, -9.519054068669867 ], [ -63.448275787496009, -9.519144514175343 ], [ -63.448366898538552, -9.519144397134269 ], [ -63.448367488124681, -9.519596624648949 ], [ -63.448276376962333, -9.519596741695684 ], [ -63.448276259066724, -9.519506296192555 ], [ -63.448185147927177, -9.519506413214373 ], [ -63.448185265798813, -9.519596858718634 ], [ -63.448003043468276, -9.519597092693179 ], [ -63.448003161293165, -9.519687538199234 ], [ -63.448094272482983, -9.519687421222722 ], [ -63.448094508184226, -9.519868312231161 ], [ -63.448185619420791, -9.519868195228604 ], [ -63.448185737297123, -9.519958640730987 ], [ -63.448276848556482, -9.519958523703512 ], [ -63.448277084360591, -9.520139414704612 ], [ -63.448185973053313, -9.520139531734349 ], [ -63.448185855174629, -9.520049086232905 ], [ -63.448094743890145, -9.520049203237726 ], [ -63.448094861744856, -9.520139648740303 ], [ -63.447912639124432, -9.520139882680851 ], [ -63.447912756932396, -9.520230328185221 ], [ -63.448003868267158, -9.520230211225709 ], [ -63.448003986100254, -9.520320656728481 ], [ -63.448095097457802, -9.520320539744054 ], [ -63.448094979600747, -9.520230094242409 ], [ -63.448368313594464, -9.520229743149796 ], [ -63.448368549453527, -9.520410634145817 ], [ -63.448004103934515, -9.520411102230781 ], [ -63.44800433960657, -9.520591993233976 ], [ -63.448277673891361, -9.520591642199143 ], [ -63.448278145537074, -9.520953424186322 ], [ -63.44791369943826, -9.520953892203293 ], [ -63.447913817256762, -9.521044337703444 ], [ -63.447822705705171, -9.521044454649346 ], [ -63.447822587910636, -9.520954009148065 ], [ -63.447731476381833, -9.52095412606905 ], [ -63.447731594152408, -9.521044571571458 ], [ -63.447549371043372, -9.521044805344317 ], [ -63.447549841945644, -9.521406587358303 ], [ -63.447732065246406, -9.521406353576399 ], [ -63.447732183022829, -9.521496799076463 ], [ -63.447549959674149, -9.521497032860625 ], [ -63.447550312866653, -9.52176836936478 ], [ -63.447459201118662, -9.521768486224568 ], [ -63.447459318827875, -9.52185893172614 ], [ -63.447732654140239, -9.521858581072019 ], [ -63.447732889705961, -9.522039472066982 ], [ -63.447824001522349, -9.522039355132433 ], [ -63.447824237140686, -9.522220246123254 ], [ -63.447733125276379, -9.522220363060066 ], [ -63.447733243063333, -9.522310808555904 ], [ -63.447551019283253, -9.522311042360414 ], [ -63.447550901544233, -9.522220596862313 ], [ -63.447368677807404, -9.522220830569394 ], [ -63.447368795498505, -9.522311276069749 ], [ -63.447459907391462, -9.522311159226977 ], [ -63.447460025107688, -9.52240160472574 ], [ -63.447551137023453, -9.522401487858044 ], [ -63.447551372507348, -9.522582378851896 ], [ -63.44746026054365, -9.522582495721851 ], [ -63.447460495984302, -9.522763386716084 ], [ -63.447369383971498, -9.522763503564507 ], [ -63.447369501669606, -9.522853949062048 ], [ -63.447278389631663, -9.522854065887808 ], [ -63.447278624983447, -9.523034956883745 ], [ -63.447005288718792, -9.52303530722503 ], [ -63.44700517111422, -9.522944861723911 ], [ -63.446914059047629, -9.522944978455623 ], [ -63.446914176628233, -9.523035423957872 ], [ -63.446731952443621, -9.523035657352173 ], [ -63.446731717379464, -9.522854766342695 ], [ -63.446640605333336, -9.522854883001896 ], [ -63.446640370321795, -9.522673991988281 ], [ -63.446731482319969, -9.522673875331334 ], [ -63.446731599849137, -9.522764320837249 ], [ -63.446913823889936, -9.522764087449719 ], [ -63.446913941468196, -9.522854532952906 ], [ -63.447005053510821, -9.522854416222321 ], [ -63.447004935908588, -9.522763970720263 ], [ -63.447096047926067, -9.522763853967012 ], [ -63.447095930301032, -9.522673408465611 ], [ -63.447187042293379, -9.522673291689697 ], [ -63.447186689353387, -9.522401955186073 ], [ -63.447277801272655, -9.522401838389754 ], [ -63.447277683604362, -9.522311392888732 ], [ -63.447095459812587, -9.522311626455318 ], [ -63.447095577432947, -9.522402071958597 ], [ -63.447004465511334, -9.522402188707332 ], [ -63.4470045831089, -9.522492634211266 ], [ -63.446913471162162, -9.522492750937337 ], [ -63.446913236016144, -9.522311859926738 ], [ -63.44682212411616, -9.522311976626758 ], [ -63.44682200656888, -9.522221531119625 ], [ -63.446913118444876, -9.522221414420734 ], [ -63.446913000874794, -9.52213096891426 ], [ -63.447004112725672, -9.522130852192708 ], [ -63.447003995132789, -9.522040406686894 ], [ -63.447095106958528, -9.522040289942673 ], [ -63.447094989342837, -9.521949844437518 ], [ -63.446912765738134, -9.521950077899907 ], [ -63.446912648171548, -9.521859632392026 ], [ -63.446821536391411, -9.521859749086406 ], [ -63.446821066232616, -9.521497967045674 ], [ -63.446729954547173, -9.521498083711752 ], [ -63.446729837034361, -9.521407638199266 ], [ -63.446638725371713, -9.521407754840423 ], [ -63.446638607884033, -9.521317309326346 ], [ -63.446729719522715, -9.521317192686313 ], [ -63.446729602012248, -9.521226747172891 ], [ -63.446638490397525, -9.521226863811792 ], [ -63.446638372912183, -9.521136418296773 ], [ -63.446547261320255, -9.52113653491076 ], [ -63.446547496244179, -9.521317425942586 ], [ -63.44645638460316, -9.521317542535035 ], [ -63.446456267164578, -9.521227097018231 ], [ -63.446365155546353, -9.521227213585764 ], [ -63.44636609489595, -9.521950777716086 ], [ -63.446457206705901, -9.521950661139535 ], [ -63.446457441602902, -9.522131552165167 ], [ -63.446548553459614, -9.522131435562571 ], [ -63.446548670933836, -9.522221881073552 ], [ -63.446457559053151, -9.522221997677278 ], [ -63.446458263779178, -9.522764670740099 ], [ -63.44636715175352, -9.522764787326796 ], [ -63.446367269187974, -9.522855232836747 ], [ -63.446093933032095, -9.522855582457458 ], [ -63.44609428512674, -9.523126918994645 ], [ -63.445912060873177, -9.523127151962909 ], [ -63.445911826238131, -9.522946260934081 ], [ -63.445729602075787, -9.522946493802667 ], [ -63.445729367541276, -9.522765602767459 ], [ -63.445820479575083, -9.522765486347314 ], [ -63.445820127710157, -9.522494149794362 ], [ -63.445911239670913, -9.5224940333538 ], [ -63.445911122360961, -9.522403587836337 ], [ -63.446093346231031, -9.522403354886093 ], [ -63.446093111518763, -9.522222463854259 ], [ -63.445910887744574, -9.5222226968 ], [ -63.445910770438118, -9.522132251281132 ], [ -63.445819658573242, -9.522132367717189 ], [ -63.445817782212018, -9.520685239333396 ], [ -63.445908893693449, -9.520685122915351 ], [ -63.445908189991137, -9.520142449747215 ], [ -63.445817078653469, -9.520142566158503 ], [ -63.445816726889937, -9.519871229564723 ], [ -63.445907838155719, -9.519871113156809 ], [ -63.445907369058141, -9.519509331029701 ], [ -63.445998480226912, -9.519509214602509 ], [ -63.445998362931469, -9.519418769070686 ], [ -63.445907251786664, -9.519418885496753 ], [ -63.445906899979207, -9.519147548895088 ], [ -63.445815788905115, -9.519147665293993 ], [ -63.445815671662253, -9.519057219758039 ], [ -63.445906782712385, -9.519057103360263 ], [ -63.445906548182258, -9.5188762122892 ], [ -63.44581543718003, -9.51887632868473 ], [ -63.445815202702462, -9.518695437609541 ], [ -63.445906313656778, -9.518695321216265 ], [ -63.445906079135959, -9.518514430141447 ], [ -63.44581496822957, -9.518514546532472 ], [ -63.445814733761331, -9.518333655453532 ], [ -63.445905844619809, -9.518333539064756 ], [ -63.445905610108326, -9.51815264798619 ], [ -63.446087831725961, -9.518152415141801 ], [ -63.446087714424053, -9.518061969604068 ], [ -63.44690771143005, -9.51806092063728 ], [ -63.446907593913707, -9.517970475109218 ], [ -63.447272036901303, -9.517970008287961 ], [ -63.447271919290294, -9.517879562763946 ], [ -63.447727472878704, -9.517878978707952 ] ], [ [ -63.447454611371839, -9.518241111297085 ], [ -63.447272389741315, -9.518241344857181 ], [ -63.447272742591863, -9.518512681422177 ], [ -63.447454964366116, -9.51851244785531 ], [ -63.44745484670019, -9.51842200233637 ], [ -63.447545957561616, -9.518421885518389 ], [ -63.447545839872888, -9.518331440000113 ], [ -63.447454729035428, -9.518331556816964 ], [ -63.447454611371839, -9.518241111297085 ] ], [ [ -63.447911461109193, -9.519235427611331 ], [ -63.447820350036842, -9.51923554453462 ], [ -63.44782046780913, -9.519325990044816 ], [ -63.447911578905448, -9.519325873120398 ], [ -63.447911461109193, -9.519235427611331 ] ], [ [ -63.447911696702874, -9.519416318628991 ], [ -63.447820585582598, -9.519416435554538 ], [ -63.447820821133043, -9.51959732657258 ], [ -63.447911932301245, -9.51959720964477 ], [ -63.447911696702874, -9.519416318628991 ] ], [ [ -63.448003396946483, -9.519868429209934 ], [ -63.447821174467492, -9.519868663096121 ], [ -63.447821292247987, -9.519959108603032 ], [ -63.448003514774889, -9.519958874714584 ], [ -63.448003396946483, -9.519868429209934 ] ], [ [ -63.44700164352048, -9.520231496472061 ], [ -63.446910532172843, -9.520231613169917 ], [ -63.446910649718397, -9.520322058686245 ], [ -63.44681953834565, -9.520322175361445 ], [ -63.446819773392342, -9.520503066394951 ], [ -63.446910884813015, -9.520502949717494 ], [ -63.446910767265123, -9.520412504202103 ], [ -63.447001878660672, -9.52041238750199 ], [ -63.44700164352048, -9.520231496472061 ] ], [ [ -63.44791287474154, -9.520320773689123 ], [ -63.44782176338164, -9.520320890625978 ], [ -63.447821881167989, -9.520411336130541 ], [ -63.447730769782964, -9.520411453044739 ], [ -63.44773088754652, -9.520501898549965 ], [ -63.447821998955504, -9.520501781634637 ], [ -63.447822116744192, -9.520592227138259 ], [ -63.447913228175956, -9.52059211019801 ], [ -63.44791287474154, -9.520320773689123 ] ], [ [ -63.44818668034997, -9.520682204733173 ], [ -63.448095568897749, -9.520682321745916 ], [ -63.448095804624749, -9.520863212744034 ], [ -63.448186916124911, -9.520863095729027 ], [ -63.44818668034997, -9.520682204733173 ] ], [ [ -63.446456032290918, -9.521046205983213 ], [ -63.446364920720619, -9.521046322548491 ], [ -63.446365038132903, -9.521136768067363 ], [ -63.446456149727162, -9.521136651500957 ], [ -63.446456032290918, -9.521046205983213 ] ], [ [ -63.44609158600273, -9.521046672101598 ], [ -63.445909362851637, -9.521046905018061 ], [ -63.445909597437733, -9.521227796066595 ], [ -63.446000709061785, -9.521227679618008 ], [ -63.446001061021562, -9.521499016183919 ], [ -63.445909949325603, -9.521499132635883 ], [ -63.445910301223982, -9.52177046920095 ], [ -63.446001412991819, -9.521770352745605 ], [ -63.446001295667237, -9.521679907225513 ], [ -63.446092407409949, -9.521679790747505 ], [ -63.446092290062566, -9.521589345228067 ], [ -63.446183401780154, -9.521589228727397 ], [ -63.446183167040942, -9.521408337689369 ], [ -63.446092055371295, -9.521408454187787 ], [ -63.446091820684678, -9.521227563145631 ], [ -63.446182932306407, -9.521227446649467 ], [ -63.446182814940883, -9.521137001128812 ], [ -63.446091703343129, -9.52113711762385 ], [ -63.44609158600273, -9.521046672101598 ] ], [ [ -63.446275570096425, -9.52240312184068 ], [ -63.446184458164304, -9.522403238375285 ], [ -63.446184575546162, -9.522493683889369 ], [ -63.446275687502236, -9.522493567353639 ], [ -63.446275570096425, -9.52240312184068 ] ] ] } },
{ "type": "Feature", "properties": { "area_m2": 47900.0 }, "geometry": { "type": "Polygon", "coordinates": [ [ [ -63.410283570463221, -9.520186152938836 ], [ -63.41028367837486, -9.520276598890671 ], [ -63.410374790172924, -9.520276491755222 ], [ -63.410374898109602, -9.520366937705557 ], [ -63.410466009930552, -9.520366830545282 ], [ -63.410465901969921, -9.520276384595986 ], [ -63.410557013765839, -9.520276277412961 ], [ -63.410557121750436, -9.520366723361223 ], [ -63.410830457203652, -9.520366401666319 ], [ -63.410830565261215, -9.520456847610994 ], [ -63.411012788939239, -9.520456633026711 ], [ -63.41101300515345, -9.520637524910507 ], [ -63.411104117038775, -9.520637417580611 ], [ -63.411104549575931, -9.520999201338428 ], [ -63.411195661556043, -9.520999093980587 ], [ -63.411195986042095, -9.521270431790912 ], [ -63.411104873990077, -9.521270539151866 ], [ -63.411105090271562, -9.521451431025147 ], [ -63.411013978170558, -9.521451538364387 ], [ -63.411014518773214, -9.521903768044565 ], [ -63.410741182104253, -9.521904089935109 ], [ -63.410741290156103, -9.521994535872849 ], [ -63.410923514651095, -9.521994321300872 ], [ -63.410923730853895, -9.522175213170799 ], [ -63.410832618558999, -9.522175320470758 ], [ -63.410833050881621, -9.522537104209128 ], [ -63.410924163272391, -9.522536996905021 ], [ -63.410924271379699, -9.522627442837404 ], [ -63.410742046549167, -9.522627657423904 ], [ -63.410742154609608, -9.522718103357889 ], [ -63.410651042168766, -9.522718210616489 ], [ -63.41065115020632, -9.522808656551044 ], [ -63.410742262671128, -9.52280854929141 ], [ -63.410742370733715, -9.522898995224461 ], [ -63.411015708193631, -9.522898673299684 ], [ -63.411015924465858, -9.523079565158151 ], [ -63.410742586862128, -9.523079887089152 ], [ -63.410742478797388, -9.522989441157041 ], [ -63.410651366284625, -9.522989548418751 ], [ -63.410652122592566, -9.523622669940938 ], [ -63.410561009910957, -9.523622777186109 ], [ -63.410561117935266, -9.523713223117008 ], [ -63.410470005228603, -9.523713330339422 ], [ -63.410469573233669, -9.523351546608856 ], [ -63.410287348008893, -9.523351760974 ], [ -63.41028691622288, -9.522989977227637 ], [ -63.410195803704767, -9.522990084370374 ], [ -63.410195695784921, -9.522899638431575 ], [ -63.410104583289701, -9.522899745549484 ], [ -63.41010469118558, -9.522990191489317 ], [ -63.409922466143975, -9.52299040565582 ], [ -63.409922573992993, -9.523080851597257 ], [ -63.409740348899163, -9.523081065670651 ], [ -63.409740564504531, -9.523261957556254 ], [ -63.409649451908066, -9.523262064559329 ], [ -63.409649020797502, -9.522900280782107 ], [ -63.409557908295866, -9.522900387757248 ], [ -63.409557692794941, -9.522719495863752 ], [ -63.409466580340165, -9.522719602813034 ], [ -63.409466149447049, -9.522357819016278 ], [ -63.409375037087074, -9.522357925937628 ], [ -63.409374067855893, -9.521543912358181 ], [ -63.409465180000183, -9.521543805446134 ], [ -63.40946474916273, -9.521182021624986 ], [ -63.409555861210073, -9.521181914693281 ], [ -63.409555430293892, -9.520820130868765 ], [ -63.409464318342394, -9.520820237796332 ], [ -63.409464102938671, -9.520639345879189 ], [ -63.409372991034033, -9.5206394527809 ], [ -63.409372883357726, -9.520549006820593 ], [ -63.409281771475996, -9.520549113697481 ], [ -63.409281663824729, -9.520458667735671 ], [ -63.409463887539204, -9.520458453960174 ], [ -63.409463995238397, -9.520548899919918 ], [ -63.409555107117995, -9.520548792995452 ], [ -63.409555214842229, -9.520639238953692 ], [ -63.409646326744721, -9.520639132004405 ], [ -63.40964654224431, -9.520820023917411 ], [ -63.409737654193655, -9.520819916942264 ], [ -63.409738193081203, -9.521272146711398 ], [ -63.409829305149294, -9.521272039707291 ], [ -63.409829628566584, -9.521543377560036 ], [ -63.409920740705502, -9.521543270529035 ], [ -63.409920848537375, -9.521633716477979 ], [ -63.410011960699194, -9.521633609422153 ], [ -63.4100116371349, -9.521362271577024 ], [ -63.409920525044988, -9.521362378629744 ], [ -63.409919985912431, -9.520910148873305 ], [ -63.409828873941272, -9.520910255897062 ], [ -63.409828119368449, -9.520277134211106 ], [ -63.410192566575724, -9.520276706002333 ], [ -63.410192458688037, -9.520186260049464 ], [ -63.410283570463221, -9.520186152938836 ] ], [ [ -63.411104657712912, -9.52108964727671 ], [ -63.41101354570776, -9.521089754611801 ], [ -63.411013653821854, -9.521180200550651 ], [ -63.411104765850951, -9.521180093214522 ], [ -63.411104657712912, -9.52108964727671 ] ], [ [ -63.410649313713954, -9.521271075599792 ], [ -63.410558201655505, -9.521271182818007 ], [ -63.410558309651911, -9.521361628761104 ], [ -63.410467197568423, -9.521361735956566 ], [ -63.41046730554195, -9.521452181900234 ], [ -63.41064952975578, -9.521451967483445 ], [ -63.410649313713954, -9.521271075599792 ] ], [ [ -63.410012823584438, -9.522357176988521 ], [ -63.409921711230886, -9.522357284052628 ], [ -63.409921819072402, -9.522447729997353 ], [ -63.410012931449927, -9.522447622932205 ], [ -63.410012823584438, -9.522357176988521 ] ], [ [ -63.410104043826365, -9.522447515843272 ], [ -63.410012931449927, -9.522447622932205 ], [ -63.410013147184102, -9.522628514818173 ], [ -63.410104259608495, -9.522628407727163 ], [ -63.410104043826365, -9.522447515843272 ] ], [ [ -63.409921819072402, -9.522447729997353 ], [ -63.40983070669381, -9.522447837038701 ], [ -63.409830814512425, -9.522538282983986 ], [ -63.409739702108794, -9.522538390002579 ], [ -63.409739809904508, -9.52262883594843 ], [ -63.409922034758637, -9.522628621885383 ], [ -63.409921819072402, -9.522447729997353 ] ], [ [ -63.410195372031801, -9.522628300612363 ], [ -63.410104259608495, -9.522628407727163 ], [ -63.410104475394888, -9.522809299609179 ], [ -63.410195587866141, -9.522809192492307 ], [ -63.410195372031801, -9.522628300612363 ] ] ] } },
{ "type": "Feature", "properties": { "area_m2": 6800.0 }, "geometry": { "type": "Polygon", "coordinates": [ [ [ -63.386963706301174, -9.524463768182905 ], [ -63.38696390995176, -9.524644660557351 ], [ -63.387055023167107, -9.524644559464605 ], [ -63.387055430576318, -9.525006344203963 ], [ -63.387146543886558, -9.525006243083508 ], [ -63.387146849526019, -9.525277581630169 ], [ -63.387237962907157, -9.525277480482982 ], [ -63.387238064812983, -9.525367926663284 ], [ -63.387146951407857, -9.525368027811449 ], [ -63.387147053290704, -9.525458473992259 ], [ -63.387055939860595, -9.525458575117604 ], [ -63.387055838001721, -9.525368128935813 ], [ -63.38696472459457, -9.52536823003638 ], [ -63.386964826429484, -9.525458676219145 ], [ -63.386691486130047, -9.525458979380963 ], [ -63.386691587894028, -9.525549425566188 ], [ -63.386782701352168, -9.525549324535072 ], [ -63.386782803141138, -9.525639770718858 ], [ -63.386873916622235, -9.525639669662965 ], [ -63.386874222067149, -9.525911008208571 ], [ -63.38678310851413, -9.525911109267394 ], [ -63.386783006722119, -9.525820663085018 ], [ -63.386691893192051, -9.525820764119061 ], [ -63.386691791425037, -9.525730317935238 ], [ -63.38650956440982, -9.525730519929972 ], [ -63.386509259258702, -9.525459181369838 ], [ -63.386418145821509, -9.525459282328573 ], [ -63.386417739063383, -9.525097497571256 ], [ -63.386508852404667, -9.525097396616422 ], [ -63.386508648983721, -9.5249165042369 ], [ -63.386599762276049, -9.524916403260219 ], [ -63.386599660543105, -9.524825957070734 ], [ -63.386781887076772, -9.524825755047926 ], [ -63.386781785296897, -9.52473530885992 ], [ -63.38687289853825, -9.524735207813796 ], [ -63.386872593132772, -9.524463869249898 ], [ -63.386963706301174, -9.524463768182905 ] ], [ [ -63.387055634287002, -9.525187236570826 ], [ -63.386964520927805, -9.525187337669436 ], [ -63.386964622760679, -9.525277783853142 ], [ -63.387055736143857, -9.525277682753554 ], [ -63.387055634287002, -9.525187236570826 ] ] ] } },
{ "type": "Feature", "properties": { "area_m2": 24200.0 }, "geometry": { "type": "Polygon", "coordinates": [ [ [ -63.413477485550594, -9.524342900705632 ], [ -63.413480532360438, -9.526875385556234 ], [ -63.413571645870697, -9.526875277512007 ], [ -63.413571754724991, -9.526965723391678 ], [ -63.413662868258157, -9.526965615322602 ], [ -63.413662977137506, -9.527056061200758 ], [ -63.413571863580366, -9.52705616927088 ], [ -63.413572734462264, -9.527779736287604 ], [ -63.41348162071219, -9.527779844342273 ], [ -63.413481947238786, -9.528051181968932 ], [ -63.413390833415683, -9.528051290002928 ], [ -63.413390942236063, -9.528141735878584 ], [ -63.413026486836898, -9.528142167780665 ], [ -63.413026595562435, -9.528232613660029 ], [ -63.412844367808397, -9.528232829470312 ], [ -63.412844259130843, -9.528142383588861 ], [ -63.412753145276191, -9.528142491457249 ], [ -63.412753036623698, -9.528052045574288 ], [ -63.412661922791948, -9.528052153417828 ], [ -63.412661705538156, -9.527871261648414 ], [ -63.412752819321931, -9.527871153806965 ], [ -63.41275271067267, -9.527780707922597 ], [ -63.412843824431398, -9.527780600058378 ], [ -63.412843715759223, -9.527690154174582 ], [ -63.412934829492883, -9.527690046287601 ], [ -63.412934612103825, -9.527509154520688 ], [ -63.413025725788444, -9.527509046611987 ], [ -63.413025617071554, -9.52741860072887 ], [ -63.412934503410916, -9.52741870863653 ], [ -63.41293417733867, -9.527147370981231 ], [ -63.412843063748909, -9.527147478861959 ], [ -63.412842846420766, -9.52696658708733 ], [ -63.412933959962565, -9.526966479208687 ], [ -63.41293254712317, -9.525790682641388 ], [ -63.413023660352174, -9.525790574752497 ], [ -63.413023551655805, -9.525700128860462 ], [ -63.413114664859748, -9.525700020948813 ], [ -63.413114556140478, -9.525609575057354 ], [ -63.413023442960501, -9.525609682967957 ], [ -63.413023225573149, -9.525428791181543 ], [ -63.412932112440053, -9.525428899066261 ], [ -63.412932003771978, -9.525338453171305 ], [ -63.413023116881106, -9.525338345287627 ], [ -63.413022682123682, -9.524976561707289 ], [ -63.413113795135828, -9.524976453803983 ], [ -63.413113686425191, -9.524886007908771 ], [ -63.413204799412277, -9.52488589998271 ], [ -63.413204581946317, -9.524705008192955 ], [ -63.413295694884368, -9.524704900245185 ], [ -63.413295368621597, -9.524433562560167 ], [ -63.413386481486661, -9.524433454591728 ], [ -63.413386372710583, -9.524343008696828 ], [ -63.413477485550594, -9.524342900705632 ] ] ] } },
{ "type": "Feature", "properties": { "area_m2": 37000.0 }, "geometry": { "type": "Polygon", "coordinates": [ [ [ -63.425959710146309, -9.524146989454598 ], [ -63.42596038265583, -9.524689663945187 ], [ -63.426051495440312, -9.524689552665627 ], [ -63.426051943898166, -9.525051335645667 ], [ -63.426143056777441, -9.525051224338004 ], [ -63.426143168918664, -9.525141670080764 ], [ -63.426325394721808, -9.525141447391887 ], [ -63.426325282532638, -9.525051001651281 ], [ -63.426780846901103, -9.525050444517978 ], [ -63.42678107152031, -9.525231335987954 ], [ -63.426872184438622, -9.525231224487742 ], [ -63.42687207210448, -9.525140778754066 ], [ -63.426963184997689, -9.525140667231131 ], [ -63.426963634436831, -9.525502450158704 ], [ -63.426872521447727, -9.525502561685952 ], [ -63.426872746126037, -9.525683453149078 ], [ -63.426781633087863, -9.525683564654681 ], [ -63.426781745404725, -9.525774010386622 ], [ -63.426690632341462, -9.5257741218695 ], [ -63.426690744635444, -9.525864567602044 ], [ -63.426599631547091, -9.525864679062199 ], [ -63.426599519277062, -9.525774233328574 ], [ -63.426508406211575, -9.525774344763851 ], [ -63.426508293966641, -9.525683899028682 ], [ -63.426417180923998, -9.525684010439077 ], [ -63.426417293144951, -9.525774456175325 ], [ -63.426326180077218, -9.525774567562999 ], [ -63.426326292275306, -9.525865013299853 ], [ -63.426052952993501, -9.525865347323297 ], [ -63.426052728742299, -9.525684455842665 ], [ -63.425961615694085, -9.525684567134057 ], [ -63.425961727795155, -9.525775012875684 ], [ -63.425870614721852, -9.525775124144353 ], [ -63.425872296011818, -9.527131810228552 ], [ -63.425963409444805, -9.527131698943752 ], [ -63.425963185210371, -9.526950807474114 ], [ -63.426054298594281, -9.526950696167658 ], [ -63.426054410734913, -9.527041141901638 ], [ -63.426236637547341, -9.527040919215167 ], [ -63.426236525358746, -9.526950473483343 ], [ -63.426327638739309, -9.526950362105476 ], [ -63.426327526527842, -9.526859916374255 ], [ -63.426418639883309, -9.526859804973663 ], [ -63.426418527648991, -9.526769359243046 ], [ -63.426509640979361, -9.526769247819727 ], [ -63.426509753237674, -9.526859693549266 ], [ -63.427147546686911, -9.526858912911978 ], [ -63.427147434260753, -9.526768467189983 ], [ -63.427511887539829, -9.526768020592163 ], [ -63.427512337634866, -9.527129803460053 ], [ -63.427421224220851, -9.52712991514953 ], [ -63.427421449227104, -9.527310806582815 ], [ -63.427239222299804, -9.527311029894674 ], [ -63.427239334756649, -9.52740147561277 ], [ -63.427330448244845, -9.527401363967664 ], [ -63.427330560726794, -9.527491809684214 ], [ -63.427421674237841, -9.527491698014224 ], [ -63.427421899253041, -9.527672589443755 ], [ -63.427330785694025, -9.527672701115902 ], [ -63.427331123153259, -9.527944038259912 ], [ -63.427422236784224, -9.527943926584527 ], [ -63.427422574325462, -9.528215263721076 ], [ -63.427331460622554, -9.5282153753997 ], [ -63.427331685607662, -9.528396266823874 ], [ -63.426876116836503, -9.528396824870663 ], [ -63.426876229210819, -9.528487270587439 ], [ -63.426694001646581, -9.528487493641654 ], [ -63.426693889320227, -9.528397047922722 ], [ -63.426602775560418, -9.528397159413041 ], [ -63.426602887862778, -9.528487605133051 ], [ -63.426420660291846, -9.528487828044419 ], [ -63.426420435784173, -9.528306936599623 ], [ -63.42623820830471, -9.528307159411451 ], [ -63.426238096100519, -9.5282167136862 ], [ -63.426146982383102, -9.528216825055324 ], [ -63.426146758026015, -9.528035933601256 ], [ -63.426237871695463, -9.52803582223428 ], [ -63.426237310702334, -9.527583593596269 ], [ -63.426146197152789, -9.527583704957864 ], [ -63.426145748474269, -9.527221922034702 ], [ -63.426054635019526, -9.527222033368187 ], [ -63.426054859308607, -9.527402924832861 ], [ -63.425963745804793, -9.52740303614469 ], [ -63.425963521563681, -9.527222144677866 ], [ -63.425872408106727, -9.527222255963741 ], [ -63.425872632299878, -9.527403147432715 ], [ -63.425781518793841, -9.527403258696939 ], [ -63.425781294648658, -9.527222367225813 ], [ -63.425690181189474, -9.527222478464079 ], [ -63.425689845051977, -9.526951141250645 ], [ -63.425780958439219, -9.526951030015605 ], [ -63.425780734305157, -9.526770138539783 ], [ -63.425689620965876, -9.526770249772676 ], [ -63.425689396884231, -9.526589358292833 ], [ -63.425780510175557, -9.526589247062088 ], [ -63.425780286050404, -9.526408355582515 ], [ -63.42568917280704, -9.526408466811105 ], [ -63.42568894873429, -9.526227575327505 ], [ -63.425780061929707, -9.526227464101064 ], [ -63.425779053441666, -9.525413452411295 ], [ -63.425961279397562, -9.525413229906363 ], [ -63.425961055205455, -9.525232338418885 ], [ -63.42577882934544, -9.525232560919518 ], [ -63.42577759689587, -9.524237657681178 ], [ -63.425868709562714, -9.524237546454591 ], [ -63.425868597504547, -9.52414710070391 ], [ -63.425959710146309, -9.524146989454598 ] ], [ [ -63.425960718925637, -9.524961001184149 ], [ -63.425869606068119, -9.52496111244314 ], [ -63.425869718136298, -9.525051558189595 ], [ -63.425960831017782, -9.525051446929531 ], [ -63.425960718925637, -9.524961001184149 ] ], [ [ -63.427056770553619, -9.527130361669398 ], [ -63.426965657134019, -9.527130473239852 ], [ -63.426965769516691, -9.527220918962124 ], [ -63.427056882960272, -9.527220807390588 ], [ -63.427056770553619, -9.527130361669398 ] ], [ [ -63.427057220186917, -9.527492144551349 ], [ -63.426966106671387, -9.527492256126118 ], [ -63.426966331446785, -9.527673147566432 ], [ -63.427057445010263, -9.527673035989508 ], [ -63.427057220186917, -9.527492144551349 ] ], [ [ -63.427330673209845, -9.527582255400292 ], [ -63.427239559673694, -9.527582367047556 ], [ -63.427239672133886, -9.527672812764242 ], [ -63.427330785694025, -9.527672701115902 ], [ -63.427330673209845, -9.527582255400292 ] ], [ [ -63.427239672133886, -9.527672812764242 ], [ -63.427148558572632, -9.527672924388778 ], [ -63.427148671009959, -9.527763370106076 ], [ -63.427239784595209, -9.527763258480462 ], [ -63.427239672133886, -9.527672812764242 ] ], [ [ -63.427057557423609, -9.527763481707886 ], [ -63.42696644383615, -9.527763593285888 ], [ -63.426966556226638, -9.527854039004874 ], [ -63.427057669838078, -9.527853927425793 ], [ -63.427057557423609, -9.527763481707886 ] ], [ [ -63.427331123153259, -9.527944038259912 ], [ -63.427240009521185, -9.527944149911489 ], [ -63.427240121985839, -9.528034595626304 ], [ -63.427331235641908, -9.528034483973643 ], [ -63.427331123153259, -9.527944038259912 ] ], [ [ -63.427149120770459, -9.528125152970569 ], [ -63.427058007088178, -9.528125264576694 ], [ -63.427058119507109, -9.528215710292724 ], [ -63.42714923321337, -9.528215598685522 ], [ -63.427149120770459, -9.528125152970569 ] ] ] } },
{ "type": "Feature", "properties": { "area_m2": 59300.0 }, "geometry": { "type": "Polygon", "coordinates": [ [ [ -63.408467890086463, -9.525705494096393 ], [ -63.408467997583998, -9.525795940040284 ], [ -63.409105790532934, -9.525795192482107 ], [ -63.409106221205114, -9.526156976224078 ], [ -63.409197334575161, -9.526156869330714 ], [ -63.409197873059341, -9.526609098992452 ], [ -63.409288986548212, -9.526608992070118 ], [ -63.409289309723498, -9.526880329858432 ], [ -63.409380423283231, -9.526880222909195 ], [ -63.409380638786743, -9.527061114763656 ], [ -63.409471752393372, -9.527061007788545 ], [ -63.40947229129074, -9.527513237411315 ], [ -63.409381177564207, -9.527513344391593 ], [ -63.40938139308269, -9.527694236239483 ], [ -63.409472506857185, -9.52769412925714 ], [ -63.409472830214881, -9.527965467022351 ], [ -63.409381716368436, -9.5279655740078 ], [ -63.409382039663818, -9.52823691177189 ], [ -63.409290925744351, -9.528237018736631 ], [ -63.409291033487634, -9.528327464658087 ], [ -63.409382147431089, -9.528327357692312 ], [ -63.409382578510858, -9.528689141369318 ], [ -63.409291464471472, -9.528689248339228 ], [ -63.409291572220098, -9.528779694258336 ], [ -63.408471545601621, -9.528780655925411 ], [ -63.408471438068851, -9.528690209997009 ], [ -63.408380324018758, -9.528690316728833 ], [ -63.408380109004398, -9.528509424868554 ], [ -63.407924538977838, -9.528509958160221 ], [ -63.407924431592171, -9.528419512224223 ], [ -63.407559975647658, -9.528419938424889 ], [ -63.407558044614774, -9.526791911422581 ], [ -63.40764915817082, -9.526791804926651 ], [ -63.407649050877367, -9.52670135897865 ], [ -63.407922391467189, -9.52670103935113 ], [ -63.407922176739582, -9.526520147459895 ], [ -63.407739949776683, -9.526520360564593 ], [ -63.407739842462441, -9.526429914616211 ], [ -63.407648729003377, -9.526430021131826 ], [ -63.407648514426029, -9.5262491292316 ], [ -63.407557401013847, -9.526249235721352 ], [ -63.407557186488738, -9.526068343817188 ], [ -63.407648299852966, -9.526068237329493 ], [ -63.40764797800135, -9.525796899472816 ], [ -63.407830204582737, -9.525796686432196 ], [ -63.407830097253033, -9.525706240481091 ], [ -63.408012323782209, -9.525706027347324 ], [ -63.408012431159861, -9.525796473296374 ], [ -63.408376884301298, -9.525796046739107 ], [ -63.408376776827751, -9.525705600794183 ], [ -63.408467890086463, -9.525705494096393 ] ], [ [ -63.408194765159379, -9.525886706011859 ], [ -63.408103651849508, -9.525886812640305 ], [ -63.408103759253265, -9.525977258587377 ], [ -63.408194872587117, -9.525977151957902 ], [ -63.408194765159379, -9.525886706011859 ] ], [ [ -63.408287060495738, -9.526881504728966 ], [ -63.408195946923165, -9.526881611392552 ], [ -63.408196161803176, -9.52706250327385 ], [ -63.408287275423717, -9.527062396608201 ], [ -63.408287060495738, -9.526881504728966 ] ] ] } },
{ "type": "Feature", "properties": { "area_m2": 7000.0 }, "geometry": { "type": "Polygon", "coordinates": [ [ [ -63.447283803906053, -9.527014558319264 ], [ -63.447284628034268, -9.527647676645651 ], [ -63.447375741342896, -9.527647559760032 ], [ -63.447376212394964, -9.528009341645976 ], [ -63.447467325798343, -9.528009224732029 ], [ -63.447467443588266, -9.528099670201211 ], [ -63.447376330160907, -9.528099787116286 ], [ -63.447376565696295, -9.528280678055502 ], [ -63.447194338742122, -9.528280911818751 ], [ -63.447194456463613, -9.528371357289913 ], [ -63.447103342960794, -9.528371474136954 ], [ -63.447103460659456, -9.528461919608777 ], [ -63.447194574186256, -9.528461802760607 ], [ -63.447194691910084, -9.528552248230829 ], [ -63.4472858054597, -9.528552131357719 ], [ -63.447285923208682, -9.528642576826345 ], [ -63.447194809635072, -9.528642693700585 ], [ -63.447194927361231, -9.528733139169862 ], [ -63.447012700162553, -9.528733372849175 ], [ -63.447012582484369, -9.528642927377632 ], [ -63.446921468907256, -9.528643044180447 ], [ -63.446921351254225, -9.528552598707305 ], [ -63.446830237699935, -9.528552715485182 ], [ -63.446830120072043, -9.528462270010445 ], [ -63.446739006540575, -9.528462386763385 ], [ -63.446738418538565, -9.528010159377011 ], [ -63.446829531950129, -9.528010042629715 ], [ -63.446829414329258, -9.527919597152156 ], [ -63.446920527715669, -9.527919480382179 ], [ -63.446920410071975, -9.527829034905285 ], [ -63.447011523433233, -9.527828918112627 ], [ -63.447011170437221, -9.527557581682506 ], [ -63.447102283725378, -9.527557464869428 ], [ -63.447102048352576, -9.527376573915925 ], [ -63.447193161591599, -9.527376457081303 ], [ -63.447192690764126, -9.527014675173175 ], [ -63.447283803906053, -9.527014558319264 ] ], [ [ -63.447284745771547, -9.527738122118972 ], [ -63.447193632437781, -9.527738238981916 ], [ -63.447193750152245, -9.527828684455898 ], [ -63.447284863510006, -9.527828567591824 ], [ -63.447284745771547, -9.527738122118972 ] ] ] } },
{ "type": "Feature", "properties": { "area_m2": 20900.0 }, "geometry": { "type": "Polygon", "coordinates": [ [ [ -63.458857941462739, -9.529079766895363 ], [ -63.458858183068173, -9.529260657535927 ], [ -63.458949296658048, -9.529260537606143 ], [ -63.458949417486558, -9.529350982924562 ], [ -63.459040531099213, -9.529350862969808 ], [ -63.459040772807782, -9.529531753602919 ], [ -63.459131886467226, -9.529531633622039 ], [ -63.4591320073473, -9.529622078936729 ], [ -63.459223121029524, -9.529621958930878 ], [ -63.459223000125455, -9.529531513617345 ], [ -63.459314113782504, -9.529531393588844 ], [ -63.45931423471054, -9.529621838901216 ], [ -63.459405348390362, -9.529621718847745 ], [ -63.459405590298033, -9.52980260946876 ], [ -63.459496704024623, -9.529802489389159 ], [ -63.459496825004244, -9.529892934697799 ], [ -63.459770166248781, -9.529892574312644 ], [ -63.459770287301566, -9.529983019617333 ], [ -63.459952514839898, -9.529982779239186 ], [ -63.459952999254952, -9.530344560443964 ], [ -63.460044113118251, -9.530344440214526 ], [ -63.460043991988698, -9.530253994915199 ], [ -63.460226219663738, -9.530253754387211 ], [ -63.460226825563424, -9.530705980867534 ], [ -63.459862369728782, -9.530706461851498 ], [ -63.459862490816363, -9.530796907150798 ], [ -63.459133578897458, -9.530797867984965 ], [ -63.459133458001773, -9.530707422676382 ], [ -63.458586774156096, -9.530708142294888 ], [ -63.458586653405561, -9.530617696978885 ], [ -63.458495539451079, -9.530617816830796 ], [ -63.458495056556863, -9.530256035557446 ], [ -63.458403942697124, -9.530256155380917 ], [ -63.458403822000555, -9.530165710060245 ], [ -63.458494935836306, -9.530165590237933 ], [ -63.458494452966058, -9.529803808955187 ], [ -63.458585566704656, -9.529803689113695 ], [ -63.458585445966108, -9.529713243792987 ], [ -63.458494332251497, -9.529713363633322 ], [ -63.458494090825965, -9.529532472988191 ], [ -63.458585204492593, -9.529532353150172 ], [ -63.45858508375764, -9.529441907828058 ], [ -63.458676197399093, -9.529441787967386 ], [ -63.458676318158041, -9.529532233288341 ], [ -63.458767431822274, -9.529532113402702 ], [ -63.458766827919632, -9.529079886799021 ], [ -63.458857941462739, -9.529079766895363 ] ], [ [ -63.459496825004244, -9.529892934697799 ], [ -63.459405711253666, -9.529893054778563 ], [ -63.4594058322105, -9.529983500087898 ], [ -63.459496945985066, -9.529983380005971 ], [ -63.459496825004244, -9.529892934697799 ] ], [ [ -63.459770408355553, -9.530073464921555 ], [ -63.459679294560594, -9.530073585076074 ], [ -63.459679415591793, -9.530164030380988 ], [ -63.459770529410733, -9.53016391022531 ], [ -63.459770408355553, -9.530073464921555 ] ], [ [ -63.459861764308847, -9.53025423534794 ], [ -63.459770650467121, -9.530254355528591 ], [ -63.459770892583514, -9.530435246133745 ], [ -63.459862006473216, -9.530435125950772 ], [ -63.459861764308847, -9.53025423534794 ] ] ] } },
{ "type": "Feature", "properties": { "area_m2": 1634700.0 }, "geometry": { "type": "Polygon", "coordinates": [ [ [ -63.460565234242999, -9.511259751249083 ], [ -63.460565476285495, -9.511440642030452 ], [ -63.460656585132021, -9.511440521877407 ], [ -63.460657916715178, -9.512435421128624 ], [ -63.460566807605318, -9.512435541294462 ], [ -63.460567291757741, -9.512797322830945 ], [ -63.460658400963375, -9.512797202660453 ], [ -63.460659248444038, -9.513430320323092 ], [ -63.460568139070816, -9.513430440501727 ], [ -63.460570318146722, -9.51505845726393 ], [ -63.460479208341262, -9.515058577439721 ], [ -63.460479329388519, -9.515149022812107 ], [ -63.460570439217932, -9.515148902635151 ], [ -63.460570681363969, -9.515329793376186 ], [ -63.460479571486651, -9.515329913555469 ], [ -63.46048005569736, -9.515691695036566 ], [ -63.460297835747546, -9.515691935333106 ], [ -63.460297593735582, -9.515511044588846 ], [ -63.460388703663185, -9.515510924454789 ], [ -63.460388582635069, -9.515420479083117 ], [ -63.460297472731405, -9.515420599216013 ], [ -63.460297109726085, -9.515149263094699 ], [ -63.460205999893056, -9.515149383200335 ], [ -63.460206120869678, -9.515239828575741 ], [ -63.460115011011503, -9.515239948658762 ], [ -63.460114769107356, -9.515059057905164 ], [ -63.460023659295878, -9.51505917796209 ], [ -63.46002341744444, -9.514878287204294 ], [ -63.460114527208034, -9.514878167149691 ], [ -63.460114406260175, -9.514787721771251 ], [ -63.460205515998602, -9.514787601694037 ], [ -63.460205636970414, -9.514878047071315 ], [ -63.460296746731593, -9.514877926969165 ], [ -63.460295778799235, -9.514154363947098 ], [ -63.460204669229633, -9.514154484039949 ], [ -63.460204911157611, -9.514335374800606 ], [ -63.460022691919001, -9.514335614919645 ], [ -63.460022812836897, -9.514426060301592 ], [ -63.460113922480751, -9.514425940252796 ], [ -63.460114164368051, -9.51460683101296 ], [ -63.460205274058595, -9.514606710938072 ], [ -63.460205395027998, -9.514697156316286 ], [ -63.460023175597826, -9.514697396444621 ], [ -63.460023296520532, -9.514787841824692 ], [ -63.459841077037659, -9.514788081860255 ], [ -63.459841197913669, -9.51487852724218 ], [ -63.45965897837808, -9.514878767184976 ], [ -63.459658495072794, -9.514516985645175 ], [ -63.459567385398998, -9.514517105576271 ], [ -63.459567143801451, -9.514336214801236 ], [ -63.459658253427364, -9.514336094872462 ], [ -63.459658132606449, -9.514245649485401 ], [ -63.459567023004482, -9.514245769413016 ], [ -63.459566902208707, -9.514155324024324 ], [ -63.459658011786736, -9.514155204097868 ], [ -63.459657770150912, -9.513974313321405 ], [ -63.459475551089447, -9.5139745531459 ], [ -63.459475671858876, -9.514064998536689 ], [ -63.45938456230239, -9.51406511841444 ], [ -63.459384683049066, -9.514155563805916 ], [ -63.45947579262949, -9.514155443927008 ], [ -63.459476517278439, -9.514698116259076 ], [ -63.459385407554336, -9.514698236144948 ], [ -63.459385649065702, -9.514879126920871 ], [ -63.459112319742495, -9.51487948644281 ], [ -63.459112440428136, -9.514969931833548 ], [ -63.459021330627394, -9.514970051627806 ], [ -63.45902108930521, -9.514789160843545 ], [ -63.458929979551151, -9.514789280611712 ], [ -63.458929858915816, -9.51469883521772 ], [ -63.458656529718304, -9.51469919437611 ], [ -63.458656409155992, -9.514608748978175 ], [ -63.458565299445048, -9.514608868648937 ], [ -63.458565781605664, -9.5149706502425 ], [ -63.4588391110223, -9.514970291145003 ], [ -63.458839352253477, -9.515151181932023 ], [ -63.459112681803013, -9.515150822613611 ], [ -63.459112923182687, -9.515331713391802 ], [ -63.459204033078031, -9.515331593569133 ], [ -63.459204153793614, -9.515422038956364 ], [ -63.459021933953842, -9.51542227858025 ], [ -63.459021813286142, -9.515331833190697 ], [ -63.458839593489465, -9.515332072717166 ], [ -63.458839714109267, -9.515422518109034 ], [ -63.458748604185175, -9.515422637837764 ], [ -63.458748724782211, -9.515513083230324 ], [ -63.458475394930907, -9.515513442277344 ], [ -63.458475274405714, -9.515422996881313 ], [ -63.458384164476833, -9.515423116514947 ], [ -63.458384284978074, -9.515513561912133 ], [ -63.458110955112396, -9.515513920673861 ], [ -63.458110834682998, -9.515423475273199 ], [ -63.45801972474932, -9.515423594811736 ], [ -63.458020085969252, -9.515694931015778 ], [ -63.457928975962538, -9.51569505053401 ], [ -63.457929096347627, -9.515785495935575 ], [ -63.457109106017761, -9.515786570540165 ], [ -63.457108985848215, -9.515696125128203 ], [ -63.456835655788595, -9.515696482898315 ], [ -63.4568355356921, -9.515606037482424 ], [ -63.456744425693785, -9.515606156690424 ], [ -63.456744185552274, -9.515425265854926 ], [ -63.456835295502692, -9.51542514664923 ], [ -63.456835175409765, -9.51533470123193 ], [ -63.456744065483306, -9.51533482043647 ], [ -63.456743945415532, -9.515244375017549 ], [ -63.456835055318052, -9.515244255814164 ], [ -63.456834454877352, -9.514792028718281 ], [ -63.45674334509458, -9.5147921479159 ], [ -63.456743225033968, -9.514701702494165 ], [ -63.456834334792802, -9.514701583297697 ], [ -63.456833854466517, -9.514339801610674 ], [ -63.456742744803471, -9.514339920802527 ], [ -63.456742504695377, -9.514159029953893 ], [ -63.456833614310533, -9.514158910764348 ], [ -63.456833494234338, -9.514068465340481 ], [ -63.456742384643128, -9.514068584528875 ], [ -63.456742144542204, -9.513887693677429 ], [ -63.456833254085524, -9.513887574491342 ], [ -63.456832653734395, -9.51343534736028 ], [ -63.456923763156787, -9.513435228156192 ], [ -63.45692364306619, -9.513344782729728 ], [ -63.457014752463458, -9.513344663503021 ], [ -63.457014632350116, -9.513254218077245 ], [ -63.456923522976808, -9.513254337302795 ], [ -63.456923402888599, -9.513163891875392 ], [ -63.456832293538035, -9.51316401107602 ], [ -63.456831813292943, -9.512802229357105 ], [ -63.456740704036953, -9.512802348529352 ], [ -63.456740944109228, -9.512983239392055 ], [ -63.456649834804161, -9.51298335854284 ], [ -63.45664995481814, -9.513073803974642 ], [ -63.456741064147153, -9.513073684822702 ], [ -63.456741184186278, -9.51316413025288 ], [ -63.456558965479168, -9.513164368535294 ], [ -63.456559205465226, -9.513345259398857 ], [ -63.45646809606199, -9.513345378506717 ], [ -63.456468216032853, -9.513435823938948 ], [ -63.456559325460034, -9.513435704829934 ], [ -63.456559445456037, -9.513526150260546 ], [ -63.456650554905963, -9.513526031126611 ], [ -63.45665211527394, -9.514701821666858 ], [ -63.456561005512725, -9.514701940815781 ], [ -63.456560885501212, -9.51461149539127 ], [ -63.456378666023085, -9.514611733615491 ], [ -63.456378546060655, -9.514521288188202 ], [ -63.456287436343757, -9.514521407263503 ], [ -63.456287556282241, -9.514611852691942 ], [ -63.456196446540204, -9.514611971744621 ], [ -63.456196686372856, -9.514792862602395 ], [ -63.45628779616279, -9.514792743547408 ], [ -63.456287676221926, -9.514702298119911 ], [ -63.456469895750317, -9.51470205994093 ], [ -63.456470015739086, -9.514792505366126 ], [ -63.456561125525447, -9.514792386239824 ], [ -63.456561965647865, -9.515425504194988 ], [ -63.45637974573868, -9.515425742439955 ], [ -63.456379985688592, -9.515606633284678 ], [ -63.456197765678844, -9.515606871439157 ], [ -63.456198005537743, -9.515787762286607 ], [ -63.455833565312332, -9.515788238319473 ], [ -63.455833685147759, -9.515878683747101 ], [ -63.455651464980008, -9.515878921623186 ], [ -63.455651345192472, -9.515788476193254 ], [ -63.455560235130761, -9.515788595094481 ], [ -63.455560354894345, -9.515879040525562 ], [ -63.455378134719446, -9.515879278258989 ], [ -63.45537801500376, -9.515788832825608 ], [ -63.454740244521766, -9.515789664135635 ], [ -63.454740124974919, -9.515699218693742 ], [ -63.454557904874413, -9.515699455994616 ], [ -63.454557785376657, -9.51560901054996 ], [ -63.454375565319289, -9.51560924775344 ], [ -63.454375445870618, -9.515518802306017 ], [ -63.454284335864109, -9.515518920870948 ], [ -63.454284455288821, -9.51560936631952 ], [ -63.454193345257174, -9.515609484861821 ], [ -63.454193464659127, -9.515699930311065 ], [ -63.454102354602341, -9.515700048830741 ], [ -63.454102593361924, -9.515880939730119 ], [ -63.454193703466608, -9.515880821208151 ], [ -63.454193822872128, -9.515971266655994 ], [ -63.454558263374807, -9.515970792325778 ], [ -63.454558382877316, -9.516061237768559 ], [ -63.454740603169434, -9.516061000458498 ], [ -63.454740483619027, -9.515970555018013 ], [ -63.455196034208747, -9.515969961332527 ], [ -63.455196153878909, -9.51606040676727 ], [ -63.455287264017244, -9.516060287957695 ], [ -63.455287144323123, -9.515969842524102 ], [ -63.456289355502676, -9.515968534062226 ], [ -63.456289475460245, -9.516058979483159 ], [ -63.45638058558427, -9.516058860388272 ], [ -63.456380705566993, -9.516149305807581 ], [ -63.456471815713776, -9.516149186687766 ], [ -63.456472055730686, -9.516330077522678 ], [ -63.456563165924187, -9.516329958376783 ], [ -63.456564366319846, -9.517234412511662 ], [ -63.456655476751685, -9.517234293330461 ], [ -63.456655716893046, -9.517415184149502 ], [ -63.456473495932372, -9.517415422492737 ], [ -63.456473856009644, -9.517686758724698 ], [ -63.456564966562439, -9.517686639561511 ], [ -63.456565206667825, -9.517867530378163 ], [ -63.456474096067126, -9.517867649543655 ], [ -63.456474336129375, -9.51804854036074 ], [ -63.456656557425418, -9.518048302001365 ], [ -63.456656797588266, -9.518229192811956 ], [ -63.456565686892937, -9.518229312005845 ], [ -63.456565806952192, -9.518319757411591 ], [ -63.456656917671481, -9.518319638216553 ], [ -63.456657037755889, -9.518410083620676 ], [ -63.45656592701264, -9.518410202816867 ], [ -63.456566407266379, -9.518771984433286 ], [ -63.456657518105459, -9.518771865232482 ], [ -63.456657878380184, -9.519043201436411 ], [ -63.456566767469226, -9.519043320640675 ], [ -63.456567007610417, -9.51922421144325 ], [ -63.456475896650353, -9.519224330626033 ], [ -63.456476256799213, -9.51949566682984 ], [ -63.456111812659493, -9.519496143336953 ], [ -63.456111932615663, -9.519586588741891 ], [ -63.455656377294403, -9.519587183846383 ], [ -63.455656497131962, -9.519677629256607 ], [ -63.4554742749472, -9.519677867134211 ], [ -63.455474394738033, -9.519768312546264 ], [ -63.455565505854963, -9.519768193618207 ], [ -63.45556562567095, -9.519858639028641 ], [ -63.455474514530046, -9.51985875795785 ], [ -63.455474634323259, -9.51994920336897 ], [ -63.455201300821535, -9.519949560017327 ], [ -63.45520142054405, -9.520040005431428 ], [ -63.455292531736447, -9.520039886571277 ], [ -63.455293010734266, -9.520401668218375 ], [ -63.455475233307176, -9.520401430417516 ], [ -63.455475113508008, -9.520310985008745 ], [ -63.455566224768717, -9.520310866073787 ], [ -63.455566104946776, -9.520220420665694 ], [ -63.455657216182324, -9.5202203017081 ], [ -63.455657336028224, -9.52031074711504 ], [ -63.455839558543687, -9.520310509126187 ], [ -63.455839678438693, -9.520400954530356 ], [ -63.455930789718593, -9.520400835499098 ], [ -63.455931029560126, -9.520581726303726 ], [ -63.45574880690328, -9.520581964347057 ], [ -63.455749166530723, -9.520853300557384 ], [ -63.455840277931635, -9.52085318154416 ], [ -63.455840397833789, -9.520943626945513 ], [ -63.45602262067996, -9.520943388845394 ], [ -63.456022860583715, -9.521124279642091 ], [ -63.455931749113297, -9.521124398706345 ], [ -63.455931629184796, -9.52103395330708 ], [ -63.455658294838287, -9.521034310353661 ], [ -63.455658174982865, -9.520943864950477 ], [ -63.4552937292667, -9.520944340674941 ], [ -63.455293849026262, -9.521034786082724 ], [ -63.455476071934655, -9.521034548265771 ], [ -63.455476191743351, -9.521124993670787 ], [ -63.454838411375405, -9.521125825621871 ], [ -63.454838291734461, -9.52103538020881 ], [ -63.455202737570282, -9.521034904955522 ], [ -63.455202498100263, -9.520854014137182 ], [ -63.454929163868968, -9.520854370605939 ], [ -63.454929044207617, -9.52076392519262 ], [ -63.454564598645099, -9.520764400146664 ], [ -63.454564479080794, -9.520673954728283 ], [ -63.454473367711167, -9.520674073406179 ], [ -63.454473487251498, -9.520764518825706 ], [ -63.454291264460721, -9.520764756112426 ], [ -63.454291383954327, -9.520855201533781 ], [ -63.454473606793016, -9.520854964244766 ], [ -63.454473726335728, -9.52094540966336 ], [ -63.454382614893007, -9.520945528320906 ], [ -63.454382734412945, -9.521035973740178 ], [ -63.454291622945071, -9.521036092375084 ], [ -63.454292100940826, -9.521397874052056 ], [ -63.454383212504553, -9.521397755412561 ], [ -63.454383451557483, -9.521578646245938 ], [ -63.454565674777243, -9.521578408890988 ], [ -63.454565435628446, -9.521397518062203 ], [ -63.454474324067085, -9.521397636749276 ], [ -63.454474204518448, -9.521307191333031 ], [ -63.454656427592028, -9.521306953937389 ], [ -63.454656666786363, -9.521487844764817 ], [ -63.45474777836931, -9.521487726029015 ], [ -63.454747897992227, -9.521578171440877 ], [ -63.45483900959794, -9.521578052680136 ], [ -63.454838889951063, -9.521487607269423 ], [ -63.455021113111002, -9.521487369678869 ], [ -63.455020754033676, -9.521216033450802 ], [ -63.455111865539969, -9.521215914623287 ], [ -63.455112104971583, -9.521396805440169 ], [ -63.455203216524616, -9.521396686586565 ], [ -63.455203575752847, -9.521668022804924 ], [ -63.455021352501824, -9.521668260495234 ], [ -63.455021472199007, -9.521758705902712 ], [ -63.4554770304375, -9.521758111492762 ], [ -63.455476790804653, -9.52157722068883 ], [ -63.455567902400844, -9.521577101737769 ], [ -63.455568022240641, -9.521667547138819 ], [ -63.455659133859619, -9.521667428162818 ], [ -63.455658894133272, -9.521486537362547 ], [ -63.455750005703131, -9.521486418365056 ], [ -63.455750125589667, -9.521576863764272 ], [ -63.455841237182284, -9.521576744741841 ], [ -63.455841357093981, -9.521667190139443 ], [ -63.455750245477397, -9.521667309163025 ], [ -63.455750485256424, -9.521848199959113 ], [ -63.455932708584285, -9.521847961883553 ], [ -63.455932828523508, -9.521938407278592 ], [ -63.455841716836211, -9.52193852632942 ], [ -63.455841836752683, -9.52202897172514 ], [ -63.455932948463939, -9.522028852673163 ], [ -63.455933068405557, -9.52211929806726 ], [ -63.456024180139593, -9.522119178990344 ], [ -63.456024300106378, -9.522209624382821 ], [ -63.456115411863188, -9.522209505280957 ], [ -63.456114931907358, -9.521847723712828 ], [ -63.456023820246408, -9.521847842810086 ], [ -63.456023580323581, -9.521666952020906 ], [ -63.456205803548414, -9.521666713807209 ], [ -63.456205683540858, -9.521576268414213 ], [ -63.456296795127535, -9.521576149272832 ], [ -63.456296915159044, -9.521666594664671 ], [ -63.456479138376729, -9.521666356308232 ], [ -63.456479378539214, -9.521847247085894 ], [ -63.45629715522567, -9.521847485446944 ], [ -63.456297275260773, -9.521937930837376 ], [ -63.456479498622244, -9.521937692474022 ], [ -63.456480459329455, -9.522661255562143 ], [ -63.456389347457581, -9.522661374764937 ], [ -63.456389227388968, -9.522570929379413 ], [ -63.456298115539873, -9.522571048557261 ], [ -63.456298355630352, -9.522751939330144 ], [ -63.456389467527387, -9.522751820149992 ], [ -63.456390067894304, -9.523204047068228 ], [ -63.456298955877415, -9.523204166254143 ], [ -63.456299195984592, -9.523385057020457 ], [ -63.456481420113043, -9.523384818620226 ], [ -63.456481300010921, -9.523294373239606 ], [ -63.45657241204939, -9.523294254004956 ], [ -63.456572772431258, -9.523565590141937 ], [ -63.456663884540447, -9.52356547088003 ], [ -63.45666400469409, -9.523655916256931 ], [ -63.456755116826052, -9.523655796970075 ], [ -63.456754876472004, -9.523474906218111 ], [ -63.456663764387997, -9.523475025502659 ], [ -63.456663644236727, -9.523384580124818 ], [ -63.456754756296782, -9.523384460841424 ], [ -63.456754395778262, -9.523113124708537 ], [ -63.456663283790114, -9.523113243988476 ], [ -63.456663043498345, -9.522932353228565 ], [ -63.456845267377552, -9.52293211464951 ], [ -63.456845147185525, -9.522841669271159 ], [ -63.457027371012018, -9.522841430599239 ], [ -63.457027250773237, -9.522750985222723 ], [ -63.456936138884565, -9.522751104569428 ], [ -63.456935658037274, -9.522389323054064 ], [ -63.457026769830087, -9.522389203711974 ], [ -63.457026649597282, -9.522298758333115 ], [ -63.457117761364927, -9.522298638968387 ], [ -63.457117520854972, -9.522117748211569 ], [ -63.45702640913526, -9.522117867573984 ], [ -63.457026288906043, -9.522027422193716 ], [ -63.456935177209097, -9.522027541531187 ], [ -63.456935057005047, -9.521937096149294 ], [ -63.456752833655507, -9.521937334750559 ], [ -63.456752953811623, -9.522027780134758 ], [ -63.456570730409382, -9.522028018643164 ], [ -63.456570490194196, -9.521847127869684 ], [ -63.456661601847976, -9.521847008629683 ], [ -63.456661481718214, -9.521756563243393 ], [ -63.456570370088386, -9.521756682482241 ], [ -63.456570009778126, -9.521485346317091 ], [ -63.45684334444833, -9.521484988539552 ], [ -63.456843224275396, -9.52139454315369 ], [ -63.456661001211067, -9.521394781693532 ], [ -63.456660881087267, -9.521304336304892 ], [ -63.456751992596068, -9.521304217048021 ], [ -63.456751872449495, -9.521213771660067 ], [ -63.456660760964652, -9.521213890915787 ], [ -63.456660640843239, -9.521123445526209 ], [ -63.456751752304115, -9.521123326271642 ], [ -63.456751151595135, -9.520671099322486 ], [ -63.456842262934998, -9.520670980049896 ], [ -63.456842022611823, -9.520490089269254 ], [ -63.456750911319887, -9.520490208539535 ], [ -63.456750791184064, -9.520399763147356 ], [ -63.4566596799149, -9.520399882392701 ], [ -63.45665955980423, -9.5203094369989 ], [ -63.456750671049427, -9.520309317754711 ], [ -63.456750310652694, -9.520037981573953 ], [ -63.456841421824826, -9.520037862309435 ], [ -63.456840941216718, -9.519676080733134 ], [ -63.457023163365697, -9.519675842141975 ], [ -63.457023403763202, -9.519856732926447 ], [ -63.457387848238525, -9.519856255449469 ], [ -63.457387727943328, -9.519765810062085 ], [ -63.457478839035211, -9.519765690634534 ], [ -63.457478718717255, -9.519675245247834 ], [ -63.457934274038912, -9.519674647759061 ], [ -63.457934514915628, -9.519855538520435 ], [ -63.458025626024288, -9.51985541894901 ], [ -63.458025385099653, -9.519674528189951 ], [ -63.458480940385392, -9.519673929987622 ], [ -63.458480819805075, -9.519583484613172 ], [ -63.458663041863062, -9.519583245168061 ], [ -63.458663162491298, -9.519673690540195 ], [ -63.458845384592415, -9.519673450997622 ], [ -63.458845263916253, -9.519583005627808 ], [ -63.458936374941054, -9.519582885822004 ], [ -63.458936495641169, -9.51967333119066 ], [ -63.45911871773508, -9.519673091505382 ], [ -63.459118959234779, -9.519853982236652 ], [ -63.459210070327856, -9.519853862356014 ], [ -63.459210191103466, -9.519944307719788 ], [ -63.459301302219302, -9.519944187814204 ], [ -63.459301181419733, -9.519853742451593 ], [ -63.459392292510408, -9.519853622523383 ], [ -63.45939217168808, -9.519763177161462 ], [ -63.459301060621364, -9.519763297088508 ], [ -63.459300939824203, -9.519672851724957 ], [ -63.459756495025971, -9.519672251857665 ], [ -63.459756615942936, -9.519762697215414 ], [ -63.459665504881031, -9.519762817237604 ], [ -63.459665746670652, -9.519943707954019 ], [ -63.459574635559612, -9.519943827954743 ], [ -63.459574877306117, -9.520124718671598 ], [ -63.459665988465069, -9.52012459866855 ], [ -63.459666472068342, -9.520486380091995 ], [ -63.459757583321952, -9.520486260060519 ], [ -63.459757704249732, -9.520576705414042 ], [ -63.459666592972155, -9.52057682544668 ], [ -63.459666834783405, -9.520757716154643 ], [ -63.459575723456709, -9.520757836165817 ], [ -63.459575965224843, -9.520938726874224 ], [ -63.459667076599466, -9.520938606860733 ], [ -63.459667318420315, -9.521119497564944 ], [ -63.459758429841663, -9.521119377525343 ], [ -63.45975855077787, -9.521209822875583 ], [ -63.459667439332556, -9.521209942916345 ], [ -63.459667802076467, -9.52148127896773 ], [ -63.459758913593667, -9.521481158923487 ], [ -63.459759155476874, -9.521662049619747 ], [ -63.459850267040807, -9.52166192954939 ], [ -63.459850388008185, -9.521752374895652 ], [ -63.459759276420286, -9.521752494967169 ], [ -63.459759881155357, -9.522204721697248 ], [ -63.459850992863082, -9.522204601619926 ], [ -63.459850629946537, -9.521933265586769 ], [ -63.459941741581162, -9.52193314548914 ], [ -63.459941499594883, -9.521752254800345 ], [ -63.460123722764664, -9.521752014538359 ], [ -63.46012444902555, -9.522294686585173 ], [ -63.460215560752431, -9.522294566411523 ], [ -63.460215681824089, -9.522385011749854 ], [ -63.46003345832117, -9.522385252075688 ], [ -63.460033579346103, -9.522475697415871 ], [ -63.460124691122118, -9.522475577263691 ], [ -63.460125417440736, -9.523018249287972 ], [ -63.460216529359371, -9.523018129105029 ], [ -63.460216650440657, -9.5231085744396 ], [ -63.460125538498055, -9.523108694623708 ], [ -63.460125659556567, -9.523199139958978 ], [ -63.459852323649642, -9.523199500372021 ], [ -63.459852444637455, -9.523289945710303 ], [ -63.45976133264211, -9.523290065801559 ], [ -63.459761211678263, -9.523199620462115 ], [ -63.459578987731902, -9.523199860570919 ], [ -63.459578866817196, -9.523109415228683 ], [ -63.459487754866188, -9.523109535246233 ], [ -63.459487875756921, -9.523199980589629 ], [ -63.459396763780731, -9.523200100584544 ], [ -63.459397005517843, -9.523380991272246 ], [ -63.459761453607136, -9.523380511140536 ], [ -63.459761574573392, -9.523470956479038 ], [ -63.459852686616678, -9.523470836385462 ], [ -63.459852807608094, -9.523561281722335 ], [ -63.460126143802661, -9.523560921295356 ], [ -63.460126749137324, -9.524013147955262 ], [ -63.460035636953826, -9.524013268127193 ], [ -63.460035152779568, -9.52365148679556 ], [ -63.459852928600711, -9.523651727058741 ], [ -63.459853049594528, -9.523742172394678 ], [ -63.459944161708528, -9.523742052273825 ], [ -63.459944282727527, -9.523832497608128 ], [ -63.459853170589547, -9.523832617730143 ], [ -63.459853291585773, -9.523923063065139 ], [ -63.459579955092742, -9.523923423291894 ], [ -63.459580076018248, -9.524013868629902 ], [ -63.459488963827539, -9.524013988659057 ], [ -63.459489084730265, -9.524104433997758 ], [ -63.459580196944962, -9.524104313967444 ], [ -63.459580438802, -9.524285204641112 ], [ -63.459489326539355, -9.524285324673746 ], [ -63.459489447445698, -9.524375770011041 ], [ -63.459671672017727, -9.524375529919654 ], [ -63.459671309158459, -9.524104193913335 ], [ -63.459762421370748, -9.524104073835426 ], [ -63.459762542346603, -9.524194519170177 ], [ -63.459853654581664, -9.524194399067312 ], [ -63.459853775582701, -9.524284844400428 ], [ -63.459944887840521, -9.524284724272606 ], [ -63.459945129894145, -9.524465614935114 ], [ -63.45985401758837, -9.524465735065258 ], [ -63.459854259598849, -9.524646625728208 ], [ -63.459763147243919, -9.524646745836876 ], [ -63.45976302626206, -9.524556300504477 ], [ -63.459580801596545, -9.524556540648101 ], [ -63.459580680663834, -9.52446609531291 ], [ -63.459125119098921, -9.524466695249707 ], [ -63.459124998287258, -9.524376249908245 ], [ -63.458942773700841, -9.524376489714063 ], [ -63.458942894464542, -9.524466935057845 ], [ -63.459034006782339, -9.524466815165672 ], [ -63.459034127571215, -9.524557260507823 ], [ -63.458943015229451, -9.524557380401152 ], [ -63.458943256762872, -9.524738271086365 ], [ -63.459034369152576, -9.524738151190718 ], [ -63.459034248361291, -9.524647705849505 ], [ -63.459125360725828, -9.524647585931218 ], [ -63.459125602357538, -9.524828476610855 ], [ -63.459216714768814, -9.524828356666452 ], [ -63.459216835610441, -9.524918802004407 ], [ -63.459125723175198, -9.524918921949967 ], [ -63.459125843994052, -9.525009367288611 ], [ -63.458943619071995, -9.525009607110656 ], [ -63.458943498301089, -9.524919161769699 ], [ -63.458670160980944, -9.524919521320799 ], [ -63.458670281679929, -9.525009966665236 ], [ -63.4585791692135, -9.525010086469164 ], [ -63.458579289889713, -9.525100531814291 ], [ -63.458305952411322, -9.525100891086757 ], [ -63.458306434840452, -9.525462672476456 ], [ -63.458670885192838, -9.525462193380379 ], [ -63.458670764487863, -9.525371748038287 ], [ -63.458761877048978, -9.52537162820593 ], [ -63.458761514869309, -9.525100292180317 ], [ -63.458943739844109, -9.525100052451149 ], [ -63.458943981391918, -9.525280943130726 ], [ -63.459126206457817, -9.525280703301723 ], [ -63.459126085635368, -9.525190257964489 ], [ -63.45930831064851, -9.525190018042611 ], [ -63.459308431518927, -9.525280463377527 ], [ -63.45939954404767, -9.525280343379727 ], [ -63.459399423153286, -9.525189898045971 ], [ -63.459490535656862, -9.525189778025533 ], [ -63.459490414739705, -9.52509933269247 ], [ -63.460128202063238, -9.525098491891152 ], [ -63.4601284442344, -9.525279382540559 ], [ -63.460037331715263, -9.525279502728754 ], [ -63.460037210653063, -9.525189057403123 ], [ -63.459946098156699, -9.525189177566356 ], [ -63.459946461275003, -9.525460513545323 ], [ -63.460128686410371, -9.525460273188088 ], [ -63.460128928591161, -9.52564116383374 ], [ -63.460037815976115, -9.52564128402658 ], [ -63.460037694909104, -9.525550838702829 ], [ -63.459946582316839, -9.525550958870708 ], [ -63.45994682440412, -9.525731849520065 ], [ -63.4598557117627, -9.525731969666468 ], [ -63.459855953806844, -9.52591286031627 ], [ -63.45994706649622, -9.525912740167547 ], [ -63.459947187544067, -9.52600318549058 ], [ -63.459764962116168, -9.52600342576655 ], [ -63.459765083117269, -9.526093871091438 ], [ -63.459947308593115, -9.526093630813151 ], [ -63.459947550694842, -9.526274521456871 ], [ -63.460038663478919, -9.5262744012797 ], [ -63.460038905633382, -9.526455291919223 ], [ -63.459947792801358, -9.526455412098716 ], [ -63.459947671747493, -9.526364966778029 ], [ -63.459765446127776, -9.526365207063286 ], [ -63.459765809149111, -9.526636543030907 ], [ -63.459948034912692, -9.526636302738682 ], [ -63.45994815597016, -9.52672674805796 ], [ -63.459857043064993, -9.526726868217137 ], [ -63.459857164099681, -9.526817313537107 ], [ -63.459948277028829, -9.52681719337677 ], [ -63.459948398088699, -9.526907638695111 ], [ -63.459583946268985, -9.52690811919828 ], [ -63.459583704342272, -9.526727228551842 ], [ -63.459492591432294, -9.526727348615804 ], [ -63.459492833311053, -9.526908239264563 ], [ -63.459401720351913, -9.526908359307042 ], [ -63.459401841269113, -9.526998804631877 ], [ -63.459584067234147, -9.526998564520794 ], [ -63.459584188200502, -9.527089009842836 ], [ -63.459766414208687, -9.527088769634217 ], [ -63.45976629319437, -9.526998324314494 ], [ -63.459857406172674, -9.526998204175639 ], [ -63.459857527210971, -9.527088649494202 ], [ -63.459948640212062, -9.527088529330381 ], [ -63.459948882340228, -9.527269419963773 ], [ -63.459857769291183, -9.527269540129913 ], [ -63.459858132420507, -9.527540876079962 ], [ -63.460040358661281, -9.527540635716903 ], [ -63.460040721945319, -9.527811971655757 ], [ -63.46013183513584, -9.527811851435036 ], [ -63.460132077379178, -9.527992742056266 ], [ -63.460040964140674, -9.527992862279309 ], [ -63.460041206340854, -9.528173752900987 ], [ -63.459950093053202, -9.528173873102547 ], [ -63.459950214131112, -9.528264318413839 ], [ -63.460041327442752, -9.528264198211117 ], [ -63.460041811862361, -9.528625979446954 ], [ -63.460132925268731, -9.528625859215776 ], [ -63.460133046400614, -9.528716304522398 ], [ -63.460224159829771, -9.52871618426625 ], [ -63.460224280986843, -9.528806629571241 ], [ -63.460042054079373, -9.528806870062052 ], [ -63.460042417413916, -9.529078205981177 ], [ -63.460133530940212, -9.529078085744191 ], [ -63.460134015499051, -9.529439866958469 ], [ -63.460225129120083, -9.529439746693027 ], [ -63.460225492623806, -9.529711082595314 ], [ -63.460134378930817, -9.529711202864243 ], [ -63.46013425778569, -9.529620757562789 ], [ -63.460043144115488, -9.529620877806744 ], [ -63.460042780759288, -9.529349541896076 ], [ -63.459951667159835, -9.529349662112736 ], [ -63.459951546067494, -9.52925921680708 ], [ -63.460042659642966, -9.529259096591579 ], [ -63.460042538527837, -9.529168651286613 ], [ -63.459860311423668, -9.52916889169148 ], [ -63.459860553559182, -9.529349782305587 ], [ -63.459769439957327, -9.529349902474628 ], [ -63.459769318912954, -9.529259457166649 ], [ -63.45967820533388, -9.529259577310722 ], [ -63.459677479236824, -9.528716905446011 ], [ -63.459586365800455, -9.528717025559308 ], [ -63.459586728771626, -9.528988361497261 ], [ -63.459495615262107, -9.528988481590229 ], [ -63.459495373328089, -9.528807590963078 ], [ -63.45940425986533, -9.528807711029922 ], [ -63.459404138924114, -9.52871726571448 ], [ -63.45931302548415, -9.528717385756353 ], [ -63.459312904568108, -9.528626940439286 ], [ -63.459404017984099, -9.528626820398573 ], [ -63.459403534236031, -9.528265039130234 ], [ -63.459494647554884, -9.528264919070352 ], [ -63.459494526596878, -9.528174473753255 ], [ -63.459403413302013, -9.528174593811977 ], [ -63.459403171437586, -9.527993703174049 ], [ -63.459312058189482, -9.527993823206643 ], [ -63.459311937283047, -9.527903377885817 ], [ -63.459220824057731, -9.527903497893444 ], [ -63.45922070317647, -9.527813052570989 ], [ -63.459129589973941, -9.527813172553653 ], [ -63.459130073410194, -9.5281749538453 ], [ -63.459038960110526, -9.528175073808793 ], [ -63.459039080948607, -9.528265519131686 ], [ -63.458947967623757, -9.528265639072535 ], [ -63.458948088439051, -9.528356084396117 ], [ -63.458492521676867, -9.528356683749033 ], [ -63.458492400981484, -9.528266238419654 ], [ -63.457945720971217, -9.528266956850569 ], [ -63.457945600420913, -9.528176511513781 ], [ -63.457581147152723, -9.528176989986957 ], [ -63.457581026699557, -9.528086544645074 ], [ -63.457398800106255, -9.52808678373651 ], [ -63.457398679702244, -9.52799633839185 ], [ -63.457216453152114, -9.52799657738575 ], [ -63.457216573508148, -9.52808702273272 ], [ -63.457307686807795, -9.528086903246519 ], [ -63.457307807189011, -9.528177348591868 ], [ -63.457125580540556, -9.528177587542773 ], [ -63.457125700875011, -9.528268032889956 ], [ -63.457034587525008, -9.528268152330854 ], [ -63.457034707836669, -9.528358597678723 ], [ -63.457216934583428, -9.528358358770815 ], [ -63.457217295669473, -9.528629694804687 ], [ -63.45739952255537, -9.52862945579462 ], [ -63.457399642967744, -9.528719901135991 ], [ -63.457308529501418, -9.528720020654085 ], [ -63.457308649890997, -9.528810465996143 ], [ -63.457399763381318, -9.528810346476897 ], [ -63.457399883796079, -9.528900791817332 ], [ -63.457126543249586, -9.52890115030711 ], [ -63.457126422906775, -9.528810704963217 ], [ -63.456579741925438, -9.528811421293014 ], [ -63.456579261141762, -9.528449639885038 ], [ -63.456670374545702, -9.528449520560875 ], [ -63.456669773473045, -9.527997293796099 ], [ -63.45657866018901, -9.5279974131145 ], [ -63.456578179448307, -9.527635631689616 ], [ -63.456669292636406, -9.527635512375829 ], [ -63.456669052225251, -9.527454621662871 ], [ -63.456577939085115, -9.527454740974356 ], [ -63.456577818905302, -9.527364295616021 ], [ -63.456668932021465, -9.527364176305689 ], [ -63.456668691617473, -9.527183285589919 ], [ -63.456577578549272, -9.527183404897944 ], [ -63.45657745837304, -9.5270929595382 ], [ -63.456941910542746, -9.527092482167886 ], [ -63.456941790271799, -9.527002036812286 ], [ -63.456850677255133, -9.527002156189418 ], [ -63.456850557009368, -9.526911710832193 ], [ -63.456394992028081, -9.526912307355026 ], [ -63.456395112153956, -9.527002752718015 ], [ -63.456303999130142, -9.527002871952323 ], [ -63.456304119233245, -9.527093317315993 ], [ -63.456395232281039, -9.527093198080534 ], [ -63.456395352409302, -9.527183643442582 ], [ -63.456486465479884, -9.527183524182165 ], [ -63.456486585633328, -9.527273969542591 ], [ -63.456395472538752, -9.527274088804161 ], [ -63.456395592669409, -9.527364534165271 ], [ -63.456486705787952, -9.527364414902548 ], [ -63.456486825943777, -9.527454860262033 ], [ -63.456395712801253, -9.52745497952591 ], [ -63.45639595306853, -9.527635870245781 ], [ -63.456487066259008, -9.5276357509796 ], [ -63.456488388078121, -9.528630649892632 ], [ -63.456397274623825, -9.528630769171487 ], [ -63.456397514922109, -9.528811659879146 ], [ -63.456488628424381, -9.528811540597983 ], [ -63.456488748599298, -9.528901985949959 ], [ -63.456579862124336, -9.528901866643835 ], [ -63.456579982324449, -9.528992311994186 ], [ -63.457126663593591, -9.52899159565054 ], [ -63.457127144981563, -9.529353377019557 ], [ -63.457218258618191, -9.529353257541002 ], [ -63.457218378992152, -9.529443702880926 ], [ -63.457400606309768, -9.529443463850077 ], [ -63.457400485887838, -9.529353018512458 ], [ -63.457673826783342, -9.529352659791073 ], [ -63.457673947277243, -9.529443105125223 ], [ -63.457856174582901, -9.529442865856268 ], [ -63.457856415670236, -9.529623756518538 ], [ -63.457765301970028, -9.529623876167232 ], [ -63.457765543014169, -9.529804766829933 ], [ -63.457674429264792, -9.529804886457129 ], [ -63.457674549764675, -9.529895331788929 ], [ -63.457765663538034, -9.529895212160577 ], [ -63.457765904589358, -9.530076102820459 ], [ -63.457857018409491, -9.530075983165986 ], [ -63.457856897859244, -9.529985537837437 ], [ -63.457948011654203, -9.529985418160308 ], [ -63.457948252803867, -9.530166308814627 ], [ -63.458039366645608, -9.530166189111375 ], [ -63.458039246046184, -9.530075743785606 ], [ -63.458130359862736, -9.530075624059698 ], [ -63.458130118619508, -9.529894733409067 ], [ -63.458039004850932, -9.52989485313266 ], [ -63.458038884255117, -9.529804407805486 ], [ -63.457947770509328, -9.529804527504112 ], [ -63.457947649938689, -9.529714082175309 ], [ -63.458129877381076, -9.529713842756554 ], [ -63.458129756763654, -9.529623397429596 ], [ -63.458038643067049, -9.529623517149721 ], [ -63.458038522474808, -9.529533071821135 ], [ -63.45794740880099, -9.529533191516292 ], [ -63.457947288233932, -9.52944274618608 ], [ -63.458311742826098, -9.529442267267214 ], [ -63.458311863489094, -9.5295327125928 ], [ -63.458220749818864, -9.529532832359388 ], [ -63.458222318235009, -9.530708621564292 ], [ -63.457675634317425, -9.530709339754003 ], [ -63.457675513806777, -9.530618894426429 ], [ -63.457402171903809, -9.53061925319634 ], [ -63.457401810594931, -9.5303479172004 ], [ -63.457492924491831, -9.530347797637708 ], [ -63.457492683577257, -9.530166906973713 ], [ -63.457310455878222, -9.530167146070662 ], [ -63.457310817107953, -9.530438482072883 ], [ -63.457219703184691, -9.530438601589104 ], [ -63.45721958279757, -9.530348156254346 ], [ -63.457037354995421, -9.530348395213043 ], [ -63.45703771601643, -9.530619731222833 ], [ -63.456764374088344, -9.530620089492666 ], [ -63.456764253818783, -9.530529644153077 ], [ -63.456855367772022, -9.530529524754767 ], [ -63.456855006898522, -9.530258188736644 ], [ -63.456581665251157, -9.530258546849762 ], [ -63.456581785469147, -9.530348992193064 ], [ -63.456672899376798, -9.530348872844685 ], [ -63.456673019619984, -9.530439318186366 ], [ -63.456581905688353, -9.530439437535899 ], [ -63.456582146130323, -9.530620328220158 ], [ -63.45639991816752, -9.530620566852395 ], [ -63.456400038342323, -9.530711012196123 ], [ -63.455033328109494, -9.530712798919 ], [ -63.455033447925643, -9.530803244279516 ], [ -63.454942333876602, -9.530803363205017 ], [ -63.45494221408444, -9.530712917843349 ], [ -63.454304415875811, -9.530713749647038 ], [ -63.45430453550005, -9.53080419501674 ], [ -63.452937824497283, -9.530805973541186 ], [ -63.452934843242737, -9.528544838728127 ], [ -63.453025956718214, -9.528544720355116 ], [ -63.453025479690226, -9.52818293876236 ], [ -63.453116593068593, -9.528182820370121 ], [ -63.45311647379058, -9.528092374971902 ], [ -63.453025360436193, -9.528092493362996 ], [ -63.453025121931674, -9.52791160256286 ], [ -63.452934008624084, -9.527911720927857 ], [ -63.452933650948125, -9.527640384720701 ], [ -63.452751424473263, -9.527640621372424 ], [ -63.452751543649434, -9.527731066777568 ], [ -63.452660430386238, -9.527731185068861 ], [ -63.452660549539615, -9.52782163047468 ], [ -63.452751662826778, -9.527821512182237 ], [ -63.452752139548032, -9.528183293796236 ], [ -63.452843252929952, -9.528183175475416 ], [ -63.452843491345639, -9.528364066277307 ], [ -63.452661264484682, -9.52836430289971 ], [ -63.452661621973206, -9.528635639105888 ], [ -63.452752735476224, -9.528635520803164 ], [ -63.452752854665412, -9.528725966203137 ], [ -63.452843968191232, -9.528725847875457 ], [ -63.452844206621116, -9.528906738671719 ], [ -63.452661979472374, -9.528906975307835 ], [ -63.452662098641113, -9.528997420707546 ], [ -63.452753212240076, -9.528997302400246 ], [ -63.45275380822153, -9.529449529386037 ], [ -63.452662694502642, -9.529449647699053 ], [ -63.452662932855546, -9.529630538492366 ], [ -63.452571819087495, -9.529630656783855 ], [ -63.452571580782575, -9.529449765988256 ], [ -63.45211601216451, -9.529450357077122 ], [ -63.452115893133751, -9.529359911672907 ], [ -63.451933665726223, -9.529360147939499 ], [ -63.451933546744606, -9.529269702532531 ], [ -63.451842433063057, -9.52926982062897 ], [ -63.451842314106621, -9.529179375220394 ], [ -63.451751200447866, -9.529179493291883 ], [ -63.451751081516598, -9.529089047881692 ], [ -63.45147774060522, -9.529089401949884 ], [ -63.451477859464532, -9.529179847363494 ], [ -63.451386745801074, -9.529179965339749 ], [ -63.45138698347526, -9.529360856167838 ], [ -63.451478097186708, -9.529360738189308 ], [ -63.451478216049559, -9.529451183601507 ], [ -63.451295988577527, -9.52945141953704 ], [ -63.451296582669634, -9.529903646602397 ], [ -63.451205468811906, -9.529903764540144 ], [ -63.451205587609884, -9.529994209952946 ], [ -63.451114473726989, -9.529994327868023 ], [ -63.451114592502158, -9.530084773281494 ], [ -63.451205706409034, -9.530084655365279 ], [ -63.451205825209371, -9.530175100777141 ], [ -63.451296939139056, -9.530174982835977 ], [ -63.451297057964567, -9.530265428246228 ], [ -63.451205944010887, -9.530265546188534 ], [ -63.451206775654512, -9.53089866405513 ], [ -63.4512978897761, -9.530898546104845 ], [ -63.451298008611047, -9.530988991511339 ], [ -63.450751323719835, -9.530989698862657 ], [ -63.450751442412013, -9.531080144275514 ], [ -63.450569214057531, -9.53108037987105 ], [ -63.450569095413329, -9.530989934455913 ], [ -63.450022410465564, -9.530990640664152 ], [ -63.450022528965832, -9.531081086086107 ], [ -63.449840300592506, -9.531081321300613 ], [ -63.449840182140228, -9.530990875876386 ], [ -63.449749067975802, -9.53099099344678 ], [ -63.449748831122761, -9.530810102594641 ], [ -63.449566602886328, -9.530810337659448 ], [ -63.449566484509539, -9.530719892230405 ], [ -63.449475370413552, -9.530720009725952 ], [ -63.449475488766339, -9.530810455156129 ], [ -63.449384374645184, -9.530810572628999 ], [ -63.449384256316392, -9.530720127197686 ], [ -63.449202028118542, -9.530720362069713 ], [ -63.449201791560426, -9.530539471201141 ], [ -63.449110677507718, -9.530539588599167 ], [ -63.449111032274686, -9.530810924904726 ], [ -63.448837689893601, -9.530811276966128 ], [ -63.448837808079638, -9.530901722403776 ], [ -63.449202264681354, -9.530901252936411 ], [ -63.449202501248863, -9.531082143801228 ], [ -63.449111387052213, -9.531082261206059 ], [ -63.449111505313745, -9.531172706638896 ], [ -63.449020391091935, -9.531172824021047 ], [ -63.449020154618026, -9.530991933152634 ], [ -63.448929040443026, -9.530992050508701 ], [ -63.448929158655389, -9.531082495944275 ], [ -63.448838044455229, -9.531082613277663 ], [ -63.448838280835517, -9.531263504149672 ], [ -63.448564938084012, -9.531263856013744 ], [ -63.448564819965256, -9.531173410574576 ], [ -63.44838259150638, -9.531173645029288 ], [ -63.448382473436787, -9.531083199587382 ], [ -63.448109130811645, -9.531083551087443 ], [ -63.448109012815181, -9.530993105641677 ], [ -63.447653441869811, -9.530993690993169 ], [ -63.4476532061203, -9.530812800088912 ], [ -63.448017662687022, -9.530812331864393 ], [ -63.448017426750283, -9.53063144096731 ], [ -63.447926312658339, -9.530631558056896 ], [ -63.44792619471572, -9.530541112606517 ], [ -63.447835080646591, -9.530541229671163 ], [ -63.447834962729125, -9.530450784219182 ], [ -63.447743848682819, -9.530450901258881 ], [ -63.44774361289938, -9.530270010351252 ], [ -63.44756138489921, -9.530270244354691 ], [ -63.447561620586683, -9.530451135266841 ], [ -63.447652734635334, -9.530451018274768 ], [ -63.447652852504824, -9.53054146372901 ], [ -63.447743966576297, -9.530541346711992 ], [ -63.447744202366756, -9.530722237616802 ], [ -63.4475619741267, -9.530722471631545 ], [ -63.447562091975698, -9.530812917085507 ], [ -63.44747097782993, -9.530813034058289 ], [ -63.447470860004906, -9.530722588603199 ], [ -63.447379745881946, -9.530722705551037 ], [ -63.447379628082089, -9.530632260094345 ], [ -63.447288513981945, -9.530632377017243 ], [ -63.447288749534856, -9.530813267932412 ], [ -63.44692429293071, -9.53081373539489 ], [ -63.446924410612951, -9.53090418085629 ], [ -63.446833296435003, -9.530904297663504 ], [ -63.446833178776743, -9.530813852200977 ], [ -63.446195379666328, -9.530814669176792 ], [ -63.446195262177156, -9.530724223705905 ], [ -63.445739691468951, -9.530724806540016 ], [ -63.445739926208546, -9.530905697492583 ], [ -63.445831040400499, -9.530905580971138 ], [ -63.445831157796043, -9.530996026445589 ], [ -63.445557815144717, -9.530996375941863 ], [ -63.445557932469448, -9.531086821419224 ], [ -63.445375703981419, -9.531087054299919 ], [ -63.445375821259333, -9.531177499779059 ], [ -63.445284706989582, -9.531177616184806 ], [ -63.445284472482911, -9.53099672522381 ], [ -63.445375586704678, -9.530996608820308 ], [ -63.44537535215467, -9.530815717859682 ], [ -63.445466466327289, -9.530815601434615 ], [ -63.445466349030049, -9.53072515595472 ], [ -63.445557463177508, -9.530725039506965 ], [ -63.445557345857445, -9.530634594027729 ], [ -63.446104030573842, -9.53063389484787 ], [ -63.44610391311101, -9.530543449374917 ], [ -63.446012799018504, -9.530543565963301 ], [ -63.446012446708949, -9.530272229538243 ], [ -63.445921332687256, -9.530272346099434 ], [ -63.445920980460151, -9.530001009666773 ], [ -63.445829866509257, -9.530001126200775 ], [ -63.445829514364604, -9.529729789760506 ], [ -63.445647286603226, -9.529730022750321 ], [ -63.445646817285237, -9.529368240814385 ], [ -63.445555703498755, -9.529368357269075 ], [ -63.445555586196157, -9.529277911782794 ], [ -63.445464472432491, -9.529278028212548 ], [ -63.445464355155039, -9.529187582724671 ], [ -63.445373241414195, -9.529187699129492 ], [ -63.44537312416189, -9.529097253640019 ], [ -63.445282010443869, -9.529097370019905 ], [ -63.445281893216723, -9.52900692452884 ], [ -63.445190779521525, -9.529007040883794 ], [ -63.445190662319519, -9.528916595391133 ], [ -63.445464003329683, -9.528916246258218 ], [ -63.445463886056899, -9.528825800768461 ], [ -63.44555499970064, -9.52882568434433 ], [ -63.445554765110586, -9.528644793365658 ], [ -63.445645878705193, -9.528644676919967 ], [ -63.445645409443124, -9.528282894961489 ], [ -63.445554295944454, -9.528283011402674 ], [ -63.445554178655826, -9.528192565910755 ], [ -63.445645292130514, -9.528192449470694 ], [ -63.445644822891758, -9.527830667502819 ], [ -63.44537148275198, -9.527831016738094 ], [ -63.445371365517147, -9.527740571241576 ], [ -63.445553592230191, -9.527740338444115 ], [ -63.445553240388797, -9.527469001958497 ], [ -63.445644353671639, -9.527468885527432 ], [ -63.445643532581272, -9.526835767052431 ], [ -63.445734645695076, -9.526835650605438 ], [ -63.445734411060357, -9.526654759610604 ], [ -63.445825524125048, -9.526654643142061 ], [ -63.445826345534819, -9.527287761607882 ], [ -63.445917458766196, -9.527287645107656 ], [ -63.44591792826477, -9.527649427073289 ], [ -63.446009041590898, -9.527649310544753 ], [ -63.446009158992446, -9.527739756033863 ], [ -63.44610027234139, -9.527739639480394 ], [ -63.446100389768077, -9.52783008496791 ], [ -63.446009276395145, -9.527830201522503 ], [ -63.446009628610263, -9.528101537985602 ], [ -63.445918515164216, -9.528101654519769 ], [ -63.445918749932147, -9.528282545495072 ], [ -63.446465430878725, -9.528281845919453 ], [ -63.446465313350281, -9.528191400438796 ], [ -63.446647540275173, -9.528191167058722 ], [ -63.446647893007921, -9.52846250349252 ], [ -63.446374552402986, -9.52846285353707 ], [ -63.446374669910959, -9.528553299017446 ], [ -63.446283556349655, -9.528553415652475 ], [ -63.446283321382857, -9.528372524688997 ], [ -63.446192207868357, -9.528372641297965 ], [ -63.446192677710698, -9.528734423227544 ], [ -63.446283791321122, -9.528734306614068 ], [ -63.44628390880861, -9.528824752094165 ], [ -63.446375022441856, -9.528824635455756 ], [ -63.446374904930387, -9.528734189976785 ], [ -63.446557132145415, -9.528733956630797 ], [ -63.44655724970486, -9.528824402107508 ], [ -63.446466136073944, -9.528824518793538 ], [ -63.446466253610566, -9.528914964270905 ], [ -63.446557367265463, -9.528914847583753 ], [ -63.446557602390172, -9.529095738534828 ], [ -63.446193147571698, -9.529096205149607 ], [ -63.446192912638857, -9.528915314189517 ], [ -63.446101798979292, -9.528915430781435 ], [ -63.446101681538607, -9.528824985299559 ], [ -63.446010567901865, -9.528825101866543 ], [ -63.446010450486334, -9.528734656383067 ], [ -63.4459193368724, -9.528734772925118 ], [ -63.445919219482015, -9.528644327440047 ], [ -63.445828105890911, -9.528644443957162 ], [ -63.445828223257308, -9.528734889443355 ], [ -63.445737109641044, -9.528735005937788 ], [ -63.445737226984619, -9.528825451424641 ], [ -63.445828340624864, -9.528825334929083 ], [ -63.445828457993592, -9.528915780414337 ], [ -63.44591957165666, -9.528915663893848 ], [ -63.445919923841792, -9.529187000343416 ], [ -63.446011037575644, -9.529186883795738 ], [ -63.446011389843235, -9.529458220237704 ], [ -63.446193617451357, -9.529457987064161 ], [ -63.4461933825092, -9.529277096107824 ], [ -63.446284496263537, -9.529276979487589 ], [ -63.446284378770223, -9.529186534009845 ], [ -63.446557719954285, -9.529186184009662 ], [ -63.446557955086, -9.52936707495792 ], [ -63.446649068859664, -9.529366958241319 ], [ -63.446648951269239, -9.529276512768552 ], [ -63.446922292511239, -9.52927616247927 ], [ -63.446922410173634, -9.529366607948656 ], [ -63.447013523942616, -9.529366491136813 ], [ -63.447013759318864, -9.529547382071909 ], [ -63.447287100762729, -9.52954703148675 ], [ -63.447286629727067, -9.529185249628226 ], [ -63.447195516009565, -9.529185366509239 ], [ -63.447195045088563, -9.52882358463868 ], [ -63.447286158710128, -9.528823467762182 ], [ -63.447286040958815, -9.528733022294498 ], [ -63.447377154555234, -9.528732905395323 ], [ -63.447377036781099, -9.528642459928298 ], [ -63.447650377491378, -9.528642109091312 ], [ -63.447650259646473, -9.528551663627209 ], [ -63.44774137319024, -9.528551546635059 ], [ -63.447741491059126, -9.528641992098033 ], [ -63.44783260462571, -9.528641875080947 ], [ -63.447832722519763, -9.52873232054232 ], [ -63.447923836109155, -9.528732203500294 ], [ -63.447923600274258, -9.52855131257934 ], [ -63.448014713814516, -9.528551195515767 ], [ -63.448014595874838, -9.528460750055718 ], [ -63.448105709389935, -9.52846063296947 ], [ -63.448105237547026, -9.528098851129092 ], [ -63.448014124127859, -9.528098968210816 ], [ -63.448014006194036, -9.528008522748417 ], [ -63.447922892797678, -9.528008639805204 ], [ -63.447922421170055, -9.527646857946387 ], [ -63.448013534470476, -9.527646740894127 ], [ -63.448013416542516, -9.527556295429378 ], [ -63.448286756364837, -9.527555944133155 ], [ -63.448286284376934, -9.527194162283052 ], [ -63.447557378928046, -9.527195098560675 ], [ -63.447557261125851, -9.527104653087928 ], [ -63.447466147963453, -9.527104770014381 ], [ -63.447465559089871, -9.526652542637946 ], [ -63.447374446046197, -9.526652659534944 ], [ -63.447374328298977, -9.526562214057121 ], [ -63.447465441318663, -9.526562097161248 ], [ -63.447464616952978, -9.525928978811232 ], [ -63.448284632566939, -9.525927925748515 ], [ -63.448284750545746, -9.526018371218319 ], [ -63.448740314854611, -9.526017785344772 ], [ -63.448740432954473, -9.526108230808445 ], [ -63.449104884476355, -9.526107761676647 ], [ -63.449105002673313, -9.526198207135314 ], [ -63.449287228475164, -9.526197972424336 ], [ -63.44928569138299, -9.525022181454506 ], [ -63.449376803970473, -9.525022064078064 ], [ -63.449376567464427, -9.524841173154854 ], [ -63.449285454924897, -9.524841290529027 ], [ -63.449285336697606, -9.524750845065586 ], [ -63.449194224180879, -9.524750962414826 ], [ -63.449194105978734, -9.524660516949778 ], [ -63.448920768493423, -9.52466086885131 ], [ -63.448920650364379, -9.524570423382395 ], [ -63.448738425416259, -9.524570657862158 ], [ -63.448738307336335, -9.524480212390504 ], [ -63.448464969977252, -9.52448056392827 ], [ -63.448464851970428, -9.52439011845275 ], [ -63.448555964400647, -9.524390001298421 ], [ -63.448555728342555, -9.524209110348238 ], [ -63.448373503576818, -9.524209344628561 ], [ -63.448373385597478, -9.524118899150499 ], [ -63.448464497956955, -9.524118782023368 ], [ -63.448464379954821, -9.524028336545966 ], [ -63.448191042944771, -9.524028687852573 ], [ -63.448191160875005, -9.524119133333372 ], [ -63.448282273236835, -9.524119016253833 ], [ -63.44828250914874, -9.52429990721175 ], [ -63.448191396738977, -9.52430002429355 ], [ -63.448191514672722, -9.524390469772943 ], [ -63.448009289801725, -9.524390703867414 ], [ -63.448009407688701, -9.524481149348592 ], [ -63.447827182765074, -9.524481383350141 ], [ -63.447826947088195, -9.524300492382784 ], [ -63.447918059502655, -9.524300375396171 ], [ -63.447917941641997, -9.524209929912924 ], [ -63.44773571685986, -9.524210163860092 ], [ -63.447735834672571, -9.5243006093456 ], [ -63.447553609837819, -9.524300843199841 ], [ -63.447553492073048, -9.52421039771207 ], [ -63.447462379677887, -9.524210514602363 ], [ -63.44746273290378, -9.524481851067664 ], [ -63.447280507966113, -9.524482084783639 ], [ -63.447279684124361, -9.52384896634222 ], [ -63.44746190872641, -9.52384873264206 ], [ -63.44746226193827, -9.524120069112993 ], [ -63.447644486679479, -9.524119835310866 ], [ -63.44764436889308, -9.524029389823282 ], [ -63.447826593581652, -9.524029155928233 ], [ -63.447826711415999, -9.524119601413556 ], [ -63.448008936147843, -9.524119367421056 ], [ -63.448008818265563, -9.524028921937997 ], [ -63.448099930605757, -9.524028804907182 ], [ -63.448099812700676, -9.523938359424786 ], [ -63.447644251107853, -9.523938944335232 ], [ -63.447644133323799, -9.523848498846714 ], [ -63.447553021025698, -9.523848615756284 ], [ -63.447552667752454, -9.523577279284517 ], [ -63.447643779978648, -9.523577162378338 ], [ -63.447643897759193, -9.523667607868264 ], [ -63.447735010008188, -9.523667490937161 ], [ -63.44773489220367, -9.523577045448361 ], [ -63.447826004427512, -9.523576928494588 ], [ -63.447825768774059, -9.52339603751785 ], [ -63.447734656598143, -9.52339615446936 ], [ -63.447734420997307, -9.523215263488476 ], [ -63.448098869502161, -9.523214795548718 ], [ -63.448098987397863, -9.523305241034869 ], [ -63.44819009954513, -9.523305123989314 ], [ -63.448190217465978, -9.523395569473864 ], [ -63.448372441804921, -9.5233953353091 ], [ -63.448372323836125, -9.523304889826814 ], [ -63.448463435979868, -9.523304772709874 ], [ -63.44846355397263, -9.52339521819103 ], [ -63.448645778304524, -9.523394983883499 ], [ -63.448645542224291, -9.523214092925249 ], [ -63.44818998162544, -9.523214678504294 ], [ -63.448189745789591, -9.523033787532844 ], [ -63.448371969936773, -9.52303355337714 ], [ -63.448371851972659, -9.522943107892974 ], [ -63.447916291715785, -9.522943693098128 ], [ -63.447916056030763, -9.522762802117075 ], [ -63.447824944023814, -9.522762919084466 ], [ -63.447824826207032, -9.522672473592102 ], [ -63.448007050171832, -9.522672239635796 ], [ -63.448006932308282, -9.522581794145227 ], [ -63.447915820350438, -9.522581911134145 ], [ -63.447915584674803, -9.522401020149339 ], [ -63.448280032307402, -9.522400552059956 ], [ -63.448279914375476, -9.522310106571373 ], [ -63.44837102625673, -9.522309989490678 ], [ -63.448370672396052, -9.522038653025515 ], [ -63.448552896011243, -9.522038418799543 ], [ -63.448552778012107, -9.521947973312479 ], [ -63.448370554444843, -9.521948207536186 ], [ -63.448370200598234, -9.52167687106539 ], [ -63.448461312310556, -9.521676753968828 ], [ -63.448461430282208, -9.521767199458433 ], [ -63.448552542017325, -9.521767082336947 ], [ -63.448552424021699, -9.521676636848477 ], [ -63.448643535731662, -9.521676519704334 ], [ -63.448643417713249, -9.521586074216527 ], [ -63.448461194340062, -9.521586308478756 ], [ -63.448460958402585, -9.521405417497201 ], [ -63.448552070041842, -9.521405300380248 ], [ -63.448552188033958, -9.521495745870125 ], [ -63.448643299695995, -9.521495628728253 ], [ -63.448643181679927, -9.521405183239503 ], [ -63.448825404952558, -9.521404948886648 ], [ -63.448825523016566, -9.521495394373128 ], [ -63.448916634675093, -9.521495277159882 ], [ -63.448916516587111, -9.521404831674536 ], [ -63.449007628220507, -9.521404714438631 ], [ -63.449007746332434, -9.521495159922846 ], [ -63.449372192950101, -9.521494690736802 ], [ -63.449371720125967, -9.521132908815279 ], [ -63.449462831681586, -9.521132791463833 ], [ -63.449462713454515, -9.521042345983416 ], [ -63.449553824985003, -9.521042228609312 ], [ -63.449554179741611, -9.521313565045757 ], [ -63.449463068139238, -9.521313682423262 ], [ -63.449463186369819, -9.521404127902274 ], [ -63.449554297996158, -9.521404010523632 ], [ -63.44955524407488, -9.522127574329744 ], [ -63.449464132256814, -9.522127691717465 ], [ -63.449464368740308, -9.522308582666568 ], [ -63.449555480606307, -9.522308465276577 ], [ -63.449555598873793, -9.52239891074929 ], [ -63.449464486983828, -9.522399028140418 ], [ -63.449465196469575, -9.522941700973648 ], [ -63.449556308503347, -9.522941583575712 ], [ -63.449556426779047, -9.523032029045138 ], [ -63.450011987050146, -9.523031441692876 ], [ -63.450012105446881, -9.523121887156156 ], [ -63.450376553738458, -9.52312141684151 ], [ -63.450376672232238, -9.523211862299775 ], [ -63.450558896418904, -9.523211626997407 ], [ -63.450559014961804, -9.523302072452928 ], [ -63.450832351304889, -9.52330171931751 ], [ -63.450832232690075, -9.523211273865408 ], [ -63.450923344778118, -9.523211156107152 ], [ -63.450923463416892, -9.523301601558117 ], [ -63.451014575527701, -9.523301483774931 ], [ -63.451014694191642, -9.523391929224287 ], [ -63.451105806325259, -9.523391811416165 ], [ -63.451105687637352, -9.523301365967946 ], [ -63.451196799745823, -9.523301248137168 ], [ -63.451196681035135, -9.523210802689617 ], [ -63.451287793118446, -9.523210684836185 ], [ -63.451288030588948, -9.523391575728537 ], [ -63.451561366975632, -9.523391222018633 ], [ -63.451561485784552, -9.523481667460681 ], [ -63.452017046525278, -9.523481077462575 ], [ -63.452017165455239, -9.523571522898456 ], [ -63.4522905019574, -9.523571168610625 ], [ -63.452290620960447, -9.523661614042611 ], [ -63.452928406258572, -9.523660786530177 ], [ -63.452928882953806, -9.524022568221422 ], [ -63.452746658397061, -9.524022804781668 ], [ -63.452746896655896, -9.524203695629049 ], [ -63.452838008982802, -9.524203577358538 ], [ -63.452838128137969, -9.524294022780378 ], [ -63.45292924048767, -9.524293904484924 ], [ -63.452929478849491, -9.524474795324915 ], [ -63.452838366451857, -9.524474913622653 ], [ -63.452838723931542, -9.524746249882547 ], [ -63.452747611460808, -9.524746368159919 ], [ -63.452747730599093, -9.524836813580091 ], [ -63.452838843093815, -9.524836695301572 ], [ -63.452839796434567, -9.525560258636872 ], [ -63.452748683748048, -9.525560376924535 ], [ -63.452748802896998, -9.525650822340477 ], [ -63.452839915607498, -9.525650704051673 ], [ -63.452840153956892, -9.525831594879866 ], [ -63.452931266714153, -9.525831476564971 ], [ -63.45293138591461, -9.525921921977215 ], [ -63.453022498694665, -9.525921803637381 ], [ -63.453020233633069, -9.524203340746123 ], [ -63.453111345956422, -9.524203222404218 ], [ -63.453111107505812, -9.524022331565988 ], [ -63.453019995230406, -9.524022449905603 ], [ -63.453019756832475, -9.523841559063207 ], [ -63.453110869059941, -9.523841440725878 ], [ -63.453108365664335, -9.521942086791375 ], [ -63.45319947738728, -9.52194196845428 ], [ -63.453198642870397, -9.521308850438121 ], [ -63.453289754424404, -9.521308732085249 ], [ -63.453289515953742, -9.521127841221553 ], [ -63.453198404447676, -9.521127959572141 ], [ -63.453197212405094, -9.520223505214066 ], [ -63.453106101137465, -9.520223623529422 ], [ -63.453105862791091, -9.520042732649884 ], [ -63.453196974010787, -9.52004261433682 ], [ -63.453196497236419, -9.519680832576697 ], [ -63.453105386112554, -9.519680950885183 ], [ -63.453105028616086, -9.519409614556729 ], [ -63.453196139668066, -9.519409496251672 ], [ -63.453195901295089, -9.51922860536598 ], [ -63.453104790291029, -9.51922872366875 ], [ -63.453104671130291, -9.519138278224053 ], [ -63.453195782110377, -9.519138159922427 ], [ -63.453195424563361, -9.518866823588962 ], [ -63.453286535470404, -9.518866705266985 ], [ -63.453286416266465, -9.518776259822703 ], [ -63.453195305383382, -9.518776378143535 ], [ -63.453193517825973, -9.517419696405819 ], [ -63.453284628349699, -9.517419578102155 ], [ -63.453284509164739, -9.517329132650364 ], [ -63.453375619663333, -9.517329014324064 ], [ -63.453375381249039, -9.517148123421364 ], [ -63.453284270798349, -9.517148241745376 ], [ -63.453284151616934, -9.51705779629218 ], [ -63.45319304118901, -9.517057914591268 ], [ -63.453192922032727, -9.516967469136457 ], [ -63.453284032436699, -9.516967350838515 ], [ -63.453283913257657, -9.516876905384377 ], [ -63.453192802877631, -9.516877023681177 ], [ -63.453192207119933, -9.51642479639774 ], [ -63.453374427639261, -9.516424559791808 ], [ -63.453374189248656, -9.516243668879728 ], [ -63.453283079037497, -9.516243787192293 ], [ -63.453282840699543, -9.516062896276049 ], [ -63.453191730535096, -9.516063014562546 ], [ -63.453191492249786, -9.515882123642134 ], [ -63.453282602366329, -9.515882005357925 ], [ -63.453282244875396, -9.515610668977221 ], [ -63.453191134830703, -9.515610787258002 ], [ -63.453191015693371, -9.515520341795684 ], [ -63.453282125714118, -9.515520223516052 ], [ -63.45328081501831, -9.514525323412199 ], [ -63.453371924774444, -9.514525205121384 ], [ -63.453371686433613, -9.514344314189604 ], [ -63.453280576725376, -9.514344432478133 ], [ -63.453279385331832, -9.513439977779644 ], [ -63.453006056918341, -9.513440332468274 ], [ -63.453005818797514, -9.513259441516084 ], [ -63.453279147067335, -9.513259086834319 ], [ -63.453278074935774, -9.512445077557141 ], [ -63.453186965729159, -9.512445195797865 ], [ -63.453186489352817, -9.512083413880125 ], [ -63.453277598463657, -9.512083295643979 ], [ -63.453277241122017, -9.511811959204188 ], [ -63.453368350159856, -9.511811840947709 ], [ -63.453368111890128, -9.511630949987792 ], [ -63.453641438852898, -9.511630595082631 ], [ -63.453641319648, -9.511540149605404 ], [ -63.454005755486001, -9.511539676070399 ], [ -63.45400587478666, -9.511630121543043 ], [ -63.454188092746421, -9.511629884630656 ], [ -63.454187973397886, -9.511539439160305 ], [ -63.456192370114778, -9.51153682687546 ], [ -63.456192250240775, -9.511446381429923 ], [ -63.45628335914482, -9.511446262417563 ], [ -63.45628347904276, -9.511536707861948 ], [ -63.456739023664781, -9.511536112437915 ], [ -63.45673890364715, -9.511445666999293 ], [ -63.45719444811963, -9.511445070986916 ], [ -63.457194568256952, -9.511535516419766 ], [ -63.457285677171804, -9.511535397144844 ], [ -63.457285557010543, -9.511444951713148 ], [ -63.457649992562239, -9.511444474380429 ], [ -63.457649872306405, -9.511354028952885 ], [ -63.457923198885808, -9.511353670707289 ], [ -63.45792331921345, -9.511444116131365 ], [ -63.458743299102416, -9.511443040100906 ], [ -63.458743178559345, -9.511352594687242 ], [ -63.459016505095605, -9.511352235586138 ], [ -63.459016625710511, -9.511442680996325 ], [ -63.459198843443239, -9.511442441474452 ], [ -63.459198722780457, -9.511351996066583 ], [ -63.459380940460505, -9.511351756451971 ], [ -63.459381061171158, -9.51144220185752 ], [ -63.459472170033315, -9.51144208201341 ], [ -63.459472049298718, -9.511351636609021 ], [ -63.459745375806179, -9.511351276937582 ], [ -63.459745496612591, -9.511441722338487 ], [ -63.459927714326092, -9.511441482436386 ], [ -63.459927593471811, -9.5113510370378 ], [ -63.460383137614848, -9.51135043687248 ], [ -63.460383016642083, -9.511259991479234 ], [ -63.460565234242999, -9.511259751249083 ] ], [ [ -63.45856168385172, -9.511895506457993 ], [ -63.458470574857856, -9.511895626070251 ], [ -63.458470695336317, -9.511986071484571 ], [ -63.458561804354119, -9.511985951871157 ], [ -63.45856168385172, -9.511895506457993 ] ], [ [ -63.457286157828811, -9.511897178866942 ], [ -63.457195048818207, -9.511897298146481 ], [ -63.457195168961498, -9.51198774357699 ], [ -63.457104059925754, -9.511987862833916 ], [ -63.457104180046308, -9.512078308265107 ], [ -63.457195289105996, -9.512078189007022 ], [ -63.457195409251675, -9.512168634436593 ], [ -63.457286518334108, -9.512168515153588 ], [ -63.457286157828811, -9.511897178866942 ] ], [ [ -63.45692172177921, -9.511897655842512 ], [ -63.456739503747229, -9.511897894187705 ], [ -63.45673974379563, -9.512078785059785 ], [ -63.456921961923356, -9.512078546709976 ], [ -63.45692172177921, -9.511897655842512 ] ], [ [ -63.456375067668972, -9.511898370592904 ], [ -63.456283958646424, -9.51189848963479 ], [ -63.456284078550333, -9.511988935076827 ], [ -63.456375187596812, -9.511988816033789 ], [ -63.456375067668972, -9.511898370592904 ] ], [ [ -63.457650954651875, -9.512168037783907 ], [ -63.457559845574231, -9.512168157161977 ], [ -63.457559965816863, -9.51225860258646 ], [ -63.457651074918459, -9.512258483207232 ], [ -63.457650954651875, -9.512168037783907 ] ], [ [ -63.456557765620538, -9.512259914189347 ], [ -63.45646665650461, -9.512260033283372 ], [ -63.456466776461163, -9.512350478721229 ], [ -63.456557885601036, -9.512350359626051 ], [ -63.456557765620538, -9.512259914189347 ] ], [ [ -63.458197849914278, -9.512348211848712 ], [ -63.458106740795934, -9.51234833137169 ], [ -63.458106861184618, -9.512438776788295 ], [ -63.458197970326907, -9.512438657264161 ], [ -63.458197849914278, -9.512348211848712 ] ], [ [ -63.457377867806066, -9.512349286699928 ], [ -63.457286758676958, -9.512349406009008 ], [ -63.457286878850169, -9.512439851436016 ], [ -63.457377988003223, -9.512439732125781 ], [ -63.457377867806066, -9.512349286699928 ] ], [ [ -63.456648994739695, -9.512350240507102 ], [ -63.456557885601036, -9.512350359626051 ], [ -63.456558005582714, -9.512440805062287 ], [ -63.456649114745332, -9.512440685942186 ], [ -63.456648994739695, -9.512350240507102 ] ], [ [ -63.455737903299323, -9.512351430627074 ], [ -63.45564679414872, -9.512351549508356 ], [ -63.455646913891009, -9.512441994956108 ], [ -63.455738023065535, -9.512441876073677 ], [ -63.455737903299323, -9.512351430627074 ] ], [ [ -63.455009030061234, -9.512352381011855 ], [ -63.454917920901124, -9.512352499703001 ], [ -63.454918160003814, -9.512533390616428 ], [ -63.4550092692118, -9.512533271922983 ], [ -63.455009030061234, -9.512352381011855 ] ], [ [ -63.459473498193077, -9.512436981430735 ], [ -63.459382389067578, -9.512437101287608 ], [ -63.459382630518895, -9.512617992086982 ], [ -63.459473739692278, -9.512617872227787 ], [ -63.459473498193077, -9.512436981430735 ] ], [ [ -63.457651315455223, -9.512439374052475 ], [ -63.457560206305757, -9.512439493434011 ], [ -63.457560326551992, -9.512529938857085 ], [ -63.457651435725403, -9.512529819474395 ], [ -63.457651315455223, -9.512439374052475 ] ], [ [ -63.457286878850169, -9.512439851436016 ], [ -63.457195769695922, -9.512439970722484 ], [ -63.457196250304975, -9.512801752430439 ], [ -63.457105141053759, -9.512801871697759 ], [ -63.457105381317568, -9.512982762551228 ], [ -63.457196490616667, -9.512982643281603 ], [ -63.457196370460224, -9.512892197856255 ], [ -63.457287479734177, -9.512892078564017 ], [ -63.457287239376988, -9.512711187714222 ], [ -63.457469457825553, -9.512710949063058 ], [ -63.45746933760087, -9.512620503639768 ], [ -63.457378228401126, -9.51262062297608 ], [ -63.457378108201574, -9.512530177551163 ], [ -63.457286999024582, -9.512530296862554 ], [ -63.457286878850169, -9.512439851436016 ] ], [ [ -63.456740223906742, -9.512440566798318 ], [ -63.456649114745332, -9.512440685942186 ], [ -63.456649354760167, -9.512621576810945 ], [ -63.456740463969467, -9.512621457664773 ], [ -63.456740584002617, -9.512711903097298 ], [ -63.456831693234662, -9.512711783926205 ], [ -63.45683145312168, -9.512530893062996 ], [ -63.456740343937504, -9.512531012231781 ], [ -63.456740223906742, -9.512440566798318 ] ], [ [ -63.455647153379132, -9.512622885850206 ], [ -63.455556044155522, -9.51262300471117 ], [ -63.455556283600529, -9.512803895605691 ], [ -63.455465174327834, -9.512804014445191 ], [ -63.455465294028187, -9.512894459892898 ], [ -63.455556403324813, -9.512894341052252 ], [ -63.455556642776955, -9.513075231943962 ], [ -63.455647752120278, -9.513075113077246 ], [ -63.455647871872081, -9.513165558521244 ], [ -63.455738981238156, -9.513165439629608 ], [ -63.455739101015098, -9.51325588507199 ], [ -63.455830210403917, -9.513255766155439 ], [ -63.45583009060303, -9.513165320714206 ], [ -63.455921199966724, -9.513165201775031 ], [ -63.455921080143092, -9.513074756334481 ], [ -63.455829970803343, -9.513074875272505 ], [ -63.45582985100485, -9.512984429830336 ], [ -63.455738741687846, -9.512984548743439 ], [ -63.455738382371337, -9.512713212410667 ], [ -63.455647273124981, -9.512713331296549 ], [ -63.455647153379132, -9.512622885850206 ] ], [ [ -63.455100498019618, -9.512623598659484 ], [ -63.455009388788874, -9.512623717377846 ], [ -63.455009508367134, -9.512714162832237 ], [ -63.455100617621824, -9.512714044112727 ], [ -63.455100498019618, -9.512623598659484 ] ], [ [ -63.459564969639807, -9.512708197741494 ], [ -63.459382751246359, -9.512708437485964 ], [ -63.459383113435955, -9.512979773680101 ], [ -63.459565331973046, -9.51297953392867 ], [ -63.459564969639807, -9.512708197741494 ] ], [ [ -63.45537394537876, -9.512713687811594 ], [ -63.45528283612763, -9.512713806602406 ], [ -63.455282955778898, -9.512804252052881 ], [ -63.455374065053974, -9.512804133260921 ], [ -63.45537394537876, -9.512713687811594 ] ], [ [ -63.458471779696374, -9.51280008019237 ], [ -63.458380670461906, -9.512800199792441 ], [ -63.458380790928409, -9.512890645203228 ], [ -63.458471900186815, -9.512890525602003 ], [ -63.458471779696374, -9.51280008019237 ] ], [ [ -63.458289561226252, -9.512800319368736 ], [ -63.458198451989382, -9.512800438921269 ], [ -63.458198572408008, -9.512890884334373 ], [ -63.458289681668809, -9.512890764780686 ], [ -63.458289561226252, -9.512800319368736 ] ], [ [ -63.458654118700025, -9.512890286328252 ], [ -63.458563009444006, -9.512890405977013 ], [ -63.458563129959593, -9.51298085138502 ], [ -63.45865423923955, -9.5129807317351 ], [ -63.458654118700025, -9.512890286328252 ] ], [ [ -63.459018676347348, -9.512980252897746 ], [ -63.458927567072195, -9.512980372642737 ], [ -63.458927687684756, -9.513070818045643 ], [ -63.458836578384457, -9.513070937768024 ], [ -63.458837181345487, -9.513523164781304 ], [ -63.458928290765499, -9.51352304505313 ], [ -63.458928170146947, -9.513432599652569 ], [ -63.459019279541828, -9.513432479901784 ], [ -63.459018676347348, -9.512980252897746 ] ], [ [ -63.458563129959593, -9.51298085138502 ], [ -63.458380911396105, -9.512981090613549 ], [ -63.458381031864995, -9.513071536023403 ], [ -63.458472141171285, -9.513071416419864 ], [ -63.458472261665328, -9.51316186182809 ], [ -63.458563370994355, -9.513161742199625 ], [ -63.458563129959593, -9.51298085138502 ] ], [ [ -63.459292245583448, -9.513160784316231 ], [ -63.459201136264014, -9.513160904134844 ], [ -63.459201256950799, -9.513251349533338 ], [ -63.459292366294171, -9.513251229713564 ], [ -63.459292245583448, -9.513160784316231 ] ], [ [ -63.45728784027893, -9.513163414835191 ], [ -63.457196730933134, -9.513163534130893 ], [ -63.457196851093165, -9.513253979554834 ], [ -63.457287960462907, -9.513253860257976 ], [ -63.45728784027893, -9.513163414835191 ] ], [ [ -63.45646785612383, -9.513164487640848 ], [ -63.456376746767283, -9.513164606722635 ], [ -63.456376866711828, -9.513255052156957 ], [ -63.456467976092306, -9.51325493307402 ], [ -63.45646785612383, -9.513164487640848 ] ], [ [ -63.459565694317114, -9.513250870111625 ], [ -63.459474584977329, -9.513250990002707 ], [ -63.459474826498152, -9.513431880791318 ], [ -63.459383717109297, -9.513432000660952 ], [ -63.459383837847568, -9.513522446055715 ], [ -63.459110509601921, -9.513522805525472 ], [ -63.459110630269556, -9.513613250923244 ], [ -63.459566177459337, -9.513612651682337 ], [ -63.459565694317114, -9.513250870111625 ] ], [ [ -63.45983914318483, -9.513340955685669 ], [ -63.45974803382471, -9.513341075649217 ], [ -63.459748154657539, -9.513431521039806 ], [ -63.459839264041605, -9.513431401075096 ], [ -63.45983914318483, -9.513340955685669 ] ], [ [ -63.45993037342447, -9.51343128108662 ], [ -63.459839264041605, -9.513431401075096 ], [ -63.459839384899603, -9.513521846464061 ], [ -63.459930494306398, -9.513521726474421 ], [ -63.45993037342447, -9.51343128108662 ] ], [ [ -63.458654841955152, -9.51343295876231 ], [ -63.458563732555483, -9.513433078418016 ], [ -63.458563853078267, -9.51352352382321 ], [ -63.458654962501868, -9.513523404166344 ], [ -63.458654841955152, -9.51343295876231 ] ], [ [ -63.458381513752563, -9.513433317658125 ], [ -63.458290404349299, -9.513433437242522 ], [ -63.45829052480024, -9.513523882651189 ], [ -63.458381634227443, -9.513523763065633 ], [ -63.458381513752563, -9.513433317658125 ] ], [ [ -63.456468216032853, -9.513435823938948 ], [ -63.456194887744182, -9.513436181123367 ], [ -63.45619512754584, -9.513617071993334 ], [ -63.456377346501924, -9.51361683388955 ], [ -63.456377466452423, -9.513707279321524 ], [ -63.456468575952627, -9.513707160232824 ], [ -63.456468695928265, -9.51379760566318 ], [ -63.456559805451214, -9.513797486549556 ], [ -63.45655956545324, -9.513616595690685 ], [ -63.456468455978175, -9.513616714802005 ], [ -63.456468216032853, -9.513435823938948 ] ], [ [ -63.458199415371844, -9.513524002212977 ], [ -63.458108305942247, -9.513524121750994 ], [ -63.458108546751937, -9.513705012571545 ], [ -63.457926327793373, -9.513705251580896 ], [ -63.457926448152129, -9.51379569699278 ], [ -63.458108667158591, -9.513795457981114 ], [ -63.458108787566431, -9.51388590339022 ], [ -63.458199897091809, -9.513885783847574 ], [ -63.458199415371844, -9.513524002212977 ] ], [ [ -63.457379430462353, -9.513525077199429 ], [ -63.457288321021998, -9.513525196523521 ], [ -63.457288441210743, -9.513615641944432 ], [ -63.457379550675057, -9.513615522619187 ], [ -63.457379430462353, -9.513525077199429 ] ], [ [ -63.459839505758787, -9.513612291852551 ], [ -63.459748396326837, -9.513612411819583 ], [ -63.459748638000939, -9.513793302597477 ], [ -63.459839747480778, -9.513793182628126 ], [ -63.459839505758787, -9.513612291852551 ] ], [ [ -63.456012908584974, -9.513617310002042 ], [ -63.455921799102761, -9.51361742897074 ], [ -63.455921918933541, -9.513707874408473 ], [ -63.456013028439713, -9.513707755438624 ], [ -63.456012908584974, -9.513617310002042 ] ], [ [ -63.458564094127404, -9.513704414632187 ], [ -63.458472984654705, -9.5137045342676 ], [ -63.458473105157132, -9.513794979672541 ], [ -63.458564214653769, -9.513794860035972 ], [ -63.458564094127404, -9.513704414632187 ] ], [ [ -63.457470780376013, -9.5137058486883 ], [ -63.457379670888955, -9.513705968038471 ], [ -63.457379911320324, -9.513886858875638 ], [ -63.457288801784181, -9.513886978204349 ], [ -63.457289402763806, -9.514339205294831 ], [ -63.457471622074358, -9.514338966602091 ], [ -63.45747138158314, -9.514158075771922 ], [ -63.457380271976348, -9.514158195127868 ], [ -63.457380031537802, -9.513977304293519 ], [ -63.457471141096704, -9.513977184939883 ], [ -63.457470780376013, -9.5137058486883 ] ], [ [ -63.456377706357017, -9.513888170184069 ], [ -63.456286596807736, -9.513888289251305 ], [ -63.4562868366692, -9.514069180114276 ], [ -63.456377946266372, -9.514069061044738 ], [ -63.456377706357017, -9.513888170184069 ] ], [ [ -63.458291127072926, -9.513976109687476 ], [ -63.458200017524796, -9.513976229255052 ], [ -63.458200137958983, -9.514066674662059 ], [ -63.458291247531051, -9.514066555093327 ], [ -63.458291127072926, -9.513976109687476 ] ], [ [ -63.457562370920968, -9.514067510977576 ], [ -63.457471261339315, -9.51406763035614 ], [ -63.45747138158314, -9.514158075771922 ], [ -63.457562491188732, -9.514157956392205 ], [ -63.457562370920968, -9.514067510977576 ] ], [ [ -63.458747157114189, -9.514337293090488 ], [ -63.458656047476282, -9.514337412781549 ], [ -63.458656168034992, -9.514427858180893 ], [ -63.458747277696851, -9.514427738488678 ], [ -63.458747157114189, -9.514337293090488 ] ], [ [ -63.458473828196851, -9.514337652092351 ], [ -63.458291608912631, -9.514337891308067 ], [ -63.458291849839661, -9.514518782115545 ], [ -63.458382959530269, -9.51451866251726 ], [ -63.458383080019537, -9.51460910791914 ], [ -63.458565299445048, -9.514608868648937 ], [ -63.458565058371931, -9.514427977849339 ], [ -63.45847394870767, -9.514428097494012 ], [ -63.458473828196851, -9.514337652092351 ] ], [ [ -63.456287196470356, -9.514340516405221 ], [ -63.456013867456171, -9.514340873481576 ], [ -63.456014107185887, -9.514521764346769 ], [ -63.456105216906373, -9.514521645342786 ], [ -63.456105097016973, -9.514431199911577 ], [ -63.456196206712306, -9.514431080884972 ], [ -63.456196326625658, -9.514521526315031 ], [ -63.456287436343757, -9.514521407263503 ], [ -63.456287196470356, -9.514340516405221 ] ], [ [ -63.457471742321765, -9.514429412016472 ], [ -63.457380632643144, -9.514429531375884 ], [ -63.457380752867792, -9.514519976790947 ], [ -63.457471862570372, -9.514519857430381 ], [ -63.457471742321765, -9.514429412016472 ] ], [ [ -63.459931824087015, -9.514516625709252 ], [ -63.459840714416806, -9.514516745711665 ], [ -63.459840835289214, -9.514607191094999 ], [ -63.459931944983367, -9.514607071091426 ], [ -63.459931824087015, -9.514516625709252 ] ], [ [ -63.458838507965311, -9.514518064169243 ], [ -63.4587473982807, -9.514518183886389 ], [ -63.458747518865749, -9.514608629283641 ], [ -63.458838628574313, -9.514608509565338 ], [ -63.458838507965311, -9.514518064169243 ] ], [ [ -63.458474310247304, -9.514699433696174 ], [ -63.458292090771501, -9.51469967292115 ], [ -63.458292211239211, -9.514790118323248 ], [ -63.458474430762905, -9.514789879095961 ], [ -63.458474310247304, -9.514699433696174 ] ], [ [ -63.456014346920377, -9.514702655210089 ], [ -63.455923237150813, -9.5147027741926 ], [ -63.455923596689637, -9.514974110487513 ], [ -63.45601470653105, -9.514973991501545 ], [ -63.456014346920377, -9.514702655210089 ] ], [ [ -63.458109991710728, -9.514790357455448 ], [ -63.458018881944696, -9.514790476985889 ], [ -63.458019002341764, -9.514880922390988 ], [ -63.458110112131742, -9.514880802859393 ], [ -63.458109991710728, -9.514790357455448 ] ], [ [ -63.45820122192054, -9.514880683304021 ], [ -63.458110112131742, -9.514880802859393 ], [ -63.45811023255397, -9.514971248262865 ], [ -63.458201342366692, -9.514971128706339 ], [ -63.45820122192054, -9.514880683304021 ] ], [ [ -63.457108024534897, -9.514972561815618 ], [ -63.457016914707808, -9.514972681086865 ], [ -63.457017034843851, -9.515063126503733 ], [ -63.457108144694878, -9.515063007231333 ], [ -63.457108024534897, -9.514972561815618 ] ], [ [ -63.458019483942003, -9.515242704006699 ], [ -63.457928374055037, -9.515242823519147 ], [ -63.457928494434142, -9.515333268923056 ], [ -63.458019604345068, -9.515333149409452 ], [ -63.458019483942003, -9.515242704006699 ] ], [ [ -63.457381714708063, -9.515243540094586 ], [ -63.457290604812719, -9.515243659440616 ], [ -63.457290845236841, -9.515424550264145 ], [ -63.457473065122144, -9.515424311543688 ], [ -63.457472944861578, -9.515333866134471 ], [ -63.457381834943476, -9.515333985505428 ], [ -63.457381714708063, -9.515243540094586 ] ], [ [ -63.458384043976785, -9.515332671117289 ], [ -63.458292934070656, -9.515332790725992 ], [ -63.458293054546743, -9.515423236124805 ], [ -63.458384164476833, -9.515423116514947 ], [ -63.458384043976785, -9.515332671117289 ] ], [ [ -63.457928735195949, -9.51551415972947 ], [ -63.457746515274707, -9.515514398689982 ], [ -63.457746635609503, -9.515604844094801 ], [ -63.457655525623146, -9.515604963540552 ], [ -63.457655645935198, -9.515695408946049 ], [ -63.457837865954616, -9.515695170028465 ], [ -63.457837745594681, -9.515604724625277 ], [ -63.457928855578643, -9.515604605131974 ], [ -63.457928735195949, -9.51551415972947 ] ], [ [ -63.454011483256039, -9.515881058228313 ], [ -63.453920373148975, -9.515881176702727 ], [ -63.453920492482645, -9.515971622154007 ], [ -63.453829382350442, -9.515971740605794 ], [ -63.453829501661346, -9.51606218605775 ], [ -63.454011721972456, -9.516061949128108 ], [ -63.454011483256039, -9.515881058228313 ] ], [ [ -63.453647162082497, -9.515971977438042 ], [ -63.453556051946727, -9.515972095818498 ], [ -63.453556171185788, -9.516062541273891 ], [ -63.453465061024893, -9.51606265963172 ], [ -63.453465180241174, -9.516153105087787 ], [ -63.453647400609682, -9.516152868346063 ], [ -63.453647162082497, -9.515971977438042 ] ], [ [ -63.455014651357232, -9.516603316927476 ], [ -63.454923541071636, -9.516603435672613 ], [ -63.454923660678261, -9.516693881107518 ], [ -63.454832550367513, -9.516693999830029 ], [ -63.454832669951386, -9.516784445265612 ], [ -63.455014890619594, -9.516784207794519 ], [ -63.455014651357232, -9.516603316927476 ] ], [ [ -63.45455957796775, -9.516965692170569 ], [ -63.454377357191838, -9.516965929408471 ], [ -63.454377476659516, -9.517056374848389 ], [ -63.454559697483326, -9.517056137608188 ], [ -63.45455957796775, -9.516965692170569 ] ], [ [ -63.456384185584639, -9.518772222763541 ], [ -63.456293074741986, -9.518772341892996 ], [ -63.456293314732264, -9.518953232705305 ], [ -63.456384425622844, -9.518953113573545 ], [ -63.456384185584639, -9.518772222763541 ] ], [ [ -63.455746409660975, -9.518773056170273 ], [ -63.455564187957783, -9.518773294072435 ], [ -63.45556430776066, -9.518863739488035 ], [ -63.455290975125052, -9.518864096166354 ], [ -63.455291214590638, -9.51904498700304 ], [ -63.455382325518279, -9.519044868131752 ], [ -63.455382445276811, -9.519135313548242 ], [ -63.455473556227219, -9.519135194652019 ], [ -63.455473676010918, -9.519225640066892 ], [ -63.455747008926878, -9.519225283232068 ], [ -63.455746889071307, -9.519134837820646 ], [ -63.455838000016961, -9.519134718829287 ], [ -63.455837880138638, -9.519044273418547 ], [ -63.455928991059125, -9.519044154404558 ], [ -63.455928871158029, -9.518953708994498 ], [ -63.455837760261495, -9.518953828007341 ], [ -63.455837640385546, -9.518863382595663 ], [ -63.455746529511778, -9.518863501583571 ], [ -63.455746409660975, -9.518773056170273 ] ], [ [ -63.456566647400408, -9.51895287523868 ], [ -63.456475536512222, -9.518952994418004 ], [ -63.456475656557068, -9.51904343982115 ], [ -63.456566767469226, -9.519043320640675 ], [ -63.456566647400408, -9.51895287523868 ] ], [ [ -63.454289711152065, -9.519588965592096 ], [ -63.454198600066405, -9.519589084184863 ], [ -63.454198719520598, -9.519679529613468 ], [ -63.454289830630223, -9.519679411019554 ], [ -63.454289711152065, -9.519588965592096 ] ], [ [ -63.454927608364336, -9.519678580196169 ], [ -63.454836497263031, -9.51967869895658 ], [ -63.454836616886134, -9.51976914437668 ], [ -63.454745505759675, -9.519769263114453 ], [ -63.454745625360005, -9.519859708535231 ], [ -63.454654514208407, -9.519859827250368 ], [ -63.45465439463203, -9.519769381828441 ], [ -63.454472172373173, -9.519769619185061 ], [ -63.454472291901624, -9.519860064609285 ], [ -63.454290069590094, -9.519860301873058 ], [ -63.454290189071813, -9.519950747299108 ], [ -63.45401685552374, -9.519951103019814 ], [ -63.454017094346973, -9.520131993877385 ], [ -63.45410820557877, -9.52013187532531 ], [ -63.454108325016129, -9.520222320752243 ], [ -63.454199436270706, -9.520222202175232 ], [ -63.454199675196911, -9.520403093025402 ], [ -63.454290786498227, -9.520402974422311 ], [ -63.454291025477097, -9.520583865268307 ], [ -63.454473248172015, -9.520583627986175 ], [ -63.454473128634064, -9.52049318256571 ], [ -63.454564239955779, -9.520493063890109 ], [ -63.45456435951769, -9.520583509309429 ], [ -63.454655470862185, -9.520583390608895 ], [ -63.454655231691611, -9.520402499772082 ], [ -63.454746342986979, -9.520402381050056 ], [ -63.454745984168149, -9.520131044794756 ], [ -63.454837095390445, -9.520130926052387 ], [ -63.454837334649746, -9.520311816887428 ], [ -63.455019557186624, -9.520311579326739 ], [ -63.455019437508462, -9.52022113391175 ], [ -63.455201659992653, -9.520220896258213 ], [ -63.455201540267758, -9.520130450845055 ], [ -63.455110429050222, -9.520130569682568 ], [ -63.455110309350466, -9.520040124267789 ], [ -63.455019198155703, -9.520040243080368 ], [ -63.455018958807706, -9.519859352247108 ], [ -63.454927847659654, -9.5198594710336 ], [ -63.454927608364336, -9.519678580196169 ] ], [ [ -63.454472052845915, -9.519679173760371 ], [ -63.454380941738656, -9.519679292401856 ], [ -63.454381061241968, -9.519769737827691 ], [ -63.454472172373173, -9.519769619185061 ], [ -63.454472052845915, -9.519679173760371 ] ], [ [ -63.457843283390773, -9.519765212686462 ], [ -63.457661061215383, -9.519765451708068 ], [ -63.457661301950736, -9.519946342475439 ], [ -63.457934635355777, -9.519945983900415 ], [ -63.457934514915628, -9.519855538520435 ], [ -63.457843403805768, -9.519855658068069 ], [ -63.457843283390773, -9.519765212686462 ] ], [ [ -63.459028089597062, -9.520034992825217 ], [ -63.458936978453664, -9.520035112660599 ], [ -63.45893709915979, -9.520125558026908 ], [ -63.459028210327148, -9.520125438190369 ], [ -63.459028089597062, -9.520034992825217 ] ], [ [ -63.459119321493318, -9.520125318330038 ], [ -63.459028210327148, -9.520125438190369 ], [ -63.459028572524609, -9.520396774283007 ], [ -63.459119683762651, -9.5203966544192 ], [ -63.459119321493318, -9.520125318330038 ] ], [ [ -63.457115116018315, -9.520308840540086 ], [ -63.457024004777892, -9.520308959879422 ], [ -63.457024124984407, -9.520399405268609 ], [ -63.457115236248789, -9.52039928592812 ], [ -63.457115116018315, -9.520308840540086 ] ], [ [ -63.453835110611926, -9.520313121770453 ], [ -63.453743999328644, -9.520313240253461 ], [ -63.453744118672532, -9.520403685684041 ], [ -63.453835229979774, -9.520403567199889 ], [ -63.453835110611926, -9.520313121770453 ] ], [ [ -63.455657455875311, -9.520401192521511 ], [ -63.455566344591837, -9.520401311481409 ], [ -63.455566464416158, -9.520491756888559 ], [ -63.455384241797702, -9.520491994739292 ], [ -63.455384361575291, -9.520582440148271 ], [ -63.455293250240317, -9.520582559039106 ], [ -63.455293489751121, -9.520763449857963 ], [ -63.455657935275575, -9.520762974142698 ], [ -63.455657455875311, -9.520401192521511 ] ], [ [ -63.455019676865973, -9.520402024741257 ], [ -63.454928565574164, -9.520402143534644 ], [ -63.454928685230755, -9.520492588949841 ], [ -63.455019796546523, -9.520492470155308 ], [ -63.455019676865973, -9.520402024741257 ] ], [ [ -63.457662024185488, -9.520489014766284 ], [ -63.457570912904309, -9.520489134250649 ], [ -63.457571153610864, -9.520670025012821 ], [ -63.457662264939977, -9.520669905526143 ], [ -63.457662024185488, -9.520489014766284 ] ], [ [ -63.454928685230755, -9.520492588949841 ], [ -63.454837573913792, -9.520492707720589 ], [ -63.454837693547596, -9.520583153136466 ], [ -63.45492880488851, -9.520583034364568 ], [ -63.454928685230755, -9.520492588949841 ] ], [ [ -63.454108683335321, -9.520493657030231 ], [ -63.453835349348815, -9.520494012628854 ], [ -63.453835588090435, -9.520674903485377 ], [ -63.454017810845144, -9.520674666438829 ], [ -63.454017691425825, -9.520584221013094 ], [ -63.454108802777426, -9.520584102455286 ], [ -63.454108683335321, -9.520493657030231 ] ], [ [ -63.453835707463028, -9.520765348912931 ], [ -63.45374459605992, -9.52076546740167 ], [ -63.453744715409741, -9.520855912829903 ], [ -63.453835826836801, -9.520855794340019 ], [ -63.453835707463028, -9.520765348912931 ] ], [ [ -63.453562492552059, -9.520856149738304 ], [ -63.453471381121432, -9.520856268156823 ], [ -63.453471500400539, -9.520946713588021 ], [ -63.453562611855133, -9.520946595168359 ], [ -63.453562492552059, -9.520856149738304 ] ], [ [ -63.453471500400539, -9.520946713588021 ], [ -63.453380388944765, -9.520946831983897 ], [ -63.453380508201107, -9.521037277415772 ], [ -63.453471619680833, -9.521037159018752 ], [ -63.453471500400539, -9.520946713588021 ] ], [ [ -63.459029417693991, -9.521029891816074 ], [ -63.458938306287003, -9.521030011664205 ], [ -63.458938547726838, -9.521210902386033 ], [ -63.459029659181752, -9.521210782535585 ], [ -63.459029417693991, -9.521029891816074 ] ], [ [ -63.459485095574024, -9.52111973757278 ], [ -63.459393984149074, -9.521119857541017 ], [ -63.459394104989414, -9.521210302895897 ], [ -63.459485216438331, -9.521210182926502 ], [ -63.459485095574024, -9.52111973757278 ] ], [ [ -63.457662866847137, -9.521122132417581 ], [ -63.457571755398213, -9.521122251910038 ], [ -63.457571996121516, -9.521303142665635 ], [ -63.457663107618373, -9.521303023170871 ], [ -63.457662866847137, -9.521122132417581 ] ], [ [ -63.457389652809908, -9.521212936203927 ], [ -63.457207429855764, -9.521213175024629 ], [ -63.457207550122156, -9.521303620406815 ], [ -63.457116438619323, -9.521303739782633 ], [ -63.45711655886295, -9.521394185165503 ], [ -63.457298781915348, -9.521393946387764 ], [ -63.457298661623796, -9.521303501007203 ], [ -63.457389773124234, -9.521303381583804 ], [ -63.457389652809908, -9.521212936203927 ] ], [ [ -63.457116318376897, -9.521213294399292 ], [ -63.456934095415583, -9.521213533077258 ], [ -63.456934215610083, -9.521303978462907 ], [ -63.457116438619323, -9.521303739782633 ], [ -63.457116318376897, -9.521213294399292 ] ], [ [ -63.454109638905422, -9.521217220417546 ], [ -63.454018527386062, -9.521217338983378 ], [ -63.454018646813701, -9.521307784405828 ], [ -63.454109758357014, -9.521307665838849 ], [ -63.454109638905422, -9.521217220417546 ] ], [ [ -63.453836304343781, -9.521217576043677 ], [ -63.453745192820854, -9.521217694538146 ], [ -63.453745431533534, -9.521398585389448 ], [ -63.45383654310438, -9.521398466892691 ], [ -63.453836304343781, -9.521217576043677 ] ], [ [ -63.459485458170541, -9.521391073632536 ], [ -63.459394346673697, -9.521391193604252 ], [ -63.45939446751764, -9.521481638957727 ], [ -63.45930335599563, -9.521481758906809 ], [ -63.459303597639192, -9.521662649614671 ], [ -63.459576932345406, -9.521662289689088 ], [ -63.459576811451136, -9.521571844338871 ], [ -63.459485699907553, -9.521571964336696 ], [ -63.459485458170541, -9.521391073632536 ] ], [ [ -63.458301008617987, -9.52139263140924 ], [ -63.458209897105547, -9.521392751071691 ], [ -63.458210017637953, -9.521483196440226 ], [ -63.458301129174345, -9.521483076776619 ], [ -63.458301008617987, -9.52139263140924 ] ], [ [ -63.453927654674047, -9.521398348372143 ], [ -63.45383654310438, -9.521398466892691 ], [ -63.453836662486459, -9.521488912316494 ], [ -63.453927774080093, -9.521488793794802 ], [ -63.453927654674047, -9.521398348372143 ] ], [ [ -63.456843464622445, -9.521575433924943 ], [ -63.456752353042944, -9.521575553209066 ], [ -63.456752473194292, -9.521665998595145 ], [ -63.45684358479776, -9.52166587930987 ], [ -63.456843464622445, -9.521575433924943 ] ], [ [ -63.45493012120248, -9.521577933895605 ], [ -63.45483900959794, -9.521578052680136 ], [ -63.454839248895283, -9.521758943500158 ], [ -63.454930360547742, -9.521758824713331 ], [ -63.45493012120248, -9.521577933895605 ] ], [ [ -63.454019005103731, -9.521579120670356 ], [ -63.45383678186974, -9.521579357739828 ], [ -63.453837020639831, -9.521760248585087 ], [ -63.45401924396969, -9.521760011511034 ], [ -63.454019005103731, -9.521579120670356 ] ], [ [ -63.459303597639192, -9.521662649614671 ], [ -63.459212486068054, -9.521662769542287 ], [ -63.459212606867666, -9.521753214896673 ], [ -63.459303718462778, -9.521753094967899 ], [ -63.459303597639192, -9.521662649614671 ] ], [ [ -63.456752473194292, -9.521665998595145 ], [ -63.456661361589632, -9.521666117856633 ], [ -63.456661481718214, -9.521756563243393 ], [ -63.456752593346827, -9.521756443980754 ], [ -63.456752473194292, -9.521665998595145 ] ], [ [ -63.454565794353414, -9.521668854304679 ], [ -63.454474682720161, -9.521668972995199 ], [ -63.454474921828158, -9.52184986382346 ], [ -63.45456603350933, -9.521849745130648 ], [ -63.454565794353414, -9.521668854304679 ] ], [ [ -63.454292459450116, -9.521669210304861 ], [ -63.454201347813303, -9.521669328924009 ], [ -63.454202184208768, -9.522302446838813 ], [ -63.454293296013333, -9.522302328211639 ], [ -63.454293176500748, -9.522211882797791 ], [ -63.45438428828016, -9.522211764147972 ], [ -63.454384168744788, -9.522121318734804 ], [ -63.454293056989329, -9.522121437383477 ], [ -63.454292817970085, -9.521940546553441 ], [ -63.454383929677597, -9.52194042790706 ], [ -63.454383690615174, -9.52175953707744 ], [ -63.454292578955574, -9.521759655721523 ], [ -63.454292459450116, -9.521669210304861 ] ], [ [ -63.456297035191767, -9.521757040056045 ], [ -63.456205923557171, -9.521757159199732 ], [ -63.456206043567107, -9.521847604591782 ], [ -63.45629715522567, -9.521847485446944 ], [ -63.456297035191767, -9.521757040056045 ] ], [ [ -63.454110355632842, -9.521759892938322 ], [ -63.45401924396969, -9.521760011511034 ], [ -63.454019363404448, -9.521850456930666 ], [ -63.454110475091568, -9.521850338356806 ], [ -63.454110355632842, -9.521759892938322 ] ], [ [ -63.45547715025571, -9.521848556894023 ], [ -63.455386038586433, -9.521848675824742 ], [ -63.455386158381877, -9.521939121226682 ], [ -63.455477270075122, -9.521939002294813 ], [ -63.45547715025571, -9.521848556894023 ] ], [ [ -63.45392825171615, -9.521850575480734 ], [ -63.453837140026657, -9.521850694007011 ], [ -63.453837259414669, -9.521941139428465 ], [ -63.453928371128129, -9.521941020901041 ], [ -63.45392825171615, -9.521850575480734 ] ], [ [ -63.455203934991808, -9.521939359019051 ], [ -63.455112823294982, -9.521939477879551 ], [ -63.455113062745625, -9.522120368688926 ], [ -63.455204174490383, -9.522120249826131 ], [ -63.455205132532321, -9.522843813035653 ], [ -63.45502290865813, -9.52284405075584 ], [ -63.455023267799675, -9.52311538695856 ], [ -63.454932155788896, -9.523115505786411 ], [ -63.454932275481156, -9.523205951187526 ], [ -63.454750051408084, -9.523206188774141 ], [ -63.454750290700282, -9.523387079579562 ], [ -63.455296963192865, -9.523386366520397 ], [ -63.455296843402351, -9.523295921124813 ], [ -63.45538795545631, -9.52329580219949 ], [ -63.455387835643009, -9.523205356804587 ], [ -63.455296723613017, -9.523205475728766 ], [ -63.455296603824884, -9.523115030332244 ], [ -63.455387715830902, -9.523114911409216 ], [ -63.45538723659439, -9.522753129823039 ], [ -63.455296124684239, -9.52275324874147 ], [ -63.45529564556265, -9.522391467143184 ], [ -63.455386757376921, -9.522391348229355 ], [ -63.455386517775331, -9.522210457429695 ], [ -63.455295406008993, -9.522210576341223 ], [ -63.455295166460097, -9.52202968553739 ], [ -63.455204054740506, -9.522029804422829 ], [ -63.455203934991808, -9.521939359019051 ] ], [ [ -63.454839488197379, -9.521939834318303 ], [ -63.4547483764958, -9.521939953083633 ], [ -63.454748496124665, -9.522030398493152 ], [ -63.454839607850218, -9.522030279726669 ], [ -63.454839488197379, -9.521939834318303 ] ], [ [ -63.459668527596712, -9.522023951057836 ], [ -63.459577415934525, -9.522024071085253 ], [ -63.459577657736283, -9.522204961780515 ], [ -63.459668769446424, -9.52220484175078 ], [ -63.459668527596712, -9.522023951057836 ] ], [ [ -63.457846294124735, -9.522026347085861 ], [ -63.457755182438554, -9.522026466637453 ], [ -63.457755302859503, -9.522116912008483 ], [ -63.457846414569659, -9.522116792455734 ], [ -63.457846294124735, -9.522026347085861 ] ], [ [ -63.449099566828679, -9.522037715550638 ], [ -63.449008455028711, -9.522037832818269 ], [ -63.449008573148859, -9.522128278299196 ], [ -63.449099684972801, -9.522128161030434 ], [ -63.449099566828679, -9.522037715550638 ] ], [ [ -63.457573079435619, -9.522117151042607 ], [ -63.457481967721876, -9.52211727052398 ], [ -63.457482088072133, -9.522207715898007 ], [ -63.457573199809829, -9.522207596415477 ], [ -63.457573079435619, -9.522117151042607 ] ], [ [ -63.457299744290815, -9.522117509415358 ], [ -63.457208632573497, -9.522117628825358 ], [ -63.457208752851834, -9.522208074202847 ], [ -63.457299864593132, -9.522207954791694 ], [ -63.457299744290815, -9.522117509415358 ] ], [ [ -63.456297515334548, -9.522118821616834 ], [ -63.456206403604092, -9.522118940765127 ], [ -63.456206643634708, -9.522299831545009 ], [ -63.456297755413097, -9.52229971239441 ], [ -63.456297515334548, -9.522118821616834 ] ], [ [ -63.455933068405557, -9.52211929806726 ], [ -63.455841956670326, -9.52211941712039 ], [ -63.455842076589171, -9.522209862515171 ], [ -63.455933188348375, -9.522209743460891 ], [ -63.455933068405557, -9.52211929806726 ] ], [ [ -63.455568621457502, -9.522119774137028 ], [ -63.455477509717511, -9.522119893094992 ], [ -63.455477629540482, -9.522210338494371 ], [ -63.45556874130444, -9.522210219535259 ], [ -63.455568621457502, -9.522119774137028 ] ], [ [ -63.459486546024955, -9.522205081786463 ], [ -63.45939543431242, -9.522205201768619 ], [ -63.459395555167163, -9.522295647117867 ], [ -63.459213331690556, -9.522295887013122 ], [ -63.459213452498574, -9.522386332364224 ], [ -63.45948678778359, -9.522385972482176 ], [ -63.459486546024955, -9.522205081786463 ] ], [ [ -63.455842076589171, -9.522209862515171 ], [ -63.455750964828795, -9.522209981545661 ], [ -63.455751084724866, -9.522300426941122 ], [ -63.455842196509217, -9.522300307909484 ], [ -63.455842076589171, -9.522209862515171 ] ], [ [ -63.455022070702832, -9.522210932933062 ], [ -63.454930958931726, -9.522211051749425 ], [ -63.454931078612091, -9.522301497155233 ], [ -63.455022190407156, -9.522301378337724 ], [ -63.455022070702832, -9.522210932933062 ] ], [ [ -63.455933308292373, -9.522300188854052 ], [ -63.455842196509217, -9.522300307909484 ], [ -63.455842316430441, -9.522390753303329 ], [ -63.455933428237564, -9.522390634246747 ], [ -63.455933308292373, -9.522300188854052 ] ], [ [ -63.455659972939316, -9.522300545948969 ], [ -63.455477749364647, -9.522300783893288 ], [ -63.455478108844297, -9.522572120087217 ], [ -63.455569220704128, -9.522572001123503 ], [ -63.455569100852422, -9.522481555727147 ], [ -63.455660212687086, -9.522481436740792 ], [ -63.455659972939316, -9.522300545948969 ] ], [ [ -63.459942346567914, -9.522385372202914 ], [ -63.459851234813449, -9.522385492306352 ], [ -63.459851718728622, -9.522747273673566 ], [ -63.460033942428097, -9.522747033433612 ], [ -63.460033700372222, -9.522566142755586 ], [ -63.459942588571032, -9.522566262885139 ], [ -63.459942346567914, -9.522385372202914 ] ], [ [ -63.459031228969231, -9.52238657216663 ], [ -63.458940117202758, -9.522386692032146 ], [ -63.458940358678596, -9.522567582739891 ], [ -63.459213694118212, -9.522567223065014 ], [ -63.459213814929839, -9.522657668414704 ], [ -63.459304926764609, -9.522657548474333 ], [ -63.459304685094637, -9.522476657776805 ], [ -63.459031349730516, -9.522477017519579 ], [ -63.459031228969231, -9.52238657216663 ] ], [ [ -63.458028999472091, -9.522387889378727 ], [ -63.457846775911584, -9.522388128562538 ], [ -63.457846896361289, -9.522478573930535 ], [ -63.457755784555275, -9.522478693487908 ], [ -63.457756386701917, -9.522930920326628 ], [ -63.457847498627778, -9.522930800763474 ], [ -63.45784773954275, -9.523111691493366 ], [ -63.457938851515337, -9.523111571904106 ], [ -63.457938971998587, -9.523202017267192 ], [ -63.457574524005132, -9.523202495486085 ], [ -63.457574644393709, -9.523292940853324 ], [ -63.457483532368371, -9.523293060349719 ], [ -63.457483412003782, -9.523202614981322 ], [ -63.457392300001231, -9.523202734452767 ], [ -63.457392179661802, -9.52311228908275 ], [ -63.45730106768201, -9.523112408529242 ], [ -63.457301308314143, -9.523293299271121 ], [ -63.457119084255126, -9.523293538097345 ], [ -63.457118963986403, -9.523203092724334 ], [ -63.456845627960817, -9.52320345078175 ], [ -63.456845748157633, -9.523293896158224 ], [ -63.456936860191327, -9.523293776828393 ], [ -63.456936980413303, -9.523384222203244 ], [ -63.457301428631993, -9.523383744641356 ], [ -63.457301548951037, -9.523474190011118 ], [ -63.457757109317363, -9.5234735925176 ], [ -63.457757470641248, -9.523744928606753 ], [ -63.457666358498464, -9.523745048156512 ], [ -63.457666599339099, -9.523925938882574 ], [ -63.457757711529823, -9.523925819330501 ], [ -63.457757591084942, -9.523835373968861 ], [ -63.458030927578015, -9.523835015173335 ], [ -63.458031289132009, -9.524106351246449 ], [ -63.458213513598572, -9.524106111923512 ], [ -63.458213393031436, -9.524015666568591 ], [ -63.458304505238956, -9.524015546872587 ], [ -63.45830438464904, -9.523925101518353 ], [ -63.458122160280759, -9.523925340884253 ], [ -63.45812203973999, -9.523834895527237 ], [ -63.458213151900765, -9.523834775857342 ], [ -63.458212910774876, -9.523653885144215 ], [ -63.458121798662049, -9.523654004811798 ], [ -63.458121557588889, -9.523473114094479 ], [ -63.458212669653776, -9.523472994429209 ], [ -63.458212428537465, -9.523292103712327 ], [ -63.458303540553224, -9.52329198402558 ], [ -63.4583034199729, -9.523201538667591 ], [ -63.458212307981114, -9.52320165835318 ], [ -63.458212066872001, -9.523020767633483 ], [ -63.458120954926954, -9.523020887292965 ], [ -63.458120834398173, -9.522930441931255 ], [ -63.458029722475899, -9.52293056156579 ], [ -63.458029601972278, -9.522840116202453 ], [ -63.457938490072777, -9.522840235812037 ], [ -63.457938369594316, -9.522749790447074 ], [ -63.457847257717596, -9.522749910031708 ], [ -63.457847137264302, -9.522659464665116 ], [ -63.458120472818976, -9.522659105843307 ], [ -63.458120713870571, -9.522839996569074 ], [ -63.458211825767677, -9.522839876911908 ], [ -63.458211464120161, -9.522568540826022 ], [ -63.458120352294969, -9.522568660479719 ], [ -63.458120231772163, -9.522478215115662 ], [ -63.458029119969737, -9.522478334744411 ], [ -63.458028999472091, -9.522387889378727 ] ], [ [ -63.457755664129536, -9.522388248118755 ], [ -63.457482328776216, -9.522388606644654 ], [ -63.457482449130048, -9.522479052017271 ], [ -63.457755784555275, -9.522478693487908 ], [ -63.457755664129536, -9.522388248118755 ] ], [ [ -63.457391216989372, -9.522388726105705 ], [ -63.457300105201341, -9.52238884554296 ], [ -63.457300345814339, -9.522569736292347 ], [ -63.457209233977181, -9.52256985570812 ], [ -63.457209474547021, -9.522750746457941 ], [ -63.457391698316016, -9.522750507597982 ], [ -63.457391216989372, -9.522388726105705 ] ], [ [ -63.455022310112689, -9.522391823741918 ], [ -63.454931198293643, -9.522391942560578 ], [ -63.454931317976389, -9.52248238796545 ], [ -63.455022429819394, -9.522482269145639 ], [ -63.455022310112689, -9.522391823741918 ] ], [ [ -63.454111311335893, -9.52248345627307 ], [ -63.454020199481008, -9.522483574854952 ], [ -63.454020318925252, -9.522574020270833 ], [ -63.454111430804112, -9.522573901687801 ], [ -63.454111311335893, -9.52248345627307 ] ], [ [ -63.455933668131536, -9.522571525030724 ], [ -63.455842556276473, -9.522571644089608 ], [ -63.455842676201272, -9.522662089482038 ], [ -63.455933788080301, -9.522661970422005 ], [ -63.455933668131536, -9.522571525030724 ] ], [ [ -63.454749213922817, -9.522573070940389 ], [ -63.454658102052278, -9.52257318968997 ], [ -63.454658221665497, -9.522663635097343 ], [ -63.454749333560009, -9.522663516346618 ], [ -63.454749213922817, -9.522573070940389 ] ], [ [ -63.453746983281583, -9.52257437587717 ], [ -63.453655871397984, -9.522574494365029 ], [ -63.453655990747549, -9.52266493978502 ], [ -63.453747102655115, -9.522664821296013 ], [ -63.453746983281583, -9.52257437587717 ] ], [ [ -63.45757380169885, -9.522659823272795 ], [ -63.457482689841306, -9.5226599427611 ], [ -63.457482810198726, -9.522750388132312 ], [ -63.457573922080236, -9.52275026864285 ], [ -63.45757380169885, -9.522659823272795 ] ], [ [ -63.454658221665497, -9.522663635097343 ], [ -63.454567109769798, -9.522663753824279 ], [ -63.454567229360244, -9.522754199232336 ], [ -63.454658341279909, -9.522754080504255 ], [ -63.454658221665497, -9.522663635097343 ] ], [ [ -63.454293774075602, -9.522664109862328 ], [ -63.454202662175149, -9.522664228494092 ], [ -63.454202781669714, -9.522754673906737 ], [ -63.454293893594127, -9.522754555273828 ], [ -63.454293774075602, -9.522664109862328 ] ], [ [ -63.459851718728622, -9.522747273673566 ], [ -63.459760606877097, -9.522747393757854 ], [ -63.459760727834926, -9.522837839099646 ], [ -63.459851839710424, -9.522837719014197 ], [ -63.459851718728622, -9.522747273673566 ] ], [ [ -63.459031712021563, -9.522748353575608 ], [ -63.458849488295677, -9.522748593292116 ], [ -63.458849729733174, -9.522929483998423 ], [ -63.459031953554934, -9.522929244277281 ], [ -63.459031712021563, -9.522748353575608 ] ], [ [ -63.459487392201197, -9.522838199213231 ], [ -63.459396280320895, -9.522838319203506 ], [ -63.459396401184051, -9.522928764549473 ], [ -63.459487513088334, -9.522928644558036 ], [ -63.459487392201197, -9.522838199213231 ] ], [ [ -63.458302937663575, -9.522839757230944 ], [ -63.458211825767677, -9.522839876911908 ], [ -63.458211946319231, -9.522930322272929 ], [ -63.458303058239103, -9.52293020259081 ], [ -63.458302937663575, -9.522839757230944 ] ], [ [ -63.454111789215901, -9.522845237929175 ], [ -63.454020677265142, -9.522845356515649 ], [ -63.454020916164339, -9.52302624734318 ], [ -63.454112028163031, -9.523026128754417 ], [ -63.454111789215901, -9.522845237929175 ] ], [ [ -63.457756386701917, -9.522930920326628 ], [ -63.457665274774861, -9.522931039865986 ], [ -63.457665395183803, -9.52302148523348 ], [ -63.457574283231587, -9.523021604750198 ], [ -63.45757440361777, -9.523112050118376 ], [ -63.457756627568948, -9.523111811058829 ], [ -63.457756386701917, -9.522930920326628 ] ], [ [ -63.457209715121643, -9.522931637205883 ], [ -63.457118603187411, -9.522931756602478 ], [ -63.457118723452545, -9.523022201976902 ], [ -63.457209835410744, -9.523022082579148 ], [ -63.457209715121643, -9.522931637205883 ] ], [ [ -63.456025259883511, -9.522933187505759 ], [ -63.455934147933768, -9.522933306593043 ], [ -63.455934387842028, -9.523114197371383 ], [ -63.456116611836215, -9.523113959168422 ], [ -63.456116491833541, -9.523023513781787 ], [ -63.456025379861018, -9.523023632894013 ], [ -63.456025259883511, -9.522933187505759 ] ], [ [ -63.454567468544688, -9.522935090047044 ], [ -63.454476356575903, -9.52293520875363 ], [ -63.454476476145928, -9.523025654161422 ], [ -63.45456758813868, -9.523025535453691 ], [ -63.454567468544688, -9.522935090047044 ] ], [ [ -63.459305410118958, -9.523019329863768 ], [ -63.459214298188314, -9.523019449808777 ], [ -63.45921453982475, -9.523200340502992 ], [ -63.458941203881793, -9.523200700202212 ], [ -63.458941083134874, -9.52311025485186 ], [ -63.458849971175461, -9.523110374702854 ], [ -63.458850091898405, -9.523200820054361 ], [ -63.458394531963478, -9.523201418958205 ], [ -63.458394773173261, -9.523382309671398 ], [ -63.458303661134742, -9.5233824293831 ], [ -63.458303781717461, -9.523472874740149 ], [ -63.458486005841245, -9.523472635290636 ], [ -63.458485885210592, -9.523382189935903 ], [ -63.459032557409344, -9.523381471023248 ], [ -63.459032678183824, -9.523471916371028 ], [ -63.459306014338921, -9.523471556589994 ], [ -63.459305410118958, -9.523019329863768 ] ], [ [ -63.455934387842028, -9.523114197371383 ], [ -63.455843275843158, -9.523114316437173 ], [ -63.455843395775105, -9.52320476182679 ], [ -63.455661171725843, -9.523204999889291 ], [ -63.455661291611051, -9.523295445280745 ], [ -63.455752403660242, -9.523295326260239 ], [ -63.455752523570617, -9.523385771650071 ], [ -63.455934747713378, -9.523385533535379 ], [ -63.455934387842028, -9.523114197371383 ] ], [ [ -63.454476595717153, -9.52311609956875 ], [ -63.454385483699234, -9.523116218253834 ], [ -63.454385603247687, -9.523206663661842 ], [ -63.454476715289559, -9.523206544975608 ], [ -63.454476595717153, -9.52311609956875 ] ], [ [ -63.456116731840069, -9.523204404554583 ], [ -63.456025619819606, -9.523204523669115 ], [ -63.456025739800701, -9.523294969055961 ], [ -63.456116851845131, -9.52329484994028 ], [ -63.456116731840069, -9.523204404554583 ] ], [ [ -63.454658939369772, -9.523206307531758 ], [ -63.454476715289559, -9.523206544975608 ], [ -63.454476834863158, -9.523296990381995 ], [ -63.454659058991311, -9.523296752935849 ], [ -63.454658939369772, -9.523206307531758 ] ], [ [ -63.454021155068268, -9.523207138168834 ], [ -63.453930043020449, -9.523207256736095 ], [ -63.453930162450227, -9.523297702149364 ], [ -63.454021274522027, -9.523297583580955 ], [ -63.454021155068268, -9.523207138168834 ] ], [ [ -63.455570179560659, -9.523295564277451 ], [ -63.455479067509074, -9.523295683250367 ], [ -63.455479187347542, -9.523386128643649 ], [ -63.455570299423094, -9.523386009669586 ], [ -63.455570179560659, -9.523295564277451 ] ], [ [ -63.449921230120083, -9.523302895602756 ], [ -63.449830117995127, -9.52330301310041 ], [ -63.449830236347452, -9.523393458564556 ], [ -63.449921348496368, -9.523393341065766 ], [ -63.449921230120083, -9.523302895602756 ] ], [ [ -63.449010108817667, -9.523304069508541 ], [ -63.448918996680959, -9.52330418676825 ], [ -63.448919114793583, -9.523394632243743 ], [ -63.449010226954258, -9.523394514982899 ], [ -63.449010108817667, -9.523304069508541 ] ], [ [ -63.448007875249445, -9.523305358056634 ], [ -63.447916763099848, -9.523305475054601 ], [ -63.44791699879891, -9.523486366030021 ], [ -63.448099223192813, -9.523486132005765 ], [ -63.448099105294759, -9.523395686520555 ], [ -63.448007993122367, -9.523395803543448 ], [ -63.448007875249445, -9.523305358056634 ] ], [ [ -63.459397126388211, -9.523471436615392 ], [ -63.459306014338921, -9.523471556589994 ], [ -63.459306135186516, -9.523562001933831 ], [ -63.459215023112044, -9.523562121885798 ], [ -63.459215143936866, -9.523652567230325 ], [ -63.459306256035298, -9.523652447277197 ], [ -63.459306376885301, -9.523742892620097 ], [ -63.459488601126523, -9.523742652640141 ], [ -63.459488722025654, -9.523833097980248 ], [ -63.459670946310005, -9.523832857902784 ], [ -63.45967070441705, -9.523651967226741 ], [ -63.459488480228572, -9.523652207299559 ], [ -63.45948835933185, -9.523561761958513 ], [ -63.459397247259773, -9.52356188195807 ], [ -63.459397126388211, -9.523471436615392 ] ], [ [ -63.457210436874192, -9.523474309438438 ], [ -63.457119324796146, -9.523474428841961 ], [ -63.457119445068457, -9.523564874213566 ], [ -63.45721055717047, -9.523564754808886 ], [ -63.457210436874192, -9.523474309438438 ] ], [ [ -63.458941686881438, -9.523562481598924 ], [ -63.458850574802177, -9.523562601455712 ], [ -63.458850695531119, -9.523653046804872 ], [ -63.45866847132104, -9.523653286449376 ], [ -63.458668350640046, -9.523562841097897 ], [ -63.458577238557169, -9.523562960883298 ], [ -63.458577600531861, -9.523834296939802 ], [ -63.458395376218704, -9.523834536446163 ], [ -63.458395617445262, -9.524015427152783 ], [ -63.458486729650389, -9.524015307409185 ], [ -63.458486970929684, -9.524196198111616 ], [ -63.458395858676624, -9.524196317857527 ], [ -63.458395738060347, -9.524105872505388 ], [ -63.458213513598572, -9.524106111923512 ], [ -63.458213875307173, -9.524377447985454 ], [ -63.45848721221379, -9.524377088812162 ], [ -63.458487453502677, -9.524557979510833 ], [ -63.458669678196991, -9.524557739938356 ], [ -63.458669557503995, -9.52446729459157 ], [ -63.458851782145565, -9.524467054926214 ], [ -63.458851661405816, -9.524376609581278 ], [ -63.458942773700841, -9.524376489714063 ], [ -63.458942411416906, -9.524105153679912 ], [ -63.45885129919381, -9.524105273543649 ], [ -63.458851178458872, -9.524014828196831 ], [ -63.458760066258556, -9.524014948035614 ], [ -63.458759824840214, -9.523834057338256 ], [ -63.458668712686631, -9.523834177150928 ], [ -63.458668592003242, -9.523743731800387 ], [ -63.45903304051447, -9.523743252411567 ], [ -63.459032919736387, -9.523652807065188 ], [ -63.458941807634353, -9.52365292694693 ], [ -63.458941686881438, -9.523562481598924 ] ], [ [ -63.451926053285476, -9.523571640946809 ], [ -63.451834941114548, -9.523571758971364 ], [ -63.451835178882135, -9.52375264984628 ], [ -63.45192629110101, -9.52375253181944 ], [ -63.451926053285476, -9.523571640946809 ] ], [ [ -63.448828238812553, -9.523575640432627 ], [ -63.448646014389453, -9.523575874839867 ], [ -63.448646250479072, -9.523756765794364 ], [ -63.448828474998052, -9.523756531382588 ], [ -63.448828238812553, -9.523575640432627 ] ], [ [ -63.457210797766606, -9.523745645548381 ], [ -63.45711968561664, -9.523745764955367 ], [ -63.457119805892539, -9.523836210325561 ], [ -63.457210918066465, -9.523836090917417 ], [ -63.457210797766606, -9.523745645548381 ] ], [ [ -63.456846349159598, -9.523746123033554 ], [ -63.456755237004863, -9.523746242345359 ], [ -63.456755477366059, -9.52392713309451 ], [ -63.456846589568741, -9.523927013780398 ], [ -63.456846349159598, -9.523746123033554 ] ], [ [ -63.452381852177652, -9.523751941328308 ], [ -63.452290739964688, -9.523752059474127 ], [ -63.452290858970109, -9.523842504905172 ], [ -63.452381971207039, -9.523842386758211 ], [ -63.452381852177652, -9.523751941328308 ] ], [ [ -63.456664245004959, -9.52383680700933 ], [ -63.456573132823863, -9.523836926274695 ], [ -63.456573252957114, -9.523927371651345 ], [ -63.456482140750857, -9.523927490894067 ], [ -63.456482380973014, -9.52410838164826 ], [ -63.456573493227211, -9.524108262403233 ], [ -63.456573373091565, -9.524017817027522 ], [ -63.456664485320609, -9.524017697759849 ], [ -63.456664245004959, -9.52383680700933 ] ], [ [ -63.459215627248163, -9.524014348603739 ], [ -63.459124515052643, -9.524014468537704 ], [ -63.459124635859503, -9.524104913881045 ], [ -63.459215748078989, -9.524104793945918 ], [ -63.459215627248163, -9.524014348603739 ] ], [ [ -63.456755597548458, -9.52401757846838 ], [ -63.456664485320609, -9.524017697759849 ], [ -63.456664605480221, -9.524108143134406 ], [ -63.456755717732037, -9.524108023841785 ], [ -63.456755597548458, -9.52401757846838 ] ], [ [ -63.450013289478854, -9.524026341763131 ], [ -63.449922177163316, -9.524026459293671 ], [ -63.449922295549008, -9.524116904752926 ], [ -63.450013407888513, -9.524116787221253 ], [ -63.450013289478854, -9.524026341763131 ] ], [ [ -63.459306860297282, -9.524104673986994 ], [ -63.459215748078989, -9.524104793945918 ], [ -63.459215868911024, -9.524195239287629 ], [ -63.459306981153283, -9.524195119327544 ], [ -63.459306860297282, -9.524104673986994 ] ], [ [ -63.457575727944644, -9.524106949137348 ], [ -63.457393503461319, -9.524107188127132 ], [ -63.4573936238139, -9.524197633491987 ], [ -63.457575848345165, -9.524197394499891 ], [ -63.457575727944644, -9.524106949137348 ] ], [ [ -63.451562317480096, -9.524114785541906 ], [ -63.4512889805181, -9.524115139279166 ], [ -63.451289218012192, -9.524296030162127 ], [ -63.451471442750588, -9.524295794356524 ], [ -63.451471323955012, -9.52420534891756 ], [ -63.451562436298467, -9.524205230980201 ], [ -63.451562317480096, -9.524114785541906 ] ], [ [ -63.458031409652399, -9.52419679660321 ], [ -63.457849185133092, -9.524197035833271 ], [ -63.45784966703485, -9.524558817264886 ], [ -63.457758554677511, -9.524558936848843 ], [ -63.457758675131963, -9.524649382206729 ], [ -63.458214237026546, -9.524648784043171 ], [ -63.458214116452226, -9.524558338691071 ], [ -63.458123004099676, -9.524558458370223 ], [ -63.458122883550523, -9.524468013016492 ], [ -63.458031771220753, -9.524468132670687 ], [ -63.458031650696768, -9.524377687315331 ], [ -63.457940538389771, -9.524377806944573 ], [ -63.45794041789096, -9.524287361587591 ], [ -63.458031530173983, -9.524287241959506 ], [ -63.458031409652399, -9.52419679660321 ] ], [ [ -63.456755958102804, -9.524288914587178 ], [ -63.456664845803033, -9.524289033882107 ], [ -63.456664965966233, -9.524379479255256 ], [ -63.45675607828997, -9.524379359959173 ], [ -63.456755958102804, -9.524288914587178 ] ], [ [ -63.452564791081777, -9.524294377523953 ], [ -63.452473678727344, -9.524294495724218 ], [ -63.452473797787796, -9.524384941150165 ], [ -63.45256491016621, -9.524384822948758 ], [ -63.452564791081777, -9.524294377523953 ] ], [ [ -63.451835892213218, -9.524295322459755 ], [ -63.451744779849335, -9.524295440469642 ], [ -63.451744898718012, -9.524385885904721 ], [ -63.451836011105875, -9.524385767893692 ], [ -63.451835892213218, -9.524295322459755 ] ], [ [ -63.448829183582731, -9.524299204221203 ], [ -63.448738071179996, -9.524299321445788 ], [ -63.448738189257575, -9.524389766918381 ], [ -63.448829301684285, -9.524389649692663 ], [ -63.448829183582731, -9.524299204221203 ] ], [ [ -63.451927123492553, -9.524385649858866 ], [ -63.451836011105875, -9.524385767893692 ], [ -63.451836129999705, -9.524476213327159 ], [ -63.451927242410363, -9.52447609529119 ], [ -63.451927123492553, -9.524385649858866 ] ], [ [ -63.456665206296215, -9.524560370000142 ], [ -63.456574093923329, -9.52456048927473 ], [ -63.456574214066137, -9.524650934647621 ], [ -63.456391989268866, -9.524651173127712 ], [ -63.456391869174006, -9.524560727752517 ], [ -63.456300756797553, -9.524560846955714 ], [ -63.45630087686844, -9.524651292332061 ], [ -63.45620976446682, -9.524651411512611 ], [ -63.45621000456422, -9.524832302266207 ], [ -63.456301117013794, -9.524832183083351 ], [ -63.456301237088255, -9.524922628458292 ], [ -63.456392349560595, -9.524922509250485 ], [ -63.456392469660223, -9.525012954623806 ], [ -63.45648358215535, -9.525012835391047 ], [ -63.45648370228016, -9.525103280762742 ], [ -63.456392589761052, -9.525103399996654 ], [ -63.456392709863067, -9.525193845369035 ], [ -63.456483822406149, -9.525193726133974 ], [ -63.456484062661708, -9.525374616875018 ], [ -63.456575175251544, -9.52537449761385 ], [ -63.456575295405102, -9.525464942982516 ], [ -63.456757520629139, -9.525464704386478 ], [ -63.456757160028218, -9.52519336828599 ], [ -63.456666047488731, -9.52519348759245 ], [ -63.456665807142038, -9.525012596854138 ], [ -63.456756919633591, -9.525012477549984 ], [ -63.456756799438061, -9.524922032181278 ], [ -63.456665686970489, -9.524922151484278 ], [ -63.456665566800126, -9.524831706113948 ], [ -63.456756679243732, -9.5248315868121 ], [ -63.456756559050582, -9.524741141442455 ], [ -63.456665446630957, -9.524741260743149 ], [ -63.456665206296215, -9.524560370000142 ] ], [ [ -63.458669798891179, -9.524648185284669 ], [ -63.458578686520653, -9.524648305083964 ], [ -63.458578807192069, -9.52473875043097 ], [ -63.458669919586562, -9.524738630630516 ], [ -63.458669798891179, -9.524648185284669 ] ], [ [ -63.458214357602074, -9.524739229394807 ], [ -63.45812324520157, -9.52473934907627 ], [ -63.458123365754318, -9.524829794428594 ], [ -63.458214478178782, -9.524829674745972 ], [ -63.458214357602074, -9.524739229394807 ] ], [ [ -63.457849907992909, -9.524739707977874 ], [ -63.457758795587623, -9.524739827564146 ], [ -63.457758916044476, -9.524830272921093 ], [ -63.457850028473729, -9.524830153333665 ], [ -63.457849907992909, -9.524739707977874 ] ], [ [ -63.451836486688293, -9.524747549624742 ], [ -63.451745374204535, -9.524747667640332 ], [ -63.451745493079116, -9.524838113073061 ], [ -63.451836605586841, -9.524837995056332 ], [ -63.451836486688293, -9.524747549624742 ] ], [ [ -63.451380924257727, -9.52474813946472 ], [ -63.451289811768063, -9.52474825736132 ], [ -63.451289930522776, -9.52483870279975 ], [ -63.451381043036406, -9.52483858490201 ], [ -63.451380924257727, -9.52474813946472 ] ], [ [ -63.458670040283153, -9.524829075975891 ], [ -63.458396703024121, -9.524829435309334 ], [ -63.458396823649991, -9.524919880657716 ], [ -63.458670160980944, -9.524919521320799 ], [ -63.458670040283153, -9.524829075975891 ] ], [ [ -63.451472155548849, -9.524838466980471 ], [ -63.451381043036406, -9.52483858490201 ], [ -63.451381161816265, -9.524929030338829 ], [ -63.451472274352689, -9.524928912416151 ], [ -63.451472155548849, -9.524838466980471 ] ], [ [ -63.458123486308267, -9.524920239780442 ], [ -63.45794126140779, -9.524920479076602 ], [ -63.457941381914971, -9.525010924430298 ], [ -63.458123606863403, -9.525010685131825 ], [ -63.458123486308267, -9.524920239780442 ] ], [ [ -63.451472393157715, -9.525019357851365 ], [ -63.45138128059731, -9.525019475775181 ], [ -63.451381399379542, -9.525109921211062 ], [ -63.451472511963914, -9.525109803286105 ], [ -63.451472393157715, -9.525019357851365 ] ], [ [ -63.450652498662116, -9.525110863753962 ], [ -63.450561386067129, -9.525110981464728 ], [ -63.450561741773569, -9.5253823178003 ], [ -63.450652854440477, -9.525382200086122 ], [ -63.450652735846511, -9.525291754642536 ], [ -63.450834961128841, -9.525291519145055 ], [ -63.450834842488099, -9.525201073703281 ], [ -63.450652617253724, -9.525201309198485 ], [ -63.450652498662116, -9.525110863753962 ] ], [ [ -63.458214960497635, -9.525191456145931 ], [ -63.458123847977284, -9.52519157583318 ], [ -63.458123968536015, -9.525282021183154 ], [ -63.458215081080354, -9.525281901494747 ], [ -63.458214960497635, -9.525191456145931 ] ], [ [ -63.458032735455717, -9.525191695496627 ], [ -63.457759397883841, -9.525192054344178 ], [ -63.457759518346677, -9.525282499698781 ], [ -63.457850630895798, -9.525282380105574 ], [ -63.457850751383809, -9.525372825458543 ], [ -63.457941863955718, -9.525372705840383 ], [ -63.45794174344374, -9.525282260488563 ], [ -63.458032855990467, -9.525282140847757 ], [ -63.458032735455717, -9.525191695496627 ] ], [ [ -63.451837081192878, -9.525199776777992 ], [ -63.451654855984451, -9.525200012796782 ], [ -63.451655093698648, -9.525380903659359 ], [ -63.451746206351402, -9.52538078565958 ], [ -63.451746087469736, -9.52529034022967 ], [ -63.451837200097344, -9.525290222207232 ], [ -63.451837081192878, -9.525199776777992 ] ], [ [ -63.451472630771299, -9.525200248720379 ], [ -63.451290405553429, -9.525200484548776 ], [ -63.451290643075829, -9.525381375420473 ], [ -63.451472868389594, -9.525381139587516 ], [ -63.451472630771299, -9.525200248720379 ] ], [ [ -63.457577293244832, -9.525282738813795 ], [ -63.457486180692115, -9.525282858335604 ], [ -63.457486301084209, -9.525373303693197 ], [ -63.457577413660914, -9.525373184170235 ], [ -63.457577293244832, -9.525282738813795 ] ], [ [ -63.449559384053629, -9.525293165628263 ], [ -63.449468271396583, -9.525293283055708 ], [ -63.449468626246961, -9.525564619429371 ], [ -63.449559738975935, -9.525564501998517 ], [ -63.449559384053629, -9.525293165628263 ] ], [ [ -63.452110656950609, -9.52538031342247 ], [ -63.452019544302587, -9.52538043151745 ], [ -63.452019663257353, -9.525470876943471 ], [ -63.452110775929363, -9.525470758847352 ], [ -63.452110656950609, -9.52538031342247 ] ], [ [ -63.459217560685438, -9.525461474022269 ], [ -63.459126448106339, -9.525461593974788 ], [ -63.45912656893239, -9.525552039310613 ], [ -63.45921768153547, -9.525551919356937 ], [ -63.459217560685438, -9.525461474022269 ] ], [ [ -63.456575535715764, -9.525645833718437 ], [ -63.456484423054015, -9.525645952983066 ], [ -63.456484543187166, -9.525736398351475 ], [ -63.456393430500221, -9.525736517593451 ], [ -63.456393550610599, -9.525826962962544 ], [ -63.456484663321511, -9.525826843719415 ], [ -63.456484903593775, -9.526007734453882 ], [ -63.45666712910792, -9.52600749589161 ], [ -63.456666768557447, -9.525736159796116 ], [ -63.456575655872896, -9.525736279085697 ], [ -63.456575535715764, -9.525645833718437 ] ], [ [ -63.458671488735732, -9.525914420083781 ], [ -63.458580376029552, -9.52591453989929 ], [ -63.458580496717751, -9.52600498523972 ], [ -63.458671609447897, -9.526004865423054 ], [ -63.458671488735732, -9.525914420083781 ] ], [ [ -63.458124812480676, -9.525915138619817 ], [ -63.458033699767313, -9.525915258292521 ], [ -63.458033820311648, -9.526005703639893 ], [ -63.458124933048992, -9.526005583966036 ], [ -63.458124812480676, -9.525915138619817 ] ], [ [ -63.450562571796475, -9.526015435900204 ], [ -63.450471458960557, -9.526015553598548 ], [ -63.450471696072597, -9.526196444482283 ], [ -63.450562808956469, -9.526196326781667 ], [ -63.450562571796475, -9.526015435900204 ] ], [ [ -63.451656044602693, -9.526104467090882 ], [ -63.451564931756955, -9.526104585075984 ], [ -63.451565050601289, -9.526195030503949 ], [ -63.451656163471014, -9.526194912517711 ], [ -63.451656044602693, -9.526104467090882 ] ], [ [ -63.45302285637505, -9.526193139867875 ], [ -63.45293174352306, -9.526193258211144 ], [ -63.452932220350903, -9.526555039849804 ], [ -63.452841107401817, -9.526555158173846 ], [ -63.452841226587765, -9.526645603583477 ], [ -63.452932339560824, -9.526645485258296 ], [ -63.452932458771933, -9.526735930666314 ], [ -63.453023571767794, -9.526735812316183 ], [ -63.45302285637505, -9.526193139867875 ] ], [ [ -63.457031940970815, -9.526278354558878 ], [ -63.456940828147189, -9.526278473950578 ], [ -63.456940948408594, -9.526368919309938 ], [ -63.457032061256186, -9.526368799917078 ], [ -63.457031940970815, -9.526278354558878 ] ], [ [ -63.459583220503255, -9.526365447253335 ], [ -63.459400994873931, -9.526365687348177 ], [ -63.459401115783926, -9.526456132675829 ], [ -63.459492228623169, -9.52645601263915 ], [ -63.459492349558339, -9.52654645796517 ], [ -63.459583462420362, -9.526546337903527 ], [ -63.459583220503255, -9.526365447253335 ] ], [ [ -63.457578738316741, -9.526368083060081 ], [ -63.457487625476304, -9.526368202595755 ], [ -63.457487745882766, -9.526458647947715 ], [ -63.457578858747183, -9.52645852841089 ], [ -63.457578738316741, -9.526368083060081 ] ], [ [ -63.457305399791842, -9.526368441595691 ], [ -63.457214286947824, -9.526368561059956 ], [ -63.457214407282351, -9.526459006415383 ], [ -63.457123294413151, -9.526459125857 ], [ -63.457123414724897, -9.526549571213108 ], [ -63.457305640510043, -9.526549332303762 ], [ -63.457305399791842, -9.526368441595691 ] ], [ [ -63.454845352584393, -9.526371658776238 ], [ -63.454572013952188, -9.526372015169642 ], [ -63.454572133591348, -9.52646246055845 ], [ -63.454481020687595, -9.526462579309793 ], [ -63.454481259921522, -9.526643470088294 ], [ -63.454572372873244, -9.526643351334656 ], [ -63.454572492515965, -9.526733796722052 ], [ -63.454663605490467, -9.526733677943461 ], [ -63.454663725158348, -9.526824123329245 ], [ -63.454845951151754, -9.526823885698359 ], [ -63.454845831435904, -9.526733440314873 ], [ -63.454936944406846, -9.526733321464873 ], [ -63.454936585194488, -9.526461985315049 ], [ -63.454845472295482, -9.526462104161602 ], [ -63.454845352584393, -9.526371658776238 ] ], [ [ -63.458034423051302, -9.526457930369718 ], [ -63.45794331019286, -9.526458050025555 ], [ -63.457943551249151, -9.526638940716513 ], [ -63.457852438341568, -9.52663906035086 ], [ -63.457852679354687, -9.526819951042247 ], [ -63.458034905264569, -9.526819711745123 ], [ -63.458034423051302, -9.526457930369718 ] ], [ [ -63.457487745882766, -9.526458647947715 ], [ -63.457396633017154, -9.52645876746074 ], [ -63.457396753400829, -9.526549212813384 ], [ -63.457487866290421, -9.526549093299206 ], [ -63.457487745882766, -9.526458647947715 ] ], [ [ -63.456667730049254, -9.526459722708045 ], [ -63.456576617172892, -9.526459842006849 ], [ -63.456576737340761, -9.526550287369876 ], [ -63.456667850241104, -9.526550168069924 ], [ -63.456667730049254, -9.526459722708045 ] ], [ [ -63.452020971837882, -9.526465776598704 ], [ -63.451929858900947, -9.526465894683573 ], [ -63.451930096792076, -9.526646785526157 ], [ -63.452021209776966, -9.526646667439003 ], [ -63.452020971837882, -9.526465776598704 ] ], [ [ -63.459674575281177, -9.526546217818085 ], [ -63.459583462420362, -9.526546337903527 ], [ -63.459583583380713, -9.526636783227922 ], [ -63.459674696265509, -9.526636663141316 ], [ -63.459674575281177, -9.526546217818085 ] ], [ [ -63.457670212522814, -9.526639299548153 ], [ -63.457579099611628, -9.52663941911109 ], [ -63.457579220045659, -9.526729864460483 ], [ -63.457670332980811, -9.526729744896389 ], [ -63.457670212522814, -9.526639299548153 ] ], [ [ -63.457032422119482, -9.52664013598887 ], [ -63.456941309199941, -9.526640255385189 ], [ -63.456941549733472, -9.526821146099678 ], [ -63.457032662700975, -9.526821026701048 ], [ -63.457032422119482, -9.52664013598887 ] ], [ [ -63.456850196279198, -9.526640374757706 ], [ -63.456576857509823, -9.52664073273244 ], [ -63.456576977680086, -9.526731178094531 ], [ -63.456850316521397, -9.526730820116338 ], [ -63.456850196279198, -9.526640374757706 ] ], [ [ -63.449743384800833, -9.526649612476939 ], [ -63.449470045754254, -9.526649964881763 ], [ -63.449470164054155, -9.526740410333074 ], [ -63.449743503172684, -9.526740057924846 ], [ -63.449743384800833, -9.526649612476939 ] ], [ [ -63.451019085585791, -9.526738410520519 ], [ -63.450927972563939, -9.526738528346975 ], [ -63.450928091248691, -9.526828973779633 ], [ -63.451019204294525, -9.526828855952036 ], [ -63.451019085585791, -9.526738410520519 ] ], [ [ -63.452932577984228, -9.526826376073867 ], [ -63.452841464963214, -9.526826494401339 ], [ -63.452841822535255, -9.527097830624609 ], [ -63.452750709441098, -9.527097948931704 ], [ -63.452750947780416, -9.527278839747158 ], [ -63.452842060922521, -9.527278721437771 ], [ -63.452842180117941, -9.527369166843648 ], [ -63.452933293282847, -9.527369048509316 ], [ -63.452932816412357, -9.527007266887562 ], [ -63.453023929480153, -9.527007148534 ], [ -63.453023810241511, -9.52691670312853 ], [ -63.452932697197703, -9.526916821480951 ], [ -63.452932577984228, -9.526826376073867 ] ], [ [ -63.459219494430037, -9.526908599320588 ], [ -63.459037268503359, -9.526908839238924 ], [ -63.45903751014712, -9.527089729897398 ], [ -63.459128623159025, -9.527089609947815 ], [ -63.459128502312552, -9.526999164619969 ], [ -63.459219615299283, -9.526999044647743 ], [ -63.459219494430037, -9.526908599320588 ] ], [ [ -63.458946155538221, -9.526908959162384 ], [ -63.458855042571876, -9.526909079062042 ], [ -63.458855163345206, -9.526999524393831 ], [ -63.458946276335524, -9.526999404493013 ], [ -63.458946155538221, -9.526908959162384 ] ], [ [ -63.458763929604345, -9.526909198937897 ], [ -63.458672816635605, -9.526909318789947 ], [ -63.458673058087527, -9.52709020945769 ], [ -63.458764171104228, -9.527090089603325 ], [ -63.458763929604345, -9.526909198937897 ] ], [ [ -63.457943912842559, -9.526910276749422 ], [ -63.457488347932987, -9.526910874700473 ], [ -63.457488468346625, -9.527001320049617 ], [ -63.457397355337136, -9.52700143956957 ], [ -63.457397475727987, -9.527091884919399 ], [ -63.457670814824787, -9.527091526284657 ], [ -63.45767093528876, -9.527181971630551 ], [ -63.45776204834263, -9.527181852036874 ], [ -63.457762168831785, -9.527272297381142 ], [ -63.45785328190842, -9.527272177762503 ], [ -63.457853161395278, -9.52718173241939 ], [ -63.458035387496999, -9.527181493113012 ], [ -63.458035266937095, -9.527091047771746 ], [ -63.458217492986073, -9.527090808372465 ], [ -63.458217372379401, -9.527000363033039 ], [ -63.457944033376087, -9.527000722092785 ], [ -63.457943912842559, -9.526910276749422 ] ], [ [ -63.457397234947479, -9.526910994219275 ], [ -63.457032782993522, -9.526911472056435 ], [ -63.457032903287256, -9.527001917411349 ], [ -63.457124016301513, -9.527001797986612 ], [ -63.457124256940538, -9.527182688692726 ], [ -63.457215370001563, -9.527182569241875 ], [ -63.457215249657473, -9.527092123890206 ], [ -63.457306362693323, -9.527092004416705 ], [ -63.457306242326453, -9.527001559065722 ], [ -63.457397355337136, -9.52700143956957 ], [ -63.457397234947479, -9.526910994219275 ] ], [ [ -63.455848314011178, -9.526913022396904 ], [ -63.455757201004189, -9.526913141487238 ], [ -63.455757440921431, -9.527094032228868 ], [ -63.455848553976374, -9.527093913136232 ], [ -63.455848314011178, -9.526913022396904 ] ], [ [ -63.452750471106526, -9.526917058114375 ], [ -63.452659358059151, -9.526917176395385 ], [ -63.452659477201877, -9.527007621805426 ], [ -63.452750590273219, -9.527007503523276 ], [ -63.452750471106526, -9.526917058114375 ] ], [ [ -63.452203792804582, -9.526917767443367 ], [ -63.452112679750108, -9.526917885581552 ], [ -63.452112798748956, -9.527008330998449 ], [ -63.452203911827404, -9.527008212859119 ], [ -63.452203792804582, -9.526917767443367 ] ], [ [ -63.459401841269113, -9.526998804631877 ], [ -63.459310728284798, -9.526998924651711 ], [ -63.459310849179211, -9.527089369977235 ], [ -63.459401962187513, -9.527089249956239 ], [ -63.459401841269113, -9.526998804631877 ] ], [ [ -63.450746102430621, -9.527010100231877 ], [ -63.450654989333287, -9.527010217990339 ], [ -63.450655107949643, -9.527100663425003 ], [ -63.450746221070951, -9.5271005456654 ], [ -63.450746102430621, -9.527010100231877 ] ], [ [ -63.458673178815303, -9.527180654790858 ], [ -63.458582065773427, -9.527180774622577 ], [ -63.458582186478402, -9.527271219956434 ], [ -63.458673299544259, -9.527271100123556 ], [ -63.458673178815303, -9.527180654790858 ] ], [ [ -63.451839697363894, -9.527189576112839 ], [ -63.451566357966961, -9.527189930180599 ], [ -63.451566714546026, -9.52746126644619 ], [ -63.451657827751461, -9.527461148443987 ], [ -63.451658184413091, -9.527732484701927 ], [ -63.45174929768929, -9.527732366672494 ], [ -63.451749416602837, -9.527822812089731 ], [ -63.45184052990183, -9.527822694035354 ], [ -63.451840292027939, -9.527641803202696 ], [ -63.451749178776907, -9.527641921254791 ], [ -63.451749059865712, -9.527551475836617 ], [ -63.451931286318647, -9.527551239710901 ], [ -63.451931167360669, -9.527460794294539 ], [ -63.451748940955703, -9.527461030417973 ], [ -63.451748822046873, -9.527370584998865 ], [ -63.451657708866605, -9.527370703023731 ], [ -63.451657589982943, -9.52728025760301 ], [ -63.451839816294338, -9.527280021531746 ], [ -63.451839697363894, -9.527189576112839 ] ], [ [ -63.452750947780416, -9.527278839747158 ], [ -63.452659834637139, -9.527278958032737 ], [ -63.452660072933227, -9.527459848848595 ], [ -63.45275118612448, -9.527459730560729 ], [ -63.452750947780416, -9.527278839747158 ] ], [ [ -63.459493438028957, -9.527360465878234 ], [ -63.459402324949927, -9.527360585926512 ], [ -63.459402445873131, -9.527451031249001 ], [ -63.459493558976149, -9.52745091119956 ], [ -63.459493438028957, -9.527360465878234 ] ], [ [ -63.459402445873131, -9.527451031249001 ], [ -63.459311332768912, -9.527451151274635 ], [ -63.459311453669343, -9.527541596597811 ], [ -63.459402566797536, -9.527541476571015 ], [ -63.459402445873131, -9.527451031249001 ] ], [ [ -63.457762409813697, -9.527453188068264 ], [ -63.457671296687906, -9.527453307665409 ], [ -63.457671417156675, -9.527543753009423 ], [ -63.457489190853536, -9.527543992134609 ], [ -63.457489311275538, -9.527634437480465 ], [ -63.45739819809819, -9.527634557008506 ], [ -63.457398438897833, -9.527815447701119 ], [ -63.457489552123143, -9.527815328170767 ], [ -63.457489672548725, -9.527905773515212 ], [ -63.457763012289412, -9.527905414777859 ], [ -63.457762891791887, -9.52781496943688 ], [ -63.4578540050124, -9.52781484981131 ], [ -63.457853643455024, -9.527543513789016 ], [ -63.457762530306454, -9.527543633411124 ], [ -63.457762409813697, -9.527453188068264 ] ], [ [ -63.450018145239909, -9.527734605160896 ], [ -63.449835918641547, -9.527734840291332 ], [ -63.44983603705149, -9.527825285732474 ], [ -63.450018263697807, -9.527825050599764 ], [ -63.450018145239909, -9.527734605160896 ] ], [ [ -63.449744805340607, -9.527734957820844 ], [ -63.449562578735204, -9.527735192808445 ], [ -63.449562697073198, -9.527825638252988 ], [ -63.449744923726563, -9.527825403263117 ], [ -63.449744805340607, -9.527734957820844 ] ], [ [ -63.459858495560653, -9.527812212025784 ], [ -63.459767382366515, -9.527812332175088 ], [ -63.45976750339166, -9.527902777490583 ], [ -63.459858616609765, -9.527902657340116 ], [ -63.459858495560653, -9.527812212025784 ] ], [ [ -63.459767624417999, -9.527993222805607 ], [ -63.459676511174692, -9.527993342933428 ], [ -63.459676753183018, -9.528174233564393 ], [ -63.45976786647428, -9.52817411343425 ], [ -63.459767624417999, -9.527993222805607 ] ], [ [ -63.44965404712795, -9.528006411655362 ], [ -63.449562933752709, -9.528006529140665 ], [ -63.449563052094227, -9.528096974583798 ], [ -63.449654165493449, -9.528096857097363 ], [ -63.44965404712795, -9.528006411655362 ] ], [ [ -63.449745278891498, -9.528096739587117 ], [ -63.449654165493449, -9.528096857097363 ], [ -63.44965428386012, -9.528187302538893 ], [ -63.44974539728215, -9.528187185027512 ], [ -63.449745278891498, -9.528096739587117 ] ], [ [ -63.450109969446267, -9.528277160179298 ], [ -63.449927742562487, -9.528277395370983 ], [ -63.449927861003452, -9.528367840808166 ], [ -63.449745634067007, -9.528368075906892 ], [ -63.449745515673989, -9.528277630467437 ], [ -63.449381061882903, -9.528278100374656 ], [ -63.449381298478229, -9.528458991262179 ], [ -63.449927979445619, -9.528458286244879 ], [ -63.449928097888943, -9.528548731681125 ], [ -63.450019211403372, -9.528548614093781 ], [ -63.45001909293606, -9.52845816865867 ], [ -63.45029243340035, -9.528457815757195 ], [ -63.450292551939611, -9.528548261188893 ], [ -63.450383665449337, -9.528548143506313 ], [ -63.450383546886094, -9.528457698075751 ], [ -63.450474660370659, -9.528457580370507 ], [ -63.45047477895789, -9.528548025799926 ], [ -63.450657005971451, -9.528547790315731 ], [ -63.450656768702224, -9.528366899460963 ], [ -63.450110087935215, -9.528367605614211 ], [ -63.450109969446267, -9.528277160179298 ] ], [ [ -63.446009980835868, -9.528372874444475 ], [ -63.445918867317872, -9.528372990982023 ], [ -63.445918984704754, -9.528463436468501 ], [ -63.446010098246731, -9.528463319929832 ], [ -63.446009980835868, -9.528372874444475 ] ], [ [ -63.452023589427867, -9.528455575738704 ], [ -63.451932475963361, -9.528455693848684 ], [ -63.45193259493432, -9.528546139259879 ], [ -63.452023708422814, -9.528546021148758 ], [ -63.452023589427867, -9.528455575738704 ] ], [ [ -63.450839351664641, -9.528638000160708 ], [ -63.449381535078253, -9.528639882147822 ], [ -63.449382008292417, -9.529001663913474 ], [ -63.449290894649842, -9.529001781339836 ], [ -63.44929231411728, -9.530087126605316 ], [ -63.449656769831897, -9.530086656702528 ], [ -63.449656888224432, -9.530177102133727 ], [ -63.449474660321499, -9.530177337135015 ], [ -63.449474897014156, -9.530358228000537 ], [ -63.449748239010724, -9.53035787545608 ], [ -63.449748357430778, -9.53044832088473 ], [ -63.449383901337036, -9.530448790900927 ], [ -63.449384137988766, -9.530629681765905 ], [ -63.450021936476304, -9.53062885897163 ], [ -63.450021817981941, -9.530538413547326 ], [ -63.449839589896492, -9.530538648748198 ], [ -63.449839471451277, -9.53044820332115 ], [ -63.450021699488737, -9.53044796812255 ], [ -63.450021580996726, -9.530357522697305 ], [ -63.450294922972127, -9.530357169724221 ], [ -63.45029516010127, -9.530538060567419 ], [ -63.450112932022897, -9.530538295911171 ], [ -63.450113050541255, -9.530628741334338 ], [ -63.450204164605019, -9.530628623673234 ], [ -63.450204283148551, -9.530719069094793 ], [ -63.450477625404758, -9.530718715965188 ], [ -63.450477744021434, -9.530809161382869 ], [ -63.450568858128463, -9.530809043624236 ], [ -63.450568739487807, -9.530718598207693 ], [ -63.450659853569675, -9.530718480426383 ], [ -63.450659972234327, -9.530808925841791 ], [ -63.450933314544848, -9.530808572351566 ], [ -63.450933433282636, -9.53089901776309 ], [ -63.45111566153173, -9.530898781981595 ], [ -63.451115542745946, -9.530808336572351 ], [ -63.451024428645987, -9.530808454473865 ], [ -63.45102407236768, -9.530537118239904 ], [ -63.450932958338512, -9.53053723611419 ], [ -63.45093272087351, -9.530356345286915 ], [ -63.450750492907581, -9.530356580959493 ], [ -63.450750611591502, -9.530447026375642 ], [ -63.450659497582791, -9.530447144177348 ], [ -63.450659260264082, -9.530266253342312 ], [ -63.450294804409317, -9.530266724301917 ], [ -63.450294685847673, -9.530176278879141 ], [ -63.450385799789153, -9.530176161176096 ], [ -63.450385681204708, -9.530085715753989 ], [ -63.450750136862865, -9.530085244708236 ], [ -63.450750018183648, -9.529994799290213 ], [ -63.451114473726989, -9.529994327868023 ], [ -63.451114236180203, -9.529813437039671 ], [ -63.451023122344104, -9.529813554928658 ], [ -63.451022766104728, -9.529542218679191 ], [ -63.451113879868856, -9.529542100793623 ], [ -63.451113523568125, -9.529270764543345 ], [ -63.451204637259117, -9.529270646637382 ], [ -63.45120439968322, -9.52908975580379 ], [ -63.451113286040204, -9.529089873707477 ], [ -63.45111316727801, -9.52899942828884 ], [ -63.451204280897045, -9.528999310386295 ], [ -63.451204043328225, -9.528818419549888 ], [ -63.451112929757151, -9.528818537450155 ], [ -63.451112810998495, -9.528728092030105 ], [ -63.450839470350168, -9.528728445584639 ], [ -63.450839351664641, -9.528638000160708 ] ], [ [ -63.459950819538705, -9.528716544963268 ], [ -63.459859706105952, -9.528716665147989 ], [ -63.459859827167087, -9.528807110457628 ], [ -63.459950940623834, -9.528806990271743 ], [ -63.459950819538705, -9.528716544963268 ] ], [ [ -63.456215167812225, -9.528721453014144 ], [ -63.456032940847329, -9.528721691407506 ], [ -63.456033301012326, -9.528993027480704 ], [ -63.456124414567327, -9.528992908292475 ], [ -63.456124534648687, -9.529083353648115 ], [ -63.456306761803084, -9.529083115197919 ], [ -63.456306401418651, -9.528811779136502 ], [ -63.456215287914006, -9.528811898370044 ], [ -63.456215167812225, -9.528721453014144 ] ], [ [ -63.452661860304801, -9.528816529907655 ], [ -63.45257074675262, -9.52881664818886 ], [ -63.452570865896213, -9.528907093590183 ], [ -63.452661979472374, -9.528906975307835 ], [ -63.452661860304801, -9.528816529907655 ] ], [ [ -63.452479633199268, -9.528816766446255 ], [ -63.452388519644735, -9.528816884679843 ], [ -63.452388638740352, -9.528907330083449 ], [ -63.452479752318879, -9.528907211848718 ], [ -63.452479633199268, -9.528816766446255 ] ], [ [ -63.447832840414975, -9.528822766003225 ], [ -63.44774172680043, -9.528822883022572 ], [ -63.447741962546409, -9.529003773945233 ], [ -63.447650848882724, -9.529003890943034 ], [ -63.447650731033136, -9.528913445480807 ], [ -63.447559617392251, -9.528913562453669 ], [ -63.447559853044638, -9.529094453379908 ], [ -63.447377625663442, -9.529094687258723 ], [ -63.44737786122456, -9.529275578187608 ], [ -63.447560088701707, -9.529275344304274 ], [ -63.447560206531982, -9.529365789765754 ], [ -63.447651320292792, -9.529365672787241 ], [ -63.447651438148235, -9.529456118247118 ], [ -63.447833665714299, -9.5294558842164 ], [ -63.447833429908634, -9.529274993300698 ], [ -63.447742316174157, -9.529275110325701 ], [ -63.44774208042115, -9.529094219405858 ], [ -63.447833194107666, -9.529094102383118 ], [ -63.447832840414975, -9.528822766003225 ] ], [ [ -63.445555234295348, -9.529006575321125 ], [ -63.445464120603646, -9.529006691747506 ], [ -63.44546423787876, -9.529097137236322 ], [ -63.445555351594457, -9.529097020808816 ], [ -63.445555234295348, -9.529006575321125 ] ], [ [ -63.453846814299823, -9.529176771623815 ], [ -63.453755700667109, -9.529176890219118 ], [ -63.453755820127242, -9.529267335603684 ], [ -63.453846933783936, -9.529267217007238 ], [ -63.453846814299823, -9.529176771623815 ] ], [ [ -63.457035911018949, -9.529263051131602 ], [ -63.456944797403935, -9.529263170561382 ], [ -63.456945158309964, -9.529534506591547 ], [ -63.456854044621785, -9.529534626000979 ], [ -63.456854164902204, -9.529625071344581 ], [ -63.45694527861437, -9.529624951933993 ], [ -63.456945519226736, -9.529805842617483 ], [ -63.456854405466615, -9.529805962030379 ], [ -63.4568545257506, -9.529896407372568 ], [ -63.457036753317652, -9.529896168520661 ], [ -63.457036512654902, -9.52971527784042 ], [ -63.457127626388669, -9.529715158381057 ], [ -63.457127746743424, -9.529805603720263 ], [ -63.457218860499971, -9.529805484235933 ], [ -63.457218980879922, -9.529895929573508 ], [ -63.457310094659256, -9.529895810064215 ], [ -63.457309974255324, -9.529805364727794 ], [ -63.457583315514228, -9.529805006060512 ], [ -63.457583195039518, -9.529714560727081 ], [ -63.457492081311749, -9.529714680305499 ], [ -63.457491840413915, -9.529533789634923 ], [ -63.457036271996948, -9.5295343871583 ], [ -63.457035911018949, -9.529263051131602 ] ], [ [ -63.456489349491797, -9.529354212702774 ], [ -63.456398235845626, -9.529354331990849 ], [ -63.45639847616301, -9.529535222690994 ], [ -63.456489589857142, -9.529535103400612 ], [ -63.456489349491797, -9.529354212702774 ] ], [ [ -63.457674188268619, -9.529623995792116 ], [ -63.457583074566024, -9.529624115393187 ], [ -63.457583195039518, -9.529714560727081 ], [ -63.457674308766109, -9.529714441124854 ], [ -63.457674188268619, -9.529623995792116 ] ], [ [ -63.446831649325681, -9.529638061145398 ], [ -63.446467193945551, -9.529638528072958 ], [ -63.446467429040972, -9.529819419018779 ], [ -63.446740770721739, -9.529819068852056 ], [ -63.446740653101493, -9.529728623382768 ], [ -63.446831766968749, -9.529728506614031 ], [ -63.446831649325681, -9.529638061145398 ] ], [ [ -63.447013994699795, -9.52972827300513 ], [ -63.446922880834848, -9.529728389821484 ], [ -63.446922998503084, -9.529818835288522 ], [ -63.447014112392011, -9.529818718471036 ], [ -63.447013994699795, -9.52972827300513 ] ], [ [ -63.457492322214364, -9.529895570974192 ], [ -63.45740120843741, -9.529895690531109 ], [ -63.457401328866531, -9.529986135865906 ], [ -63.457492442667466, -9.529986016307836 ], [ -63.457492322214364, -9.529895570974192 ] ], [ [ -63.447834255248921, -9.529908111497438 ], [ -63.44774314134655, -9.529908228530353 ], [ -63.447743259232993, -9.529998673986283 ], [ -63.44783437315936, -9.529998556952235 ], [ -63.447834255248921, -9.529908111497438 ] ], [ [ -63.447196457907694, -9.52990893022781 ], [ -63.44710534399713, -9.529909047094046 ], [ -63.447105461715665, -9.529999492557883 ], [ -63.446923233843052, -9.529999726221181 ], [ -63.446923469187688, -9.530180617151959 ], [ -63.446832355201636, -9.530180733950147 ], [ -63.446832472851717, -9.53027117941596 ], [ -63.446559130814641, -9.530271529671033 ], [ -63.446559013236516, -9.530181084201836 ], [ -63.446467899245803, -9.530181200904774 ], [ -63.446468251911696, -9.530452537314337 ], [ -63.446741594096217, -9.530452187123936 ], [ -63.446741829356576, -9.530633078054535 ], [ -63.44683294346374, -9.530632961274517 ], [ -63.446833061119655, -9.53072340673798 ], [ -63.447106403506062, -9.53072305625167 ], [ -63.447106285778176, -9.530632610791589 ], [ -63.447288513981945, -9.530632377017243 ], [ -63.447288396207256, -9.530541931558949 ], [ -63.447197282129942, -9.530542048456903 ], [ -63.447197046632013, -9.530361157536655 ], [ -63.447105932601509, -9.530361274408534 ], [ -63.447105697156253, -9.530180383484151 ], [ -63.447196811138788, -9.530180266614526 ], [ -63.447196457907694, -9.52990893022781 ] ], [ [ -63.457674670265753, -9.52998577712026 ], [ -63.457492442667466, -9.529986016307836 ], [ -63.457492563121761, -9.530076461641009 ], [ -63.457674790768024, -9.530076222451124 ], [ -63.457674670265753, -9.52998577712026 ] ], [ [ -63.447469917446874, -9.529999024945553 ], [ -63.447378803515832, -9.529999141884355 ], [ -63.447378921307497, -9.530089587344332 ], [ -63.447470035262533, -9.530089470404402 ], [ -63.447469917446874, -9.529999024945553 ] ], [ [ -63.450932364684874, -9.530085009042489 ], [ -63.450841250774459, -9.53008512688727 ], [ -63.450841369478844, -9.530175572303687 ], [ -63.45093248341324, -9.530175454457769 ], [ -63.450932364684874, -9.530085009042489 ] ], [ [ -63.447561149216405, -9.53008935344066 ], [ -63.447470035262533, -9.530089470404402 ], [ -63.447470153079365, -9.530179915862785 ], [ -63.447561267057218, -9.530179798897912 ], [ -63.447561149216405, -9.53008935344066 ] ], [ [ -63.447378921307497, -9.530089587344332 ], [ -63.447287807351294, -9.530089704260451 ], [ -63.44728792512015, -9.530180149721092 ], [ -63.44737903910034, -9.530180032803843 ], [ -63.447378921307497, -9.530089587344332 ] ], [ [ -63.457766025116804, -9.530166548149698 ], [ -63.457583797424974, -9.53016678738952 ], [ -63.457583917905644, -9.530257232720597 ], [ -63.457766145645465, -9.530256993478465 ], [ -63.457766025116804, -9.530166548149698 ] ], [ [ -63.450841369478844, -9.530175572303687 ], [ -63.450659141606494, -9.530175807924087 ], [ -63.450659260264082, -9.530266253342312 ], [ -63.450841488184395, -9.530266017719633 ], [ -63.450841369478844, -9.530175572303687 ] ], [ [ -63.456490671560317, -9.530349111517632 ], [ -63.456399557650286, -9.530349230818386 ], [ -63.456399677821501, -9.530439676163526 ], [ -63.456490791755527, -9.530439556861616 ], [ -63.456490671560317, -9.530349111517632 ] ], [ [ -63.448564347501964, -9.530811628813206 ], [ -63.448382119234999, -9.530811863258856 ], [ -63.448382237301097, -9.530902308702169 ], [ -63.448564465616023, -9.530902074254255 ], [ -63.448564347501964, -9.530811628813206 ] ] ] } },
{ "type": "Feature", "properties": { "area_m2": 9400.0 }, "geometry": { "type": "Polygon", "coordinates": [ [ [ -63.4609559799271, -9.530885908326812 ], [ -63.460956222684054, -9.531066798895166 ], [ -63.46086510864086, -9.531066919372037 ], [ -63.460865229997161, -9.531157364656671 ], [ -63.460956344064336, -9.531157244178637 ], [ -63.460956465445818, -9.531247689461642 ], [ -63.460865351354663, -9.53124780994084 ], [ -63.460865472713358, -9.531338255224536 ], [ -63.461138815055222, -9.531337893712003 ], [ -63.461139057920185, -9.531518784271 ], [ -63.461047943759453, -9.531518904801324 ], [ -63.461048065169763, -9.531609350081283 ], [ -63.460865836796692, -9.531609591072804 ], [ -63.460865715434387, -9.531519145790519 ], [ -63.460774601270039, -9.531519266249395 ], [ -63.460774479932923, -9.531428820965472 ], [ -63.460592251648585, -9.531429061809449 ], [ -63.460592494228081, -9.531609952381473 ], [ -63.460683608418826, -9.531609831969066 ], [ -63.460683729734356, -9.53170027725321 ], [ -63.46086595816022, -9.531700036354623 ], [ -63.460866200890884, -9.531880926916847 ], [ -63.460957315149997, -9.531880806429504 ], [ -63.460957436541122, -9.531971251708745 ], [ -63.461048550823023, -9.531971131196419 ], [ -63.461048672239343, -9.53206157647403 ], [ -63.460775329318061, -9.532061937943048 ], [ -63.460775693358343, -9.532333273783532 ], [ -63.460684578976853, -9.532333394229061 ], [ -63.460684700302025, -9.532423839509446 ], [ -63.460593585895346, -9.532423959932323 ], [ -63.4605933432942, -9.532243069368759 ], [ -63.460502228934303, -9.532243189765492 ], [ -63.46050283532626, -9.532695416176695 ], [ -63.46041172084518, -9.532695536555424 ], [ -63.460411357078385, -9.532424200706622 ], [ -63.460320242668097, -9.532424321058045 ], [ -63.460319636534123, -9.531972094628166 ], [ -63.460410750824451, -9.531971974282555 ], [ -63.460410629577275, -9.531881528996333 ], [ -63.460319515310935, -9.531881649340782 ], [ -63.46031939408897, -9.531791204052924 ], [ -63.460228279845424, -9.531791324372396 ], [ -63.460227916258674, -9.531519988502524 ], [ -63.460319030430249, -9.531519868186543 ], [ -63.460318787997124, -9.531338977606602 ], [ -63.460592130360652, -9.531338616522737 ], [ -63.460592009073927, -9.531248171235548 ], [ -63.46050089497794, -9.531248291619489 ], [ -63.460500531196942, -9.530976955751623 ], [ -63.460409417171725, -9.530977076108261 ], [ -63.460409295937801, -9.530886630816868 ], [ -63.4609559799271, -9.530885908326812 ] ], [ [ -63.460773994596472, -9.531067039825093 ], [ -63.460591766504081, -9.531067280659768 ], [ -63.460591887788397, -9.531157725947891 ], [ -63.460774115928778, -9.531157485110894 ], [ -63.460773994596472, -9.531067039825093 ] ], [ [ -63.460684093688201, -9.531971613102822 ], [ -63.460592979401497, -9.531971733519885 ], [ -63.460593100697849, -9.532062178803312 ], [ -63.46068421500857, -9.532062058385087 ], [ -63.460684093688201, -9.531971613102822 ] ] ] } },
{ "type": "Feature", "properties": { "area_m2": 7200.0 }, "geometry": { "type": "Polygon", "coordinates": [ [ [ -63.448018606480836, -9.531535895433953 ], [ -63.448018960422843, -9.531807231764784 ], [ -63.448201189226985, -9.531806997484749 ], [ -63.448200953168502, -9.531626106602523 ], [ -63.44847429622196, -9.531625755010644 ], [ -63.448474532424392, -9.531806645886077 ], [ -63.448565646821187, -9.531806528638887 ], [ -63.448565764948157, -9.531896974074771 ], [ -63.448474650527366, -9.531897091323092 ], [ -63.448474886736832, -9.532077982195705 ], [ -63.448566001205599, -9.532077864945116 ], [ -63.448566119336093, -9.532168310379589 ], [ -63.448748348318098, -9.532168075804696 ], [ -63.448748584678562, -9.532348966667694 ], [ -63.448930813751851, -9.532348731993 ], [ -63.448930577295407, -9.532167841134536 ], [ -63.449021691782313, -9.532167723763729 ], [ -63.44902181003394, -9.532258169192065 ], [ -63.449112924543655, -9.532258051796306 ], [ -63.449113161098417, -9.532438942649298 ], [ -63.449295390210303, -9.532438707781795 ], [ -63.449295626865734, -9.532619598628372 ], [ -63.449113397657868, -9.532619833500412 ], [ -63.449113515939352, -9.532710278925261 ], [ -63.44920463056787, -9.532710161500017 ], [ -63.44920486718236, -9.53289105234604 ], [ -63.449295981857681, -9.532890934894708 ], [ -63.449296100190693, -9.532981380315881 ], [ -63.44911387079086, -9.532981615196995 ], [ -63.449113752505852, -9.532891169773553 ], [ -63.449022637828179, -9.532891287177248 ], [ -63.449022401309662, -9.53271039632669 ], [ -63.448840172046765, -9.532710631058086 ], [ -63.448839935628932, -9.53252974020111 ], [ -63.448748821043715, -9.532529857528816 ], [ -63.448748702860549, -9.532439412098489 ], [ -63.448657588298147, -9.532439529401245 ], [ -63.448657470140155, -9.532349083969315 ], [ -63.448566355600569, -9.532349201247117 ], [ -63.448566237467745, -9.532258755813588 ], [ -63.448201779393671, -9.532259224682095 ], [ -63.448201661357999, -9.532168779243564 ], [ -63.448019432361917, -9.532169013532648 ], [ -63.448019196390042, -9.531988122649656 ], [ -63.447928081938223, -9.531988239756211 ], [ -63.447927846019013, -9.531807348869076 ], [ -63.447836731614025, -9.531807465949553 ], [ -63.447836377815968, -9.531536129611936 ], [ -63.448018606480836, -9.531535895433953 ] ] ] } },
{ "type": "Feature", "properties": { "area_m2": 5700.0 }, "geometry": { "type": "Polygon", "coordinates": [ [ [ -63.452938897930103, -9.53161998200202 ], [ -63.452939017206333, -9.531710427384207 ], [ -63.452847902890092, -9.53171054577343 ], [ -63.45284802214352, -9.531800991156292 ], [ -63.452939136483749, -9.531800872765924 ], [ -63.452939375042142, -9.531981763527952 ], [ -63.452848260653923, -9.531981881920604 ], [ -63.452848499169065, -9.532162772683037 ], [ -63.45293961360526, -9.532162654288097 ], [ -63.452939971458825, -9.532433990424792 ], [ -63.452848856950638, -9.532434108823166 ], [ -63.452848976213538, -9.53252455420227 ], [ -63.45294009074572, -9.532524435802756 ], [ -63.452940448613489, -9.532795771933811 ], [ -63.452849334009336, -9.532795890336756 ], [ -63.452849453276968, -9.532886335713981 ], [ -63.452940567905131, -9.53288621730989 ], [ -63.452940687197938, -9.532976662685503 ], [ -63.452849572545787, -9.532976781090735 ], [ -63.452849930359335, -9.533248117218173 ], [ -63.452485471450935, -9.533248590614633 ], [ -63.452485352274564, -9.533158145234715 ], [ -63.45266758168313, -9.533157908586412 ], [ -63.452666985579008, -9.532705681691214 ], [ -63.452575870995283, -9.532705800021562 ], [ -63.452575275040708, -9.532253573108902 ], [ -63.452666389504458, -9.53225345478427 ], [ -63.452666270293093, -9.532163009401469 ], [ -63.452575155853339, -9.53216312772496 ], [ -63.452575036667156, -9.532072682340548 ], [ -63.452483922250217, -9.532072800639076 ], [ -63.452483803089208, -9.531982355253053 ], [ -63.452574917482167, -9.531982236955663 ], [ -63.452574679115706, -9.531801346184492 ], [ -63.452665793459488, -9.531801227865577 ], [ -63.452665555049791, -9.531620337094811 ], [ -63.452938897930103, -9.53161998200202 ] ], [ [ -63.452757146264517, -9.531982000289442 ], [ -63.452666031873932, -9.531982118634463 ], [ -63.452666151082916, -9.5320725640182 ], [ -63.452757265497496, -9.532072445672037 ], [ -63.452757146264517, -9.531982000289442 ] ] ] } },
{ "type": "Feature", "properties": { "area_m2": 16300.0 }, "geometry": { "type": "Polygon", "coordinates": [ [ [ -63.45111613668665, -9.53126056361387 ], [ -63.451116255478333, -9.531351009020765 ], [ -63.451480712442162, -9.531350537149219 ], [ -63.45148083133099, -9.531440982551086 ], [ -63.451298602803448, -9.53144121853677 ], [ -63.451298959333037, -9.531712554746385 ], [ -63.451207844995515, -9.531712672706925 ], [ -63.451207963817097, -9.53180311811033 ], [ -63.451390192538923, -9.531802882163163 ], [ -63.451390311409661, -9.531893327563822 ], [ -63.451481425792799, -9.531893209553372 ], [ -63.451481544688704, -9.53198365495242 ], [ -63.451572659094658, -9.531983536917014 ], [ -63.451572778015723, -9.532073982314451 ], [ -63.451390549154659, -9.532074218363725 ], [ -63.451390786904376, -9.532255109161753 ], [ -63.451481901383495, -9.532254991146745 ], [ -63.451482139185927, -9.532435881940607 ], [ -63.451755482760142, -9.532435527745839 ], [ -63.451755601735108, -9.532525973138647 ], [ -63.451664487187557, -9.532526091228529 ], [ -63.451664844047563, -9.532797427407553 ], [ -63.451573729426855, -9.532797545477036 ], [ -63.451573848358557, -9.532887990870249 ], [ -63.451664963003267, -9.532887872799623 ], [ -63.451665081960137, -9.532978318191221 ], [ -63.451847311294017, -9.532978081976236 ], [ -63.451847192289144, -9.532887636586917 ], [ -63.451938306930309, -9.532887518444836 ], [ -63.451938187902627, -9.532797073056189 ], [ -63.452029302518618, -9.532796954891428 ], [ -63.452029540623158, -9.532977845665972 ], [ -63.45212065528596, -9.53297772747511 ], [ -63.452120893443215, -9.533158618245483 ], [ -63.452029778732417, -9.533158736438629 ], [ -63.452029659677194, -9.533068291052537 ], [ -63.451847430300063, -9.533068527365083 ], [ -63.451847549307303, -9.533158972753458 ], [ -63.451756434592959, -9.533159090875143 ], [ -63.451756315609714, -9.533068645485628 ], [ -63.451574086225499, -9.533068881655257 ], [ -63.451574205160739, -9.533159327047054 ], [ -63.451483090442856, -9.533159445097281 ], [ -63.451482614804952, -9.532797663522704 ], [ -63.451300385557609, -9.53279789954258 ], [ -63.451300504417333, -9.532888344939209 ], [ -63.451209389767897, -9.53288846291456 ], [ -63.451209270932189, -9.532798017516788 ], [ -63.451118156305562, -9.532798135467178 ], [ -63.451118037495014, -9.532707690067802 ], [ -63.45120915209764, -9.532707572118552 ], [ -63.45120903326427, -9.532617126719844 ], [ -63.451117918685647, -9.532617244667957 ], [ -63.451117681070443, -9.532436353866853 ], [ -63.45102656653863, -9.532436471788868 ], [ -63.451027279254404, -9.532979144193378 ], [ -63.451118393930201, -9.532979026264524 ], [ -63.451118512744287, -9.533069471662493 ], [ -63.451027398044495, -9.533069589592483 ], [ -63.451027516835772, -9.533160034991118 ], [ -63.451209746282153, -9.533159799105039 ], [ -63.451209983964212, -9.533340689896349 ], [ -63.451118869193614, -9.533340807853575 ], [ -63.45111875037599, -9.533250362457018 ], [ -63.450936520879267, -9.533250598297732 ], [ -63.450936758419708, -9.533431489094932 ], [ -63.45102787321666, -9.533431371184209 ], [ -63.451027992012641, -9.533521816580969 ], [ -63.451119106832408, -9.533521698645281 ], [ -63.451119344475913, -9.533702589435109 ], [ -63.451028229608148, -9.53370270737307 ], [ -63.451028348407682, -9.533793152768418 ], [ -63.451119463299435, -9.533793034829317 ], [ -63.451119700950009, -9.533973925616325 ], [ -63.451028586010267, -9.533974043557702 ], [ -63.451028704813325, -9.534064488951639 ], [ -63.45084647488229, -9.53406472476521 ], [ -63.450846118620625, -9.533793388575155 ], [ -63.45093723351475, -9.533793270683697 ], [ -63.450936877191694, -9.533521934492828 ], [ -63.450845762369575, -9.533522052380873 ], [ -63.450845643621591, -9.533431606981839 ], [ -63.45075452882228, -9.533431724844922 ], [ -63.450754172657369, -9.533160388641582 ], [ -63.450845287384674, -9.533160270781915 ], [ -63.450845049899293, -9.532979379979617 ], [ -63.450753935219979, -9.53297949783701 ], [ -63.450753697787306, -9.532798607030557 ], [ -63.450844812418637, -9.532798489175441 ], [ -63.450844574942685, -9.532617598369384 ], [ -63.450753460359344, -9.532617716222223 ], [ -63.450753341647129, -9.532527270817354 ], [ -63.450662227086596, -9.532527388645237 ], [ -63.45066210839957, -9.532436943238755 ], [ -63.450844337471459, -9.532436707561446 ], [ -63.450843743813991, -9.531984480533383 ], [ -63.450752629398607, -9.531984598378257 ], [ -63.450752154589821, -9.531622816742798 ], [ -63.450934383227491, -9.531622581038345 ], [ -63.450933908245631, -9.531260799404475 ], [ -63.45111613668665, -9.53126056361387 ] ], [ [ -63.451482139185927, -9.532435881940607 ], [ -63.451391024658832, -9.532435999957896 ], [ -63.451391143537826, -9.532526445355264 ], [ -63.451482258088916, -9.532526327336839 ], [ -63.451482139185927, -9.532435881940607 ] ] ] } },
{ "type": "Feature", "properties": { "area_m2": 19600.0 }, "geometry": { "type": "Polygon", "coordinates": [ [ [ -63.425699709247397, -9.534910364421849 ], [ -63.425699933533821, -9.535091255815288 ], [ -63.425791049080217, -9.535091144483497 ], [ -63.425791161249094, -9.535181590178436 ], [ -63.425700045678703, -9.535181701511302 ], [ -63.425700269971813, -9.535362592901919 ], [ -63.425791385590202, -9.535362481566905 ], [ -63.425791497762425, -9.535452927260435 ], [ -63.425700382120027, -9.535453038596525 ], [ -63.425700494269364, -9.535543484290661 ], [ -63.42551826293321, -9.535543706893517 ], [ -63.425518487139215, -9.535724598284672 ], [ -63.425336255702604, -9.535724820796521 ], [ -63.425336703935926, -9.536086603581793 ], [ -63.425245588119928, -9.536086714806272 ], [ -63.425245812195257, -9.536267606198239 ], [ -63.425154696330154, -9.536267717401035 ], [ -63.425154808345475, -9.536358163097388 ], [ -63.425063692455261, -9.536358274277433 ], [ -63.425063804447689, -9.536448719974388 ], [ -63.424972688532343, -9.536448831131679 ], [ -63.424972576563917, -9.536358385433653 ], [ -63.424881460671479, -9.53635849656604 ], [ -63.424881572615895, -9.536448942265139 ], [ -63.424790456698332, -9.536449053374774 ], [ -63.424790344777925, -9.5363586076746 ], [ -63.424699228883256, -9.536358718759331 ], [ -63.424699452677196, -9.536539610161354 ], [ -63.424608336733407, -9.536539721224401 ], [ -63.42460867236062, -9.536811058327132 ], [ -63.424517556343702, -9.536811169369567 ], [ -63.424516773397116, -9.53617804944912 ], [ -63.424334541696027, -9.536178271447502 ], [ -63.424334765293487, -9.536359162859979 ], [ -63.424425881192597, -9.53635905187056 ], [ -63.424426104842503, -9.536539943279015 ], [ -63.424243872947159, -9.536540165238314 ], [ -63.424243649393269, -9.536359273825573 ], [ -63.424152533491949, -9.536359384767339 ], [ -63.424152309990504, -9.536178493350574 ], [ -63.424061194136087, -9.536178604266368 ], [ -63.424061417589513, -9.536359495685273 ], [ -63.423970301685976, -9.536359606579381 ], [ -63.42396951978639, -9.535726486597499 ], [ -63.424060635521904, -9.535726375710881 ], [ -63.424060858964246, -9.535907267134485 ], [ -63.424151974746664, -9.535907156221908 ], [ -63.42415186300093, -9.53581671051141 ], [ -63.424334094514428, -9.535816488616907 ], [ -63.424333870930276, -9.535635597198791 ], [ -63.424151639512807, -9.535635819089007 ], [ -63.424151416029112, -9.535454927664729 ], [ -63.424424763009647, -9.535454594800093 ], [ -63.424424539386372, -9.53527370338036 ], [ -63.424515654996334, -9.535273592379976 ], [ -63.424515766831419, -9.535364038089005 ], [ -63.424606882464268, -9.53536392706372 ], [ -63.424606994324463, -9.535454372771209 ], [ -63.424789225634839, -9.535454150647018 ], [ -63.424789113726639, -9.535363704941675 ], [ -63.424971344984563, -9.535363482724328 ], [ -63.424971121075487, -9.535182591316529 ], [ -63.425062236654782, -9.535182480174262 ], [ -63.425062124677908, -9.535092034470729 ], [ -63.425153240232085, -9.535091923305712 ], [ -63.425153128232324, -9.535001477602783 ], [ -63.425335359289349, -9.53500125520342 ], [ -63.425335247242693, -9.534910809502168 ], [ -63.425699709247397, -9.534910364421849 ] ], [ [ -63.424789449454565, -9.535635042056295 ], [ -63.424698333751927, -9.535635153132445 ], [ -63.424698445639464, -9.53572559883745 ], [ -63.424789561366097, -9.535725487760226 ], [ -63.424789449454565, -9.535635042056295 ] ] ] } },
{ "type": "Feature", "properties": { "area_m2": 217500.0 }, "geometry": { "type": "Polygon", "coordinates": [ [ [ -63.441823178307004, -9.531815140603243 ], [ -63.441823294658526, -9.531905586122308 ], [ -63.441914409164283, -9.531905470612593 ], [ -63.441914641918778, -9.532086361647078 ], [ -63.442005756471353, -9.532086246111311 ], [ -63.442005872874326, -9.532176691626734 ], [ -63.442096987449744, -9.532176576066036 ], [ -63.442097103877863, -9.532267021579875 ], [ -63.442188218476126, -9.532266905994243 ], [ -63.442188451383821, -9.532447797018273 ], [ -63.442279566028915, -9.532447681406589 ], [ -63.442279682508484, -9.532538126916787 ], [ -63.442553026508804, -9.532537779935474 ], [ -63.442553143061517, -9.532628225441851 ], [ -63.442917601808382, -9.532627762462177 ], [ -63.44291771845824, -9.532718207963608 ], [ -63.443282177282555, -9.532717744598365 ], [ -63.443282294029544, -9.532808190094851 ], [ -63.44337340875672, -9.532808074192875 ], [ -63.443373525528862, -9.532898519687775 ], [ -63.443464640278883, -9.532898403760861 ], [ -63.443464873874632, -9.533079294747008 ], [ -63.443555988671477, -9.533079178794031 ], [ -63.443555755027724, -9.532898287810127 ], [ -63.443646869775421, -9.532898171835575 ], [ -63.443646636088317, -9.532717280852024 ], [ -63.443828865484249, -9.532717048835943 ], [ -63.443828631705813, -9.532536157854999 ], [ -63.444101975647023, -9.532535809658963 ], [ -63.444101624772124, -9.532264473194113 ], [ -63.444192739344892, -9.532264357084493 ], [ -63.444192622364916, -9.532173911596388 ], [ -63.444283736912539, -9.532173795464077 ], [ -63.44428361990974, -9.532083349976627 ], [ -63.444374734432188, -9.532083233821622 ], [ -63.444374968486947, -9.532264124793809 ], [ -63.444466083056241, -9.532264008612737 ], [ -63.444466434219066, -9.532535345064124 ], [ -63.44473977813589, -9.532534996367911 ], [ -63.444739895264476, -9.532625441847401 ], [ -63.444831009925089, -9.532625325566569 ], [ -63.444831244233725, -9.532806216521889 ], [ -63.444649014815361, -9.532806449064227 ], [ -63.444649131923441, -9.53289689454343 ], [ -63.444558017188527, -9.53289701077999 ], [ -63.444557900104442, -9.532806565299666 ], [ -63.444193441249112, -9.532807030003237 ], [ -63.444193558237217, -9.532897475488051 ], [ -63.444284672976785, -9.532897359346766 ], [ -63.44428502402004, -9.53316869579502 ], [ -63.444376138830435, -9.533168579626549 ], [ -63.444376255871184, -9.53325902510724 ], [ -63.444285141036779, -9.533259141276835 ], [ -63.444285258054691, -9.533349586758176 ], [ -63.444376372913077, -9.53334947058746 ], [ -63.444376724045753, -9.533620807025303 ], [ -63.444467838974958, -9.533620690827401 ], [ -63.444468307264117, -9.533982472733456 ], [ -63.444559422288158, -9.533982356507245 ], [ -63.444560007795744, -9.53443458387363 ], [ -63.444468892651699, -9.534434700105455 ], [ -63.444469126814873, -9.534615591050967 ], [ -63.444560242006908, -9.534615474816896 ], [ -63.444560359114242, -9.534705920287823 ], [ -63.444469243898197, -9.534706036523016 ], [ -63.444469360982687, -9.534796481994594 ], [ -63.44437824574149, -9.534796598207086 ], [ -63.444378128681002, -9.534706152734385 ], [ -63.444287013462642, -9.534706268921928 ], [ -63.444287247536785, -9.534887159869106 ], [ -63.444378362803143, -9.534887043679317 ], [ -63.444378713995064, -9.535158380093195 ], [ -63.444469829332263, -9.535158263876218 ], [ -63.444470063514025, -9.535339154814208 ], [ -63.444561178898077, -9.535339038571159 ], [ -63.444561413132483, -9.535519929505025 ], [ -63.444470297700441, -9.535520045750319 ], [ -63.444470414795383, -9.535610491217671 ], [ -63.444561530251434, -9.535610374971254 ], [ -63.444561764492825, -9.535791265902303 ], [ -63.444652879995715, -9.535791149629814 ], [ -63.444653114289757, -9.535972040556736 ], [ -63.444744229839493, -9.535971924258178 ], [ -63.444744464186194, -9.536152815180969 ], [ -63.444835579782776, -9.536152698856338 ], [ -63.444835696981876, -9.536243144315909 ], [ -63.444562350116641, -9.536243493221694 ], [ -63.444562232989547, -9.536153047758756 ], [ -63.444471117389483, -9.536153164011905 ], [ -63.444471585808792, -9.53651494586533 ], [ -63.444562701504864, -9.536514829607688 ], [ -63.444562818636605, -9.536605275068748 ], [ -63.444471702916523, -9.536605391327512 ], [ -63.444472054246681, -9.536876727711231 ], [ -63.444563170038791, -9.536876611449104 ], [ -63.444563521451428, -9.537147947825227 ], [ -63.444472405587305, -9.537148064090728 ], [ -63.444472639820198, -9.537328955008039 ], [ -63.444108176160029, -9.537329419840704 ], [ -63.44410829318219, -9.537419865303143 ], [ -63.44438164100108, -9.537419516711026 ], [ -63.444381758096419, -9.537509962169628 ], [ -63.444290642133957, -9.537510078391952 ], [ -63.44429075920646, -9.537600523851205 ], [ -63.443926295248907, -9.537600988506687 ], [ -63.443926178272434, -9.537510543042947 ], [ -63.44383506230416, -9.537510659146118 ], [ -63.443835179256617, -9.537601104610982 ], [ -63.443652947268554, -9.537601336748072 ], [ -63.443652596558699, -9.537330000345353 ], [ -63.443561480634948, -9.537330116374795 ], [ -63.443561714392345, -9.537511007312647 ], [ -63.443470598419431, -9.537511123320497 ], [ -63.443470715275865, -9.537601568789841 ], [ -63.443288483278522, -9.537601800736283 ], [ -63.443287198449681, -9.536606900523038 ], [ -63.443196082713357, -9.536607016448201 ], [ -63.44319584917119, -9.536426125491989 ], [ -63.44337808054668, -9.53642589362231 ], [ -63.443377963729333, -9.536335448145737 ], [ -63.443195732401847, -9.536335680013179 ], [ -63.443195148572499, -9.535883452612074 ], [ -63.442921801932634, -9.535883800217743 ], [ -63.442921685242261, -9.53579335473276 ], [ -63.442830569717323, -9.535793470552543 ], [ -63.442830686383694, -9.535883916038651 ], [ -63.442739570833602, -9.535884031835726 ], [ -63.442739687477136, -9.53597447732248 ], [ -63.442648571901884, -9.535974593096851 ], [ -63.442648338663972, -9.535793702120635 ], [ -63.442739454191226, -9.535793586348504 ], [ -63.442738987633291, -9.535431804394911 ], [ -63.442647872202052, -9.535431920162573 ], [ -63.442647988815793, -9.535522365652794 ], [ -63.442556873359393, -9.535522481397745 ], [ -63.442557339729937, -9.535884263358401 ], [ -63.442466224176371, -9.535884379083996 ], [ -63.442466573894414, -9.536155715552907 ], [ -63.442648805144415, -9.536155484071179 ], [ -63.442648688522567, -9.536065038584249 ], [ -63.442739804121828, -9.536064922808762 ], [ -63.442739920767679, -9.536155368294574 ], [ -63.442831036389791, -9.536155252494146 ], [ -63.442831269732963, -9.536336143462128 ], [ -63.442740154062854, -9.536336259264795 ], [ -63.442740270712179, -9.536426704749195 ], [ -63.442558039320467, -9.536426936285284 ], [ -63.442557922719146, -9.536336490798647 ], [ -63.442466807045562, -9.536336606529829 ], [ -63.442466690469416, -9.536246161041602 ], [ -63.442284459166778, -9.536246392430252 ], [ -63.442284226113962, -9.53606550144792 ], [ -63.442375341717842, -9.536065385767744 ], [ -63.442375225169165, -9.535974940276995 ], [ -63.442192994008245, -9.535975171611289 ], [ -63.442193343513729, -9.536246508088837 ], [ -63.442102227859522, -9.536246623723592 ], [ -63.442103159732973, -9.536970187651981 ], [ -63.442285391424313, -9.536969956340775 ], [ -63.442285507961707, -9.537060401827476 ], [ -63.44219439209261, -9.537060517496107 ], [ -63.442194625122852, -9.537241408470331 ], [ -63.442103509204586, -9.537241524117368 ], [ -63.442104091680392, -9.537693751550286 ], [ -63.44192185960032, -9.537693982784029 ], [ -63.441921510255405, -9.537422646318996 ], [ -63.44183039428566, -9.537422761896774 ], [ -63.441830510708797, -9.537513207386706 ], [ -63.441739394713885, -9.537513322941766 ], [ -63.441739161916779, -9.537332431959204 ], [ -63.441921393809423, -9.537332200829709 ], [ -63.441920578719817, -9.53669908239155 ], [ -63.441738347163266, -9.536699313505428 ], [ -63.441738463553158, -9.536789759000234 ], [ -63.441647347749146, -9.536789874522544 ], [ -63.441646998654953, -9.536518538033368 ], [ -63.441738114386943, -9.536518422514401 ], [ -63.441738230774533, -9.536608868010148 ], [ -63.441829346529389, -9.53660875246624 ], [ -63.44182923011779, -9.536518306971608 ], [ -63.441920345847478, -9.536518191404987 ], [ -63.441920112979759, -9.53633730041655 ], [ -63.441737881615254, -9.536337531521498 ], [ -63.441737765231132, -9.536247086024341 ], [ -63.441555533910005, -9.53624731703175 ], [ -63.441555882921804, -9.536518653528502 ], [ -63.441464767187497, -9.536518768999809 ], [ -63.441464883503066, -9.536609214498903 ], [ -63.441373767743592, -9.536609329947495 ], [ -63.44137388403631, -9.536699775447234 ], [ -63.441464999819779, -9.536699659997526 ], [ -63.441465232456693, -9.536880550993358 ], [ -63.441556348287016, -9.536880435517592 ], [ -63.44155658097656, -9.537061326509317 ], [ -63.441465465098211, -9.537061441987314 ], [ -63.44146534877688, -9.53697099649057 ], [ -63.441374232921383, -9.536971111943624 ], [ -63.441374581816845, -9.53724244843578 ], [ -63.441465697744363, -9.537242332979385 ], [ -63.441465814069154, -9.537332778474719 ], [ -63.441556930019523, -9.537332662993379 ], [ -63.441557162720606, -9.537513553980405 ], [ -63.441466046722226, -9.537513669463975 ], [ -63.441466163050492, -9.537604114957894 ], [ -63.441557279072882, -9.537603999473209 ], [ -63.441557395426301, -9.537694444965547 ], [ -63.441284047283666, -9.537694791351454 ], [ -63.441284396134805, -9.537966127835677 ], [ -63.441193280012925, -9.537966243253328 ], [ -63.441192931233822, -9.537694906765761 ], [ -63.441101815182805, -9.537695022156237 ], [ -63.44110193141735, -9.537785467653674 ], [ -63.440919699263858, -9.53778569836536 ], [ -63.440919466891962, -9.537604807365557 ], [ -63.440828350861509, -9.537604922683425 ], [ -63.440828118542242, -9.537424031679519 ], [ -63.440737002558642, -9.537424146971327 ], [ -63.440736886424745, -9.537333701467556 ], [ -63.440554654502115, -9.537333931977459 ], [ -63.440555583221446, -9.538057496012282 ], [ -63.440464467066342, -9.538057611240388 ], [ -63.440462377983614, -9.536429592099715 ], [ -63.440371262259482, -9.53642970728397 ], [ -63.44037114623427, -9.536339261770582 ], [ -63.440462261934407, -9.536339146587435 ], [ -63.440461565663334, -9.535796473503888 ], [ -63.44037045010721, -9.535796588680357 ], [ -63.440367318048366, -9.533354559565014 ], [ -63.440276203139106, -9.53335467468764 ], [ -63.440275971216131, -9.533173783626207 ], [ -63.44045820093752, -9.533173553361582 ], [ -63.44045796892317, -9.532992662302723 ], [ -63.440275739297753, -9.532992892562898 ], [ -63.440274579774957, -9.532088437218162 ], [ -63.440365694348294, -9.5320883221111 ], [ -63.440365578378348, -9.531997876575153 ], [ -63.440183349278499, -9.531998106763234 ], [ -63.440183117438046, -9.531817215685487 ], [ -63.440365346441922, -9.531816985501855 ], [ -63.440365462409567, -9.531907431038741 ], [ -63.440456576933769, -9.531907315910088 ], [ -63.440456692926553, -9.531997761445391 ], [ -63.440821151107819, -9.531997300688163 ], [ -63.440821267197734, -9.532087746218545 ], [ -63.441459069138531, -9.532086938968652 ], [ -63.441458836623966, -9.531906047923014 ], [ -63.441641065643552, -9.531905817070294 ], [ -63.44164094934002, -9.531815371548996 ], [ -63.441823178307004, -9.531815140603243 ] ], [ [ -63.440456808920494, -9.532088206980223 ], [ -63.440365694348294, -9.5320883221111 ], [ -63.440365926291634, -9.532269213181584 ], [ -63.440457040911816, -9.532269098048484 ], [ -63.440456808920494, -9.532088206980223 ] ], [ [ -63.440639270148715, -9.532268867710831 ], [ -63.440457040911816, -9.532269098048484 ], [ -63.440457156909204, -9.532359543581904 ], [ -63.440548271552224, -9.532359428423876 ], [ -63.440548387574765, -9.532449873955718 ], [ -63.440730616905334, -9.532449643565975 ], [ -63.440730500834803, -9.53235919803636 ], [ -63.440639386194086, -9.532359313242027 ], [ -63.440639270148715, -9.532268867710831 ] ], [ [ -63.440821731568889, -9.532449528335381 ], [ -63.440730616905334, -9.532449643565975 ], [ -63.440730732977002, -9.532540089095127 ], [ -63.440821847664552, -9.532539973863418 ], [ -63.440821731568889, -9.532449528335381 ] ], [ [ -63.440912962350957, -9.532539858607887 ], [ -63.440821847664552, -9.532539973863418 ], [ -63.440821963761373, -9.53263041939098 ], [ -63.440913078471773, -9.53263030413434 ], [ -63.440912962350957, -9.532539858607887 ] ], [ [ -63.440457504908281, -9.532630880179362 ], [ -63.440366390192125, -9.532630995316909 ], [ -63.440366622149277, -9.532811886381754 ], [ -63.440457736913423, -9.532811771241981 ], [ -63.440457504908281, -9.532630880179362 ] ], [ [ -63.441095424059057, -9.532720519073356 ], [ -63.441004309326978, -9.53272063437875 ], [ -63.441004425474098, -9.532811079903144 ], [ -63.441095540230179, -9.532810964596639 ], [ -63.441095424059057, -9.532720519073356 ] ], [ [ -63.441186654985103, -9.532810849266316 ], [ -63.441095540230179, -9.532810964596639 ], [ -63.441095656402446, -9.532901410119456 ], [ -63.441186771181364, -9.532901294788015 ], [ -63.441186654985103, -9.532810849266316 ] ], [ [ -63.44136900073574, -9.532901064053682 ], [ -63.441186771181364, -9.532901294788015 ], [ -63.441186887378784, -9.532991740309251 ], [ -63.441278002180539, -9.532991624952876 ], [ -63.441278118403105, -9.533082070472526 ], [ -63.441369233227697, -9.533081955091218 ], [ -63.441369349475423, -9.53317240060928 ], [ -63.441460464322866, -9.53317228520304 ], [ -63.441460580595724, -9.533262730719519 ], [ -63.441642810335146, -9.533262499833354 ], [ -63.441642694014298, -9.533172054319101 ], [ -63.441551579169158, -9.533172169772982 ], [ -63.441551462873448, -9.533081724257151 ], [ -63.441460348051159, -9.533081839686092 ], [ -63.441460231780603, -9.532991394168675 ], [ -63.44136911698115, -9.532991509572684 ], [ -63.44136900073574, -9.532901064053682 ] ], [ [ -63.444193675226479, -9.532987920972397 ], [ -63.444102560461758, -9.532988037090984 ], [ -63.444102911364517, -9.533259373544562 ], [ -63.444194026201238, -9.533259257422607 ], [ -63.444193675226479, -9.532987920972397 ] ], [ [ -63.442644724068394, -9.532989891748988 ], [ -63.442553609283969, -9.532990007462649 ], [ -63.442553725842465, -9.533080452966674 ], [ -63.442644840650885, -9.533080337251894 ], [ -63.442644724068394, -9.532989891748988 ] ], [ [ -63.443920447847255, -9.533078714743942 ], [ -63.443738218261693, -9.533078946816628 ], [ -63.443738335133297, -9.533169392305636 ], [ -63.443829449950648, -9.533169276280082 ], [ -63.443829566847413, -9.533259721767502 ], [ -63.443920681687615, -9.53325960571701 ], [ -63.443920915532601, -9.533440496688195 ], [ -63.444012030419636, -9.533440380611639 ], [ -63.444012264317273, -9.533621271578703 ], [ -63.444103379251132, -9.533621155476085 ], [ -63.444103613201399, -9.533802046439027 ], [ -63.444194728182097, -9.533801930310345 ], [ -63.444195547212622, -9.534435048657992 ], [ -63.444286662360142, -9.534434932497636 ], [ -63.44428572613792, -9.533711368678844 ], [ -63.44419461118239, -9.53371148483023 ], [ -63.444194143195141, -9.53334970290507 ], [ -63.444103028334432, -9.533349819028148 ], [ -63.444102911364517, -9.533259373544562 ], [ -63.444011796526645, -9.533259489642695 ], [ -63.444011679581898, -9.533169044157516 ], [ -63.443920564766849, -9.533169160230708 ], [ -63.443920447847255, -9.533078714743942 ] ], [ [ -63.443464873874632, -9.533079294747008 ], [ -63.443373759076628, -9.533079410676162 ], [ -63.443373875852259, -9.53316985616965 ], [ -63.443282761029089, -9.533169972076104 ], [ -63.443282994535821, -9.533350863063914 ], [ -63.443191879663509, -9.533350978948786 ], [ -63.443192113126884, -9.533531869936951 ], [ -63.443009883282805, -9.533532101639713 ], [ -63.44300999996824, -9.533622547135328 ], [ -63.442827770071531, -9.533622778745045 ], [ -63.442827653434087, -9.533532333247189 ], [ -63.442372078792047, -9.533532911849024 ], [ -63.442371962275743, -9.533442466345113 ], [ -63.442280847367861, -9.533442581992899 ], [ -63.442280963860171, -9.533533027497928 ], [ -63.442007619057584, -9.533533374301717 ], [ -63.442007735479052, -9.533623819809623 ], [ -63.442098850438398, -9.533623704231067 ], [ -63.442098966885005, -9.533714149737385 ], [ -63.442190081867203, -9.533714034133888 ], [ -63.442190198338963, -9.533804479638622 ], [ -63.442463543350584, -9.53380413268186 ], [ -63.442463426806817, -9.533713687180475 ], [ -63.442554541784382, -9.533713571481695 ], [ -63.442554658352144, -9.533804016981962 ], [ -63.442645773352545, -9.533803901258242 ], [ -63.442645656760789, -9.533713455759093 ], [ -63.442919001683052, -9.53371310844836 ], [ -63.442919118346801, -9.533803553944153 ], [ -63.44310134833718, -9.533803322282324 ], [ -63.443101231625441, -9.533712876788766 ], [ -63.443192346594891, -9.533712760923239 ], [ -63.443192229860315, -9.533622315430332 ], [ -63.443283344804613, -9.533622199542101 ], [ -63.443283111290931, -9.533441308557112 ], [ -63.44337422618608, -9.533441192647299 ], [ -63.443373992629034, -9.53326030166267 ], [ -63.443465107475035, -9.533260185731276 ], [ -63.443464873874632, -9.533079294747008 ] ], [ [ -63.44273618867463, -9.533261112515465 ], [ -63.442645073819364, -9.533261228256302 ], [ -63.442645190405329, -9.533351673757799 ], [ -63.442736305284591, -9.533351558015847 ], [ -63.44273618867463, -9.533261112515465 ] ], [ [ -63.441825040069951, -9.533262268851903 ], [ -63.441642810335146, -9.533262499833354 ], [ -63.441642926657167, -9.533352945347131 ], [ -63.441734041549132, -9.533352829867203 ], [ -63.441734157896292, -9.533443275379396 ], [ -63.441825272811109, -9.533443159874533 ], [ -63.441825389183421, -9.533533605385141 ], [ -63.442007619057584, -9.533533374301717 ], [ -63.442007502637288, -9.53344292879334 ], [ -63.441916387724774, -9.533443044345846 ], [ -63.441916271329625, -9.533352598835885 ], [ -63.441825156439961, -9.533352714363453 ], [ -63.441825040069951, -9.533262268851903 ] ], [ [ -63.442554774921049, -9.53389446248176 ], [ -63.442463659895495, -9.533894578182775 ], [ -63.442463776441571, -9.533985023683218 ], [ -63.442281546339004, -9.533985255016017 ], [ -63.442281662838226, -9.534075700518224 ], [ -63.442463892988805, -9.53407546918319 ], [ -63.44246412608674, -9.534256360181733 ], [ -63.442555241208289, -9.534256244476248 ], [ -63.442555124634744, -9.534165798978327 ], [ -63.442646239731147, -9.534165683250137 ], [ -63.442646123134757, -9.534075237752869 ], [ -63.442555008062364, -9.534075353479942 ], [ -63.442554774921049, -9.53389446248176 ] ], [ [ -63.443010583412764, -9.534074774606358 ], [ -63.442919468344996, -9.534074890428721 ], [ -63.442919585013378, -9.534165335922635 ], [ -63.443010700105141, -9.534165220099156 ], [ -63.443010583412764, -9.534074774606358 ] ], [ [ -63.443102048631978, -9.534345995233803 ], [ -63.442737588070614, -9.53434645848902 ], [ -63.442737937945658, -9.534617794971837 ], [ -63.442464592296488, -9.534618142173169 ], [ -63.442464941965945, -9.534889478661814 ], [ -63.442373826675251, -9.534889594351297 ], [ -63.442373710141595, -9.534799148854432 ], [ -63.442282594873738, -9.534799264518977 ], [ -63.442282827894189, -9.534980155514464 ], [ -63.442373943210043, -9.534980039847689 ], [ -63.442374176283103, -9.535160930839066 ], [ -63.442283060919245, -9.535161046508074 ], [ -63.442283177433517, -9.535251492004175 ], [ -63.442374292821377, -9.535251376334047 ], [ -63.442374409360802, -9.53534182182856 ], [ -63.442465524771507, -9.535341706133492 ], [ -63.442465641336106, -9.535432151626418 ], [ -63.442556756769655, -9.535432035906409 ], [ -63.442556173838298, -9.534979808442667 ], [ -63.442647289150685, -9.534979692704418 ], [ -63.442647522367757, -9.535160583689091 ], [ -63.442738637726997, -9.535160467924785 ], [ -63.442738404461927, -9.534979576942348 ], [ -63.442829519771998, -9.53497946115645 ], [ -63.442829403117187, -9.534889015665645 ], [ -63.442738287831112, -9.534889131450422 ], [ -63.442738054572985, -9.53470824046517 ], [ -63.442829169811063, -9.534708124682627 ], [ -63.442829053159727, -9.534617679190411 ], [ -63.443011283584411, -9.534617447556093 ], [ -63.443011750388671, -9.534979229513185 ], [ -63.44310286569528, -9.534979113655814 ], [ -63.44310263224282, -9.534798222680447 ], [ -63.443193747500274, -9.534798106801489 ], [ -63.443193630751779, -9.53470766131422 ], [ -63.443102515518333, -9.534707777192057 ], [ -63.443102282072836, -9.534526886213868 ], [ -63.443011166886244, -9.534527002065644 ], [ -63.443011050189227, -9.534436556574729 ], [ -63.443102165351831, -9.53443644072407 ], [ -63.443102048631978, -9.534345995233803 ] ], [ [ -63.444377777506503, -9.534434816313457 ], [ -63.444286662360142, -9.534434932497636 ], [ -63.444286896427315, -9.534615823447632 ], [ -63.44437801162168, -9.534615707261214 ], [ -63.444377777506503, -9.534434816313457 ] ], [ [ -63.442282128846742, -9.53443748252236 ], [ -63.442191013673721, -9.534437598158609 ], [ -63.442191130154733, -9.534528043659584 ], [ -63.442282245351755, -9.534527928022218 ], [ -63.442282128846742, -9.53443748252236 ] ], [ [ -63.44146244111851, -9.534709858919278 ], [ -63.441371325863095, -9.534709974344464 ], [ -63.441371558401222, -9.534890865363204 ], [ -63.441462673704628, -9.534890749935791 ], [ -63.44146244111851, -9.534709858919278 ] ], [ [ -63.442191829065123, -9.535070716655571 ], [ -63.442100713722937, -9.535070832275814 ], [ -63.442100830188046, -9.535161277774616 ], [ -63.442191945554221, -9.535161162153258 ], [ -63.442191829065123, -9.535070716655571 ] ], [ [ -63.443194214505802, -9.535159888745868 ], [ -63.44310309915236, -9.535160004629303 ], [ -63.443103215882644, -9.53525045011534 ], [ -63.443194331260081, -9.53525033423079 ], [ -63.443194214505802, -9.535159888745868 ] ], [ [ -63.442738754361272, -9.535250913415295 ], [ -63.442647638978038, -9.535251029180722 ], [ -63.442647755589462, -9.535341474671881 ], [ -63.442738870996706, -9.535341358905336 ], [ -63.442738754361272, -9.535250913415295 ] ], [ [ -63.443194448015518, -9.535340779715241 ], [ -63.443012217211475, -9.535341011462755 ], [ -63.443012333920059, -9.535431456948974 ], [ -63.443103449346673, -9.53543134108601 ], [ -63.443103566080431, -9.535521786570641 ], [ -63.443194681529889, -9.535521670682732 ], [ -63.443194448015518, -9.535340779715241 ] ], [ [ -63.443012333920059, -9.535431456948974 ], [ -63.442921218492295, -9.535431572788109 ], [ -63.442921451864962, -9.535612463761375 ], [ -63.44301256734073, -9.535612347919999 ], [ -63.443012333920059, -9.535431456948974 ] ], [ [ -63.442374525901393, -9.535432267322603 ], [ -63.442192295028498, -9.535432498643496 ], [ -63.442192411522228, -9.535522944139302 ], [ -63.442374642443127, -9.535522712816176 ], [ -63.442374525901393, -9.535432267322603 ] ], [ [ -63.442465757901843, -9.535522597118874 ], [ -63.442374642443127, -9.535522712816176 ], [ -63.442374758986027, -9.535613158309278 ], [ -63.442465874468738, -9.535613042610862 ], [ -63.442465757901843, -9.535522597118874 ] ], [ [ -63.4431947982888, -9.535612116165774 ], [ -63.443103682815348, -9.535612232054799 ], [ -63.443103916288649, -9.535793123021708 ], [ -63.443195031810113, -9.535793007130444 ], [ -63.4431947982888, -9.535612116165774 ] ], [ [ -63.442283643502144, -9.535613273983872 ], [ -63.442192528017117, -9.535613389634637 ], [ -63.442192644513163, -9.535703835129505 ], [ -63.4422837600222, -9.53570371947762 ], [ -63.442283643502144, -9.535613273983872 ] ], [ [ -63.444561881615257, -9.535881711367118 ], [ -63.444470766087207, -9.535881827616903 ], [ -63.44447088318681, -9.535972273082375 ], [ -63.444561998738855, -9.53597215683147 ], [ -63.444561881615257, -9.535881711367118 ] ], [ [ -63.441555184908594, -9.53597598053077 ], [ -63.441464069318315, -9.535976095995389 ], [ -63.441464185626963, -9.536066541497298 ], [ -63.441555301241252, -9.536066426031567 ], [ -63.441555184908594, -9.53597598053077 ] ], [ [ -63.442740037414687, -9.536245813779921 ], [ -63.442648921767415, -9.536245929557639 ], [ -63.442649038391572, -9.536336375043634 ], [ -63.442740154062854, -9.536336259264795 ], [ -63.442740037414687, -9.536245813779921 ] ], [ [ -63.444198472786155, -9.536696185425905 ], [ -63.444016241287514, -9.536696417731219 ], [ -63.444016358277537, -9.536786863198071 ], [ -63.444107474051449, -9.536786747056205 ], [ -63.44410759106664, -9.536877192521462 ], [ -63.444198706863389, -9.536877076354649 ], [ -63.444198472786155, -9.536696185425905 ] ], [ [ -63.444198823903754, -9.536967521818317 ], [ -63.444107708082996, -9.536967637986251 ], [ -63.444107825100517, -9.537058083450569 ], [ -63.444198940945277, -9.537057967281513 ], [ -63.444198823903754, -9.536967521818317 ] ], [ [ -63.443470247857093, -9.53723978690965 ], [ -63.443379131955034, -9.53723990289031 ], [ -63.443379248783977, -9.537330348362183 ], [ -63.443470364710052, -9.537330232380404 ], [ -63.443470247857093, -9.53723978690965 ] ] ] } },
{ "type": "Feature", "properties": { "area_m2": 79800.0 }, "geometry": { "type": "Polygon", "coordinates": [ [ [ -63.377593362036201, -9.537498313549627 ], [ -63.377593461533827, -9.537588759768919 ], [ -63.377684578282881, -9.537588660991096 ], [ -63.377684677805505, -9.537679107208961 ], [ -63.37777579457758, -9.537679008406352 ], [ -63.377775993673801, -9.537859900838766 ], [ -63.377958227311034, -9.537859703158237 ], [ -63.37795832690864, -9.537950149371831 ], [ -63.378049443749781, -9.537950050494862 ], [ -63.378049642995983, -9.538130942918738 ], [ -63.378231876771338, -9.538130745089479 ], [ -63.378231976443942, -9.538221191298803 ], [ -63.378323093354155, -9.53822109234747 ], [ -63.37832279426727, -9.537949753720953 ], [ -63.378596144775855, -9.537949456732553 ], [ -63.378596045010191, -9.537859010525645 ], [ -63.378687161820388, -9.5378589114828 ], [ -63.378687261610075, -9.537949357688753 ], [ -63.378869495275538, -9.537949159529658 ], [ -63.378869595114232, -9.53803960573323 ], [ -63.378960711969491, -9.538039506616977 ], [ -63.37896211015137, -9.539305753404264 ], [ -63.379053227341799, -9.53930565425078 ], [ -63.379053826766139, -9.539848331411406 ], [ -63.378780474759651, -9.539848628817577 ], [ -63.37878057459514, -9.53993907501224 ], [ -63.378689457233648, -9.539939174100912 ], [ -63.378689656859549, -9.540120066490742 ], [ -63.378780774269082, -9.540119967400155 ], [ -63.378780874107527, -9.54021041359341 ], [ -63.378689756673992, -9.540210512684952 ], [ -63.378690355581419, -9.540753189840352 ], [ -63.378508120423184, -9.54075338796339 ], [ -63.378508020650841, -9.540662941770083 ], [ -63.378325785536681, -9.54066313979585 ], [ -63.378325685813358, -9.540572693600165 ], [ -63.378234568278806, -9.540572792576333 ], [ -63.378234468580487, -9.540482346379227 ], [ -63.377778881013008, -9.540482840897708 ], [ -63.377778980591245, -9.540573287099591 ], [ -63.377323392878999, -9.540573781026859 ], [ -63.377323293420837, -9.540483334820209 ], [ -63.377232175899444, -9.540483433533193 ], [ -63.377231977034114, -9.540302541116581 ], [ -63.377140859559766, -9.540302639803819 ], [ -63.377140760152599, -9.540212193593856 ], [ -63.376867407795679, -9.540212489509685 ], [ -63.376867308461549, -9.540122043296396 ], [ -63.376685073600029, -9.540122240452522 ], [ -63.376684974314919, -9.540031794236858 ], [ -63.376593856906702, -9.540031892778211 ], [ -63.376593757646575, -9.539941446561132 ], [ -63.376502640261393, -9.539941545077694 ], [ -63.376502243326819, -9.539579760200862 ], [ -63.3764111260367, -9.539579858689789 ], [ -63.376410233207615, -9.538765842680879 ], [ -63.376319116132628, -9.538765941137418 ], [ -63.376318818612674, -9.538494602456472 ], [ -63.376409935615627, -9.538494504002792 ], [ -63.376409836420272, -9.53840405777582 ], [ -63.376318719441329, -9.538404156228555 ], [ -63.376318124433908, -9.53786147885117 ], [ -63.376409241268789, -9.537861380404138 ], [ -63.376409042892831, -9.537680487943151 ], [ -63.376500159678706, -9.537680389474192 ], [ -63.376499961258688, -9.537499497013227 ], [ -63.376773311466366, -9.537499201469055 ], [ -63.376773410747916, -9.537589647696917 ], [ -63.376864527505852, -9.537589549133576 ], [ -63.376864626812385, -9.537679995360019 ], [ -63.377046860373326, -9.537679798159939 ], [ -63.377046661665183, -9.537498905710397 ], [ -63.377593362036201, -9.537498313549627 ] ], [ [ -63.377138076531864, -9.53777014574727 ], [ -63.376955842924886, -9.537770342996918 ], [ -63.376956140925415, -9.538041681669158 ], [ -63.377138374676449, -9.538041484413801 ], [ -63.377138076531864, -9.53777014574727 ] ], [ [ -63.377684876853699, -9.537859999643288 ], [ -63.377502643210555, -9.537860197180828 ], [ -63.377502742688115, -9.537950643399192 ], [ -63.377593859534194, -9.537950544641387 ], [ -63.377593959036766, -9.538040990858327 ], [ -63.377685075905852, -9.538040892075736 ], [ -63.377684876853699, -9.537859999643288 ] ], [ [ -63.377776292325542, -9.538131239483874 ], [ -63.377685175433413, -9.538131338291254 ], [ -63.377685274961962, -9.538221784506305 ], [ -63.377776391878101, -9.53822168569797 ], [ -63.377776292325542, -9.538131239483874 ] ], [ [ -63.377047357160912, -9.538132029275587 ], [ -63.376956240260895, -9.5381321278923 ], [ -63.376956538273248, -9.538403466558908 ], [ -63.377047655245299, -9.538403367939338 ], [ -63.377047754608725, -9.538493814159649 ], [ -63.377138871603805, -9.53849371551529 ], [ -63.377138772216355, -9.538403269295934 ], [ -63.377229889186438, -9.538403170628696 ], [ -63.377229789775974, -9.538312724409817 ], [ -63.377047555882847, -9.538312921718553 ], [ -63.377047357160912, -9.538132029275587 ] ], [ [ -63.378232574500345, -9.538763868544878 ], [ -63.378141457445089, -9.53876396747811 ], [ -63.378141557100605, -9.538854413685103 ], [ -63.378232674179884, -9.538854314750914 ], [ -63.378232574500345, -9.538763868544878 ] ], [ [ -63.378597441819721, -9.539125257379643 ], [ -63.378506324672379, -9.539125356412038 ], [ -63.378506424427897, -9.539215802613329 ], [ -63.378597541599255, -9.539215703579979 ], [ -63.378597441819721, -9.539125257379643 ] ] ] } },
{ "type": "Feature", "properties": { "area_m2": 5100.0 }, "geometry": { "type": "Polygon", "coordinates": [ [ [ -63.451673888046102, -9.539671275865329 ], [ -63.451674007091555, -9.539761721221678 ], [ -63.451765123559404, -9.539761603040549 ], [ -63.451765242630046, -9.539852048395284 ], [ -63.452220825071628, -9.539851457126383 ], [ -63.452220944263516, -9.539941902474942 ], [ -63.4523120607723, -9.539941784148509 ], [ -63.452312179989384, -9.540032229495456 ], [ -63.452585529580688, -9.540031874369715 ], [ -63.452585648871008, -9.54012231971276 ], [ -63.452676765423085, -9.540122201288698 ], [ -63.452677004055282, -9.540303091971097 ], [ -63.452859237251957, -9.540302855046882 ], [ -63.452859117887229, -9.540212409708202 ], [ -63.452950234459777, -9.54021229121148 ], [ -63.452950473238431, -9.540393181886083 ], [ -63.452768239996097, -9.540393418860262 ], [ -63.452768717375498, -9.540755200212965 ], [ -63.452859834093317, -9.540755081733224 ], [ -63.452859953465151, -9.540845527069079 ], [ -63.452677719980294, -9.540845764007011 ], [ -63.4526776006565, -9.54075531866887 ], [ -63.452586483936308, -9.540755437100936 ], [ -63.45258636463771, -9.540664991761179 ], [ -63.452495247940362, -9.540665110168263 ], [ -63.452495128666961, -9.54057466482689 ], [ -63.452404011992449, -9.540574783208996 ], [ -63.452403773497231, -9.540393892522562 ], [ -63.452312656869559, -9.54039401087854 ], [ -63.452312299207655, -9.540122674841934 ], [ -63.452130066092849, -9.540122911475526 ], [ -63.452129946922611, -9.540032466126767 ], [ -63.451765480774867, -9.540032939103343 ], [ -63.451765361701867, -9.539942493749548 ], [ -63.451583128668929, -9.539942730092532 ], [ -63.451582771601082, -9.539671394021486 ], [ -63.451673888046102, -9.539671275865329 ] ], [ [ -63.452677004055282, -9.540303091971097 ], [ -63.452585887455179, -9.540303210397447 ], [ -63.45258600674903, -9.540393655739088 ], [ -63.452677123373157, -9.540393537311592 ], [ -63.452677004055282, -9.540303091971097 ] ] ] } },
{ "type": "Feature", "properties": { "area_m2": 39200.0 }, "geometry": { "type": "Polygon", "coordinates": [ [ [ -63.432993508973418, -9.538519206808051 ], [ -63.432994079524789, -9.538971434760482 ], [ -63.432811846543679, -9.538971661258563 ], [ -63.432811960609321, -9.53906210684983 ], [ -63.432903077124458, -9.539061993611613 ], [ -63.432903191215239, -9.539152439201313 ], [ -63.432994307753248, -9.539152325938167 ], [ -63.432994764223771, -9.539514108287893 ], [ -63.432812530954529, -9.539514334799092 ], [ -63.432812759100528, -9.539695225975507 ], [ -63.432721642416176, -9.539695339197538 ], [ -63.432721984571636, -9.539966675961914 ], [ -63.432630867814105, -9.539966789163385 ], [ -63.432630981844177, -9.540057234751663 ], [ -63.432813215406107, -9.540057008322696 ], [ -63.432813443565692, -9.540237899493473 ], [ -63.432722326737263, -9.540238012722057 ], [ -63.432722440794741, -9.540328458307831 ], [ -63.432631323941159, -9.540328571513674 ], [ -63.432631552011465, -9.540509462685998 ], [ -63.432540435108727, -9.540509575870189 ], [ -63.432540777150642, -9.54078091262843 ], [ -63.432358543197665, -9.540781138931843 ], [ -63.432358885105657, -9.5410524756924 ], [ -63.432267768055425, -9.541052588811626 ], [ -63.432267654108976, -9.540962143224149 ], [ -63.432176537081645, -9.540962256318439 ], [ -63.43217642316035, -9.540871810729405 ], [ -63.432085306155891, -9.540871923798766 ], [ -63.432085192259748, -9.540781478208171 ], [ -63.431994075278176, -9.540781591252602 ], [ -63.431994303023565, -9.540962482435505 ], [ -63.43208542005317, -9.540962369388891 ], [ -63.432085533951572, -9.541052814978549 ], [ -63.432176651004063, -9.541052701907004 ], [ -63.432176764927611, -9.541143147495102 ], [ -63.432450116150349, -9.541142808134158 ], [ -63.43245023014709, -9.541233253718508 ], [ -63.432359113049955, -9.541233366863754 ], [ -63.432359227023809, -9.541323812448724 ], [ -63.432450344144968, -9.541323699302387 ], [ -63.432450458143954, -9.541414144885799 ], [ -63.432541575287985, -9.541414031714526 ], [ -63.432541803337422, -9.541594922877753 ], [ -63.432450686145337, -9.541595036051207 ], [ -63.432450572144084, -9.541504590468737 ], [ -63.4323594549749, -9.54150470361726 ], [ -63.432359340998794, -9.541414258033228 ], [ -63.432177106705062, -9.541414484256567 ], [ -63.432177562424144, -9.541776266598607 ], [ -63.431904210686859, -9.5417766057679 ], [ -63.431904438409063, -9.541957496942644 ], [ -63.432268907581999, -9.541957044660505 ], [ -63.432269021540883, -9.542047490242807 ], [ -63.431904552271853, -9.542047942529306 ], [ -63.431904666135786, -9.542138388115506 ], [ -63.431813548791688, -9.542138501128614 ], [ -63.431813434951785, -9.542048055541327 ], [ -63.431722317630573, -9.542048168529506 ], [ -63.431721862378318, -9.541686386171293 ], [ -63.431630745152063, -9.541686499131266 ], [ -63.431628924707901, -9.540239369605763 ], [ -63.431537807864778, -9.540239482524457 ], [ -63.431536784208035, -9.539425472103668 ], [ -63.431445667579901, -9.539425584988717 ], [ -63.431444757931608, -9.538702020129557 ], [ -63.431535874367647, -9.538701907253222 ], [ -63.431535988093749, -9.538792352861172 ], [ -63.431627104552661, -9.538792239959912 ], [ -63.431627332056266, -9.538973131172222 ], [ -63.431536215549322, -9.538973244075661 ], [ -63.431536329278806, -9.539063689682205 ], [ -63.43162744580976, -9.539063576777677 ], [ -63.431627559564383, -9.539154022382656 ], [ -63.431718676118216, -9.539153909453203 ], [ -63.431718334785693, -9.538882572640119 ], [ -63.431991684224315, -9.538882233718562 ], [ -63.431991570377036, -9.538791788116534 ], [ -63.432082686830313, -9.538791675096103 ], [ -63.432082572960148, -9.538701229494695 ], [ -63.432264805815279, -9.538701003384514 ], [ -63.432265147573219, -9.538972340180781 ], [ -63.432356264071124, -9.538972227086667 ], [ -63.432356150126672, -9.538881781489469 ], [ -63.432447266599432, -9.538881668372612 ], [ -63.432447038665885, -9.538700777178997 ], [ -63.432720387933315, -9.538700437691968 ], [ -63.432720273896201, -9.538609992097731 ], [ -63.432811390292407, -9.538609878888813 ], [ -63.432811276232428, -9.538519433295201 ], [ -63.432993508973418, -9.538519206808051 ] ], [ [ -63.432902734858871, -9.538790656839693 ], [ -63.432811618415784, -9.53879077007463 ], [ -63.432811732479166, -9.538881215666832 ], [ -63.432902848946277, -9.538881102430802 ], [ -63.432902734858871, -9.538790656839693 ] ], [ [ -63.432540093077002, -9.540238239107721 ], [ -63.43244897624519, -9.540238352264796 ], [ -63.432449090230605, -9.540328797853848 ], [ -63.432540207086454, -9.54032868469568 ], [ -63.432540093077002, -9.540238239107721 ] ] ] } },
{ "type": "Feature", "properties": { "area_m2": 13300.0 }, "geometry": { "type": "Polygon", "coordinates": [ [ [ -63.37659415469296, -9.540303231426641 ], [ -63.376594253957016, -9.540393677641843 ], [ -63.376685371461306, -9.540393579096689 ], [ -63.37668547075036, -9.540484025310471 ], [ -63.376776588277671, -9.540483926740524 ], [ -63.376776786906774, -9.540664819164776 ], [ -63.376867904481131, -9.540664720569085 ], [ -63.37686800382118, -9.540755166779554 ], [ -63.376959121418565, -9.540755068159074 ], [ -63.376959220783625, -9.540845514368124 ], [ -63.37705033840404, -9.540845415722851 ], [ -63.377050437794097, -9.540935861930476 ], [ -63.377141555437532, -9.540935763260409 ], [ -63.377141654852593, -9.541026209466615 ], [ -63.376959419516673, -9.541026406784813 ], [ -63.376959518884675, -9.541116852992452 ], [ -63.376868401191217, -9.541116951616742 ], [ -63.37686850053619, -9.541207397824861 ], [ -63.376686265098279, -9.54120759500382 ], [ -63.376686463695115, -9.541388487422459 ], [ -63.376413110386764, -9.541388783017796 ], [ -63.376413308843418, -9.541569675440261 ], [ -63.376504426661889, -9.541569576930424 ], [ -63.376504625170526, -9.541750469349104 ], [ -63.376413507304008, -9.541750567860845 ], [ -63.376413805002286, -9.5420219064882 ], [ -63.376322687062732, -9.542022004978948 ], [ -63.376322984697808, -9.542293343604928 ], [ -63.376140748671624, -9.542293540520593 ], [ -63.376140649506979, -9.542203094310503 ], [ -63.375958413524906, -9.542203291128898 ], [ -63.375957917956697, -9.541751060061905 ], [ -63.376049035828125, -9.541750961669379 ], [ -63.376048639295178, -9.541389176811128 ], [ -63.375957521519823, -9.541389275199858 ], [ -63.375957323307283, -9.541208382766017 ], [ -63.376048441034605, -9.541208284379186 ], [ -63.376048341905786, -9.541117838162508 ], [ -63.376139459608105, -9.541117739752787 ], [ -63.376139360456257, -9.541027293536587 ], [ -63.376230478133564, -9.541027195103974 ], [ -63.376230279784785, -9.540846302672074 ], [ -63.376139162155503, -9.540846401102785 ], [ -63.3761389638587, -9.540665508667104 ], [ -63.37623008143995, -9.540665410238288 ], [ -63.376229783930064, -9.540394071584089 ], [ -63.376320901438284, -9.540393973134288 ], [ -63.376320802246262, -9.540303526916233 ], [ -63.37659415469296, -9.540303231426641 ] ] ] } },
{ "type": "Feature", "properties": { "area_m2": 6500.0 }, "geometry": { "type": "Polygon", "coordinates": [ [ [ -63.373314121549491, -9.540487655639641 ], [ -63.373314219950942, -9.540578101887986 ], [ -63.37340533753855, -9.540578004199146 ], [ -63.373405928111815, -9.54112068167372 ], [ -63.373497045842555, -9.541120583955379 ], [ -63.373497242756152, -9.541301476441257 ], [ -63.373406124977386, -9.541301574161484 ], [ -63.373406321846851, -9.54148246664737 ], [ -63.373315204019065, -9.541482564345637 ], [ -63.373315499258545, -9.541753903073772 ], [ -63.373406617158388, -9.541753805372673 ], [ -63.373406814037622, -9.541934697853861 ], [ -63.373497931984531, -9.541934600127037 ], [ -63.373498128915706, -9.542115492604459 ], [ -63.373407010920765, -9.54211559033317 ], [ -63.373407306252801, -9.542386929048611 ], [ -63.373316188184816, -9.542387026756309 ], [ -63.373316286606752, -9.542477472994792 ], [ -63.373134050419822, -9.542477668340542 ], [ -63.373132869997406, -9.541392313425117 ], [ -63.373041752190716, -9.541392411050921 ], [ -63.373041653852532, -9.541301964803973 ], [ -63.37313277163522, -9.541301867179113 ], [ -63.373132476554488, -9.541030528438275 ], [ -63.373041358843871, -9.54103062606031 ], [ -63.373041260509595, -9.540940179811484 ], [ -63.373132378196203, -9.540940082190392 ], [ -63.373132181482546, -9.540759189693212 ], [ -63.373223299120134, -9.540759092050163 ], [ -63.37322310236236, -9.540578199552993 ], [ -63.373131984772797, -9.540578297194154 ], [ -63.373131886419387, -9.540487850943922 ], [ -63.373314121549491, -9.540487655639641 ] ] ] } },
{ "type": "Feature", "properties": { "area_m2": 12800.0 }, "geometry": { "type": "Polygon", "coordinates": [ [ [ -63.456777370230114, -9.540388183402053 ], [ -63.456778574281188, -9.541292636264439 ], [ -63.456869691090787, -9.541292516728861 ], [ -63.456871256847975, -9.542468305364658 ], [ -63.45659790547888, -9.542468663944843 ], [ -63.456597785100918, -9.542378218664531 ], [ -63.456415550896921, -9.542378457596467 ], [ -63.456415671226864, -9.542468902879087 ], [ -63.456324554099055, -9.542469022310438 ], [ -63.45632407288258, -9.542107241172529 ], [ -63.456232955849664, -9.542107360575434 ], [ -63.456232595021895, -9.541836024713605 ], [ -63.456141478059841, -9.54183614408921 ], [ -63.456140876824172, -9.541383917637665 ], [ -63.456323110506908, -9.541383678874132 ], [ -63.456323351093673, -9.541564569451552 ], [ -63.456414467981283, -9.541564450031721 ], [ -63.456414347663291, -9.541474004744398 ], [ -63.456505464525691, -9.541473885301878 ], [ -63.456505344184876, -9.541383440015236 ], [ -63.456414227346485, -9.541383559456605 ], [ -63.456414107030881, -9.541293114168338 ], [ -63.456322990215313, -9.541293233584712 ], [ -63.45632262934771, -9.541021897713645 ], [ -63.456231512603004, -9.541022017102723 ], [ -63.4562313923402, -9.540931571810274 ], [ -63.45632250906089, -9.540931452422347 ], [ -63.456322148207597, -9.540660116545633 ], [ -63.456231031558957, -9.540660235930103 ], [ -63.456230911300928, -9.540569790635772 ], [ -63.456413144548982, -9.540569551845298 ], [ -63.456413024244121, -9.540479106552802 ], [ -63.456686374035201, -9.540478748191765 ], [ -63.456686253659484, -9.540388302902258 ], [ -63.456777370230114, -9.540388183402053 ] ], [ [ -63.456414708620841, -9.541745340604956 ], [ -63.456323591685205, -9.541745460027093 ], [ -63.456323832281505, -9.54192635060075 ], [ -63.456506066247684, -9.541926111728026 ], [ -63.456505945900901, -9.541835666443738 ], [ -63.456414828942421, -9.54183578589087 ], [ -63.456414708620841, -9.541745340604956 ] ], [ [ -63.456597303600979, -9.542016437538567 ], [ -63.456506186595661, -9.542016557011847 ], [ -63.456506306944831, -9.542107002295197 ], [ -63.456597423974173, -9.542106882820764 ], [ -63.456597303600979, -9.542016437538567 ] ] ] } },
{ "type": "Feature", "properties": { "area_m2": 6100.0 }, "geometry": { "type": "Polygon", "coordinates": [ [ [ -63.448760881889577, -9.541755288953158 ], [ -63.448761000193592, -9.541845734335068 ], [ -63.448943234308182, -9.54184549942237 ], [ -63.448943352661423, -9.541935944801544 ], [ -63.449034469740972, -9.541935827308295 ], [ -63.449034588119389, -9.542026272685867 ], [ -63.449125705221803, -9.542026155167642 ], [ -63.449125823625408, -9.542116600543606 ], [ -63.449216940750659, -9.542116483000409 ], [ -63.449217059179468, -9.542206928374767 ], [ -63.44930817632757, -9.542206810806594 ], [ -63.449308294781567, -9.542297256179346 ], [ -63.449399411952506, -9.542297138586196 ], [ -63.449399530431698, -9.542387583957346 ], [ -63.449490647625488, -9.542387466339216 ], [ -63.449490766129877, -9.54247791170876 ], [ -63.449673000561958, -9.542477676398699 ], [ -63.449673119115566, -9.542568121765502 ], [ -63.449764236353872, -9.542568004073571 ], [ -63.449764473512637, -9.5427488948035 ], [ -63.449673356226299, -9.542749012497699 ], [ -63.449673237670346, -9.542658567131838 ], [ -63.449491003142178, -9.542658802446438 ], [ -63.449490884635438, -9.542568357077835 ], [ -63.449399767393608, -9.542568474698234 ], [ -63.44939964891207, -9.542478029328024 ], [ -63.449126297251603, -9.542478382042761 ], [ -63.449126178843294, -9.542387936668678 ], [ -63.448761710042305, -9.54238840661665 ], [ -63.448761591731255, -9.54229796123756 ], [ -63.448488240190244, -9.542298313444787 ], [ -63.44848812195243, -9.542207868061832 ], [ -63.448397004793762, -9.542207985415423 ], [ -63.448396413742358, -9.541755758487927 ], [ -63.448760881889577, -9.541755288953158 ] ] ] } },
{ "type": "Feature", "properties": { "area_m2": 8000.0 }, "geometry": { "type": "Polygon", "coordinates": [ [ [ -63.459241270235367, -9.543188750638155 ], [ -63.459241512407296, -9.543369641122782 ], [ -63.459150395076385, -9.54336976130487 ], [ -63.459151121476822, -9.54391243275442 ], [ -63.45906000400057, -9.543912552919618 ], [ -63.459060851354202, -9.544545669597465 ], [ -63.458969733708578, -9.544545789746932 ], [ -63.458970096806055, -9.544817125462433 ], [ -63.458150037292711, -9.544818205765715 ], [ -63.45814991647525, -9.544727760517265 ], [ -63.458241034179729, -9.544727640580119 ], [ -63.458240671662459, -9.544456304835419 ], [ -63.458331789293666, -9.544456184877898 ], [ -63.458331910155579, -9.544546630125444 ], [ -63.458423027809594, -9.544546510142917 ], [ -63.458422906923659, -9.544456064896528 ], [ -63.458605142180055, -9.544455824862244 ], [ -63.458604900315677, -9.544274934372682 ], [ -63.45869601789402, -9.544274814322083 ], [ -63.458695896939616, -9.544184369077755 ], [ -63.458787014492742, -9.54418424900447 ], [ -63.458786772539447, -9.54400335851672 ], [ -63.458877890043325, -9.544003238421901 ], [ -63.458877769044456, -9.543912793178476 ], [ -63.458786651564594, -9.543912913272138 ], [ -63.458786409618519, -9.543732022781565 ], [ -63.458695292185503, -9.543732142849061 ], [ -63.458695171238283, -9.543641697601911 ], [ -63.458604053828097, -9.543641817644405 ], [ -63.458603932906094, -9.543551372395624 ], [ -63.459059519824898, -9.543550771950498 ], [ -63.459059398783978, -9.543460326707043 ], [ -63.458877164068106, -9.543460566954314 ], [ -63.458876922085963, -9.543279676461351 ], [ -63.45896803939646, -9.543279556351958 ], [ -63.458968160410954, -9.543370001597513 ], [ -63.459059277744267, -9.543369881463116 ], [ -63.459059035668439, -9.543188990973851 ], [ -63.459241270235367, -9.543188750638155 ] ], [ [ -63.458969249595391, -9.544184008786349 ], [ -63.45887813204466, -9.544184128907334 ], [ -63.458878253047132, -9.544274574149345 ], [ -63.458969370621887, -9.544274454027201 ], [ -63.458969249595391, -9.544184008786349 ] ], [ [ -63.458787135471184, -9.544274694247639 ], [ -63.45869601789402, -9.544274814322083 ], [ -63.458696138849653, -9.544365259565941 ], [ -63.458787256450833, -9.544365139490335 ], [ -63.458787135471184, -9.544274694247639 ] ], [ [ -63.458787619396951, -9.544636475215608 ], [ -63.458696501723701, -9.544636595294691 ], [ -63.458696622684116, -9.544727040536664 ], [ -63.458787740381396, -9.544726920456426 ], [ -63.458787619396951, -9.544636475215608 ] ] ] } },
{ "type": "Feature", "properties": { "area_m2": 20300.0 }, "geometry": { "type": "Polygon", "coordinates": [ [ [ -63.432634517337277, -9.54286104775508 ], [ -63.432634631403545, -9.54295149332831 ], [ -63.432725748953658, -9.542951380090784 ], [ -63.432725863045064, -9.543041825662453 ], [ -63.432634745470935, -9.543041938901073 ], [ -63.432635087679898, -9.543313275616535 ], [ -63.43245285238411, -9.543313502028793 ], [ -63.432452966407979, -9.543403947601858 ], [ -63.432088495706736, -9.543404400144592 ], [ -63.432088609635642, -9.543494845721554 ], [ -63.431906374230188, -9.543495071852028 ], [ -63.431906488112183, -9.543585517430699 ], [ -63.432179841290733, -9.543585178195949 ], [ -63.432179955245935, -9.543675623770877 ], [ -63.432544426230947, -9.543675171119663 ], [ -63.432544312179658, -9.543584725549101 ], [ -63.432817665334476, -9.543584385813574 ], [ -63.432817551212246, -9.543493940245821 ], [ -63.432908668904233, -9.543493826954045 ], [ -63.432908783050486, -9.543584272520707 ], [ -63.433182136191704, -9.543583932499027 ], [ -63.433182250411164, -9.543674378061938 ], [ -63.433091132674527, -9.543674491427439 ], [ -63.433091246871101, -9.543764936990975 ], [ -63.433182364631747, -9.543764823624379 ], [ -63.433182821525442, -9.54412660586944 ], [ -63.433000585810788, -9.544126832587533 ], [ -63.433000699988995, -9.544217278149809 ], [ -63.432636228450008, -9.54421773130419 ], [ -63.43263634253325, -9.544308176870366 ], [ -63.432545224621649, -9.544308290100432 ], [ -63.43254533868199, -9.544398735667233 ], [ -63.432636456617608, -9.544398622436075 ], [ -63.432637027056401, -9.544850850257562 ], [ -63.432545909000645, -9.544850963494184 ], [ -63.432546023067765, -9.544941409058159 ], [ -63.432454904986855, -9.544941522272023 ], [ -63.432454676901784, -9.544760631141411 ], [ -63.432363558867799, -9.54476074432924 ], [ -63.432363444850978, -9.544670298762139 ], [ -63.432272326839893, -9.544670411925027 ], [ -63.43227221284824, -9.544579966356364 ], [ -63.432089976870706, -9.544580192608407 ], [ -63.432090090814306, -9.544670638179255 ], [ -63.432181208827672, -9.544670525064067 ], [ -63.432181436766307, -9.544851416202169 ], [ -63.432090318704908, -9.544851529319542 ], [ -63.43209043265189, -9.54494197488898 ], [ -63.431817078388811, -9.544942314101274 ], [ -63.431815142668931, -9.543404739301259 ], [ -63.431724024987403, -9.543404852305789 ], [ -63.431723683495711, -9.543133515558997 ], [ -63.431814801105169, -9.543133402557737 ], [ -63.431814687252853, -9.54304295697562 ], [ -63.432088040002384, -9.543042617832045 ], [ -63.432088267852293, -9.543223508989259 ], [ -63.432179385481255, -9.54322339589153 ], [ -63.432179043636019, -9.542952059158273 ], [ -63.432543513852302, -9.542951606541992 ], [ -63.432543399810051, -9.542861160967668 ], [ -63.432634517337277, -9.54286104775508 ] ], [ [ -63.43245273836137, -9.543223056455259 ], [ -63.432361620735797, -9.543223169624527 ], [ -63.432361734734513, -9.543313615199155 ], [ -63.43245285238411, -9.543313502028793 ], [ -63.43245273836137, -9.543223056455259 ] ] ] } },
{ "type": "Feature", "properties": { "area_m2": 7400.0 }, "geometry": { "type": "Polygon", "coordinates": [ [ [ -63.455324906832786, -9.54446013088422 ], [ -63.455325627265047, -9.545002802590844 ], [ -63.455416745078622, -9.545002683389569 ], [ -63.455416504881718, -9.544821792824877 ], [ -63.45550762264606, -9.544821673602053 ], [ -63.45550738240587, -9.544640783037776 ], [ -63.455689617834857, -9.54464054452518 ], [ -63.455689497668487, -9.544550099244637 ], [ -63.45578061535717, -9.544549979953716 ], [ -63.455780975931923, -9.544821315790481 ], [ -63.45587209369149, -9.54482119647226 ], [ -63.455872334128649, -9.545002087025445 ], [ -63.455781216321029, -9.54500220634597 ], [ -63.455781456714924, -9.54518309689958 ], [ -63.455690338858055, -9.545183216198557 ], [ -63.455690459032752, -9.545273661475806 ], [ -63.455599341150673, -9.545273780752082 ], [ -63.455599461302533, -9.54536422603001 ], [ -63.455417225486727, -9.545364464513312 ], [ -63.455417345591734, -9.545454909793072 ], [ -63.455326227658013, -9.545455029000095 ], [ -63.455326347740169, -9.545545474280537 ], [ -63.455235229781245, -9.54554559346486 ], [ -63.455235349840571, -9.545636038745979 ], [ -63.45505311387106, -9.54563627704537 ], [ -63.455052993859802, -9.545545831761954 ], [ -63.45496187589729, -9.545545950874724 ], [ -63.454961755911242, -9.545455505589688 ], [ -63.454870637971567, -9.545455624677457 ], [ -63.454870518010736, -9.545365179390801 ], [ -63.454961635926374, -9.54536506030418 ], [ -63.454961155998824, -9.545003279157449 ], [ -63.454596684713565, -9.54500375534246 ], [ -63.454596564830766, -9.54491331005001 ], [ -63.454687682629839, -9.544913191040678 ], [ -63.454687562724182, -9.544822745748906 ], [ -63.454869798270714, -9.544822507660992 ], [ -63.454869918224404, -9.544912952950469 ], [ -63.455052153814229, -9.544912714764862 ], [ -63.45505239382129, -9.545093605337813 ], [ -63.455234629502463, -9.545093367052214 ], [ -63.455234389399287, -9.544912476483859 ], [ -63.455143271607348, -9.544912595636285 ], [ -63.455143151581574, -9.544822150350258 ], [ -63.455234269349475, -9.544822031198979 ], [ -63.455233789162172, -9.544460250054748 ], [ -63.455324906832786, -9.54446013088422 ] ] ] } },
{ "type": "Feature", "properties": { "area_m2": 43200.0 }, "geometry": { "type": "Polygon", "coordinates": [ [ [ -63.460516547811565, -9.542915729935935 ], [ -63.460516669229619, -9.543006175163637 ], [ -63.46060778644641, -9.543006054628519 ], [ -63.460608879479331, -9.543820061646205 ], [ -63.460335527176746, -9.543820423211427 ], [ -63.460335648558797, -9.543910868436749 ], [ -63.460244531098162, -9.543910988911961 ], [ -63.460244652457405, -9.544001434137973 ], [ -63.460153534971539, -9.544001554590496 ], [ -63.460153656307959, -9.544091999817205 ], [ -63.460062538796869, -9.544092120247045 ], [ -63.460062174863324, -9.543820784562028 ], [ -63.459971057423104, -9.543820904964536 ], [ -63.459970693572444, -9.543549569271798 ], [ -63.459788458832556, -9.543549809998305 ], [ -63.459788822539068, -9.543821145698011 ], [ -63.459697705095238, -9.543821266028978 ], [ -63.459698189958004, -9.544183046959972 ], [ -63.459789307497914, -9.544182926624362 ], [ -63.459789186256401, -9.544092481393481 ], [ -63.459971421284578, -9.544092240653038 ], [ -63.459971542574152, -9.544182685881598 ], [ -63.460062660110459, -9.544182565474443 ], [ -63.46006278142525, -9.544273010701371 ], [ -63.460245016542316, -9.544272769813196 ], [ -63.460245137906355, -9.544363215037331 ], [ -63.460609608222143, -9.544362732970159 ], [ -63.460611065837846, -9.545448075567258 ], [ -63.460246594368776, -9.545448557690234 ], [ -63.460246472990299, -9.545358112471746 ], [ -63.460064237296599, -9.545358353387806 ], [ -63.46006411596737, -9.545267908166528 ], [ -63.46051970507245, -9.545267305703307 ], [ -63.46051958362429, -9.545176860487366 ], [ -63.460337348033917, -9.54517710154188 ], [ -63.460337226635012, -9.545086656323143 ], [ -63.460246108862059, -9.545086776813463 ], [ -63.460245866115912, -9.54490588637225 ], [ -63.460154748389805, -9.544906006836397 ], [ -63.460154869738247, -9.544996452058397 ], [ -63.459699280969502, -9.54499705402719 ], [ -63.459699402199014, -9.54508749925453 ], [ -63.45988163775818, -9.545087258536238 ], [ -63.459881759036939, -9.545177703760785 ], [ -63.459972876838748, -9.545177583364708 ], [ -63.459973240754344, -9.545448919032035 ], [ -63.460064358627029, -9.54544879860862 ], [ -63.460064601291506, -9.54562968904883 ], [ -63.459973483370753, -9.545629809474569 ], [ -63.459973362061959, -9.545539364253539 ], [ -63.459882244164035, -9.545539484654267 ], [ -63.459882365448827, -9.545629929876458 ], [ -63.459791247525672, -9.545630050254495 ], [ -63.459791005005378, -9.545449159807315 ], [ -63.459608769251602, -9.54544940048719 ], [ -63.459608890463088, -9.545539845713337 ], [ -63.459426654656447, -9.545540086300132 ], [ -63.459426533493001, -9.545449641071665 ], [ -63.458879826188422, -9.545450362252668 ], [ -63.458879947207684, -9.54554080748809 ], [ -63.458788829295358, -9.545540927602607 ], [ -63.458789071289438, -9.545721818074357 ], [ -63.458697953327857, -9.545721938167336 ], [ -63.458698074302667, -9.545812383403666 ], [ -63.458606956315855, -9.545812503473954 ], [ -63.458607077267835, -9.545902948710971 ], [ -63.458515959255791, -9.545903068758566 ], [ -63.458515838327848, -9.545812623520391 ], [ -63.458424720338627, -9.545812743542974 ], [ -63.458424841242554, -9.545903188782306 ], [ -63.458060369177602, -9.545903668638749 ], [ -63.458060248369804, -9.54581322339479 ], [ -63.457969130374607, -9.545813343298114 ], [ -63.457969251158374, -9.545903788543232 ], [ -63.457878133137946, -9.545903908423861 ], [ -63.457877287844866, -9.545270791690067 ], [ -63.457968405697102, -9.54527067181753 ], [ -63.45796792260272, -9.544908890821063 ], [ -63.458059040357647, -9.5449087709293 ], [ -63.458059161153471, -9.544999216177969 ], [ -63.458696985572558, -9.544998376259766 ], [ -63.458696864608541, -9.544907931019202 ], [ -63.458787982353876, -9.544907810936646 ], [ -63.458788103341924, -9.544998256176054 ], [ -63.458970338877037, -9.544998015937077 ], [ -63.458970701992534, -9.545269351645519 ], [ -63.459061819830374, -9.545269231486779 ], [ -63.459061456642807, -9.544997895781815 ], [ -63.459152574407362, -9.544997775602702 ], [ -63.459151968998626, -9.544545549424152 ], [ -63.459243086641855, -9.544545429226988 ], [ -63.459241875674181, -9.543640976846193 ], [ -63.459332993075961, -9.543640856636779 ], [ -63.459332508626431, -9.543279075675926 ], [ -63.459423625930917, -9.543278955447303 ], [ -63.459423262534308, -9.543007619725206 ], [ -63.45960549699555, -9.543007379203392 ], [ -63.459605618174592, -9.54309782444224 ], [ -63.459696735427435, -9.543097704144405 ], [ -63.45969661422437, -9.543007258906716 ], [ -63.459969965903603, -9.543006897873623 ], [ -63.459969844629683, -9.542916452638947 ], [ -63.460152079028454, -9.542916211833321 ], [ -63.460152200350429, -9.543006657065673 ], [ -63.46006108312762, -9.543006777481571 ], [ -63.460061689635417, -9.543459003642084 ], [ -63.460152806978336, -9.543458883220378 ], [ -63.460152564323565, -9.543277992759906 ], [ -63.460243681617236, -9.543277872316679 ], [ -63.460243438919235, -9.543096981856651 ], [ -63.460334556163659, -9.543096861391902 ], [ -63.460334434792429, -9.543006416162344 ], [ -63.460425552011621, -9.543006295674912 ], [ -63.460425430617583, -9.542915850446047 ], [ -63.460516547811565, -9.542915729935935 ] ], [ [ -63.459878969929512, -9.543097463477199 ], [ -63.459787852679071, -9.543097583822725 ], [ -63.45978797390736, -9.543188029058783 ], [ -63.459879091181826, -9.543187908712095 ], [ -63.459878969929512, -9.543097463477199 ] ], [ [ -63.459605618174592, -9.54309782444224 ], [ -63.459514500920555, -9.543097944716232 ], [ -63.459514743234202, -9.543278835194839 ], [ -63.459605860536293, -9.543278714918527 ], [ -63.459605618174592, -9.54309782444224 ] ], [ [ -63.459698189958004, -9.544183046959972 ], [ -63.459607072416873, -9.544183167271736 ], [ -63.459607193611539, -9.544273612504471 ], [ -63.459516076045198, -9.544273732793545 ], [ -63.459516318390094, -9.544454623259924 ], [ -63.45960743600449, -9.544454502968525 ], [ -63.459607314807414, -9.544364057736736 ], [ -63.459698432396586, -9.544363937422647 ], [ -63.459698189958004, -9.544183046959972 ] ], [ [ -63.459516318390094, -9.544454623259924 ], [ -63.45942520077449, -9.544454743527474 ], [ -63.459425321924712, -9.544545188761113 ], [ -63.459334204283884, -9.544545309005976 ], [ -63.459334446539884, -9.544726199474169 ], [ -63.459425564228759, -9.544726079226988 ], [ -63.459425443076142, -9.544635633994288 ], [ -63.459516560739786, -9.544635513724417 ], [ -63.459516318390094, -9.544454623259924 ] ], [ [ -63.459789913723526, -9.544635152771717 ], [ -63.459698796063485, -9.544635273113132 ], [ -63.459699038514088, -9.544816163571102 ], [ -63.459790156222184, -9.544816043227369 ], [ -63.459789913723526, -9.544635152771717 ] ], [ [ -63.459790762489888, -9.545268269358253 ], [ -63.459608526832213, -9.545268510033488 ], [ -63.459608648041296, -9.545358955260573 ], [ -63.459790883747019, -9.545358714583019 ], [ -63.459790762489888, -9.545268269358253 ] ] ] } },
{ "type": "Feature", "properties": { "area_m2": 29800.0 }, "geometry": { "type": "Polygon", "coordinates": [ [ [ -63.369673316593627, -9.544109394675869 ], [ -63.369673414073091, -9.544199840942944 ], [ -63.369764532660405, -9.544199744170339 ], [ -63.369764630164852, -9.544290190436012 ], [ -63.369855748775215, -9.544290093638622 ], [ -63.36985584630466, -9.544380539902891 ], [ -63.370038083570563, -9.544380346234696 ], [ -63.370037985993065, -9.544289899972297 ], [ -63.370129104600537, -9.544289803103357 ], [ -63.370129397408007, -9.54456114188635 ], [ -63.369856041366454, -9.544561432430022 ], [ -63.369856138898811, -9.54465187869288 ], [ -63.369947257604316, -9.544651781867906 ], [ -63.369947355161663, -9.544742228129364 ], [ -63.370038473890233, -9.5447421312796 ], [ -63.370038571472563, -9.544832577539657 ], [ -63.370129690224196, -9.544832480665111 ], [ -63.37012978783153, -9.544922926923762 ], [ -63.370312025379938, -9.544922733101251 ], [ -63.3703121230363, -9.545013179357557 ], [ -63.370403241833088, -9.545013082409593 ], [ -63.370403144152689, -9.544922636154222 ], [ -63.37076761923403, -9.544922248127593 ], [ -63.370767521458511, -9.544831801875494 ], [ -63.370949758945308, -9.544831607720951 ], [ -63.370949954593442, -9.545012500220933 ], [ -63.371041073383431, -9.545012403106014 ], [ -63.371040975534854, -9.544921956857195 ], [ -63.37113209429986, -9.544921859719363 ], [ -63.371131996428225, -9.544831413471009 ], [ -63.37122311516822, -9.54483131631026 ], [ -63.371223017273529, -9.544740870062373 ], [ -63.371314135988541, -9.544740772878717 ], [ -63.371314233907263, -9.544831219125662 ], [ -63.3714964713824, -9.544831024684918 ], [ -63.371496569350157, -9.544921470929522 ], [ -63.371678806869468, -9.544921276391497 ], [ -63.371678512824985, -9.544649937661909 ], [ -63.3717696315111, -9.544649840359936 ], [ -63.371769827587848, -9.54483073284492 ], [ -63.37186094632105, -9.544830635517222 ], [ -63.3718610443849, -9.544921081758069 ], [ -63.371769925627682, -9.544921179086709 ], [ -63.371770121710249, -9.545102071568868 ], [ -63.371861240515535, -9.545101974238355 ], [ -63.371861338582306, -9.545192420477793 ], [ -63.371587982091448, -9.545192712400604 ], [ -63.371588080087115, -9.545283158642391 ], [ -63.371496961230854, -9.545283255903231 ], [ -63.371496863259217, -9.545192809660506 ], [ -63.371314625591843, -9.545193004108755 ], [ -63.371314723515411, -9.545283450353356 ], [ -63.371132485796103, -9.545283644708073 ], [ -63.371132387920589, -9.545193198461599 ], [ -63.371041269083499, -9.545193295602244 ], [ -63.371041171232982, -9.545102849354363 ], [ -63.370950052418955, -9.54510294647022 ], [ -63.370950150245442, -9.545193392719037 ], [ -63.370676793725465, -9.545193683926316 ], [ -63.370676891480834, -9.545284130177471 ], [ -63.370403534880033, -9.545284421172893 ], [ -63.37040343719675, -9.545193974918929 ], [ -63.370312318351907, -9.545194071868766 ], [ -63.370312220693613, -9.545103625613397 ], [ -63.37012998304909, -9.545103819439646 ], [ -63.370130080659322, -9.545194265696884 ], [ -63.369856724113184, -9.545194556260176 ], [ -63.369856821652299, -9.545285002519748 ], [ -63.369765702777627, -9.54528509932741 ], [ -63.369766873034088, -9.546370454416801 ], [ -63.369857992197119, -9.546370357597931 ], [ -63.369858284855098, -9.546641696356902 ], [ -63.369767165619962, -9.546641793178573 ], [ -63.369767360682033, -9.546822685684072 ], [ -63.369585122112746, -9.54682287925958 ], [ -63.369585024629288, -9.546732433005198 ], [ -63.3691294283093, -9.54673291652184 ], [ -63.369129330946961, -9.546642470262325 ], [ -63.368400376977064, -9.546643242641037 ], [ -63.368400279807958, -9.546552796373605 ], [ -63.368126922125441, -9.546553085619227 ], [ -63.368126825029393, -9.54646263934853 ], [ -63.368035705823992, -9.5464627357151 ], [ -63.36803560875294, -9.546372289443008 ], [ -63.368217847114707, -9.546372096687874 ], [ -63.36821774999656, -9.546281650417169 ], [ -63.368399988306408, -9.54628145756848 ], [ -63.368400085472636, -9.546371903837324 ], [ -63.368491204650148, -9.54637180737627 ], [ -63.368491107459903, -9.546281361108356 ], [ -63.368582226612418, -9.546281264624376 ], [ -63.368582129399101, -9.546190818356923 ], [ -63.368764367653192, -9.546190625319268 ], [ -63.368764464914562, -9.546281071584856 ], [ -63.368855584064207, -9.546280975029315 ], [ -63.368855389494342, -9.546100082499525 ], [ -63.368946508594952, -9.546099985921991 ], [ -63.368946605903425, -9.546190432186192 ], [ -63.369037725027091, -9.546190335583873 ], [ -63.369037433032467, -9.545918996792665 ], [ -63.369128552083076, -9.545918900169289 ], [ -63.369128357376759, -9.545738007641329 ], [ -63.369037238374197, -9.545738104262842 ], [ -63.3690370437198, -9.545557211731138 ], [ -63.369492638482605, -9.545556728394379 ], [ -63.369492053821695, -9.545014050815965 ], [ -63.369309816207817, -9.54501424421103 ], [ -63.369309524034584, -9.544742905409882 ], [ -63.369400642769918, -9.54474280872707 ], [ -63.369400447944535, -9.544561916192487 ], [ -63.369491566630856, -9.544561819487695 ], [ -63.369491079464147, -9.544109588147672 ], [ -63.369673316593627, -9.544109394675869 ] ], [ [ -63.370038571472563, -9.544832577539657 ], [ -63.369856333966403, -9.544832771217193 ], [ -63.369856529037861, -9.545013663739622 ], [ -63.369947647839481, -9.545013566910912 ], [ -63.369947550279235, -9.544923120650868 ], [ -63.370038669055873, -9.544923023799239 ], [ -63.370038571472563, -9.544832577539657 ] ], [ [ -63.368855681350574, -9.546371421293506 ], [ -63.368764562176906, -9.546371517849975 ], [ -63.368764659440217, -9.546461964114629 ], [ -63.368855778637915, -9.546461867557227 ], [ -63.368855681350574, -9.546371421293506 ] ] ] } },
{ "type": "Feature", "properties": { "area_m2": 6000.0 }, "geometry": { "type": "Polygon", "coordinates": [ [ [ -63.459428229890442, -9.546715874227388 ], [ -63.459428351070692, -9.546806319449269 ], [ -63.46006617872785, -9.546805476864328 ], [ -63.460066300077536, -9.546895922077608 ], [ -63.460157418333495, -9.546895801611754 ], [ -63.460157539708405, -9.546986246823403 ], [ -63.460248657987194, -9.546986126332529 ], [ -63.460248536588246, -9.546895681122042 ], [ -63.46033965484181, -9.546895560608476 ], [ -63.460339897688968, -9.547076451026657 ], [ -63.460248779387349, -9.547076571542545 ], [ -63.460248900788706, -9.547167016752095 ], [ -63.460157782461849, -9.547167137245291 ], [ -63.460158389366505, -9.547619363291775 ], [ -63.459976152468847, -9.547619604218223 ], [ -63.459976273805331, -9.54771004942843 ], [ -63.459885155330667, -9.54771016985703 ], [ -63.45988491270699, -9.547529279433817 ], [ -63.459793794279186, -9.54752939983624 ], [ -63.459793430424803, -9.547258064194413 ], [ -63.459611193709797, -9.547258304920721 ], [ -63.459611072475475, -9.547167859703514 ], [ -63.459519954140198, -9.547167980029721 ], [ -63.459519832931107, -9.547077534810889 ], [ -63.459428714618667, -9.547077655112082 ], [ -63.459428593434815, -9.546987209891613 ], [ -63.459337475145198, -9.546987330167795 ], [ -63.459337232829157, -9.546806439723129 ], [ -63.459246114586406, -9.546806559973135 ], [ -63.459245993454218, -9.546716114748934 ], [ -63.459428229890442, -9.546715874227388 ] ] ] } },
{ "type": "Feature", "properties": { "area_m2": 12300.0 }, "geometry": { "type": "Polygon", "coordinates": [ [ [ -63.395187517799201, -9.544985827037342 ], [ -63.395187622016174, -9.545076273029327 ], [ -63.395552096200184, -9.545075859045559 ], [ -63.395552200514288, -9.545166305033081 ], [ -63.395643319081742, -9.545166201476516 ], [ -63.395644049477681, -9.545799323369003 ], [ -63.395552930742021, -9.545799426932565 ], [ -63.395552617781078, -9.545528088978465 ], [ -63.395461499116486, -9.545528192515176 ], [ -63.395461916303702, -9.54588997645703 ], [ -63.39537079754195, -9.545890079973884 ], [ -63.395370588994325, -9.545709188001901 ], [ -63.395279470279611, -9.545709291492905 ], [ -63.395280304302652, -9.546432859377546 ], [ -63.39537142320961, -9.546432755878556 ], [ -63.39537131892908, -9.546342309895619 ], [ -63.395462437810984, -9.546342206373772 ], [ -63.39546306365385, -9.546884882258349 ], [ -63.395371944627762, -9.546884985786184 ], [ -63.39537163177377, -9.546613647843017 ], [ -63.395280512818729, -9.546613751344003 ], [ -63.395281451192325, -9.547427765169791 ], [ -63.395372570363648, -9.547427661659819 ], [ -63.395372674656585, -9.547518107637114 ], [ -63.395463793850915, -9.547518004102288 ], [ -63.395463898168906, -9.547608450078114 ], [ -63.395555017386243, -9.547608346518434 ], [ -63.395555121729309, -9.547698792492788 ], [ -63.395646240969647, -9.54769868890825 ], [ -63.395646449706959, -9.547879580853555 ], [ -63.395737568994328, -9.547879477243162 ], [ -63.39573777778385, -9.548060369184588 ], [ -63.395646658448413, -9.548060472796978 ], [ -63.395646554077167, -9.547970026825501 ], [ -63.395555434764731, -9.547970130413036 ], [ -63.395555539111939, -9.548060576385511 ], [ -63.395464419774441, -9.548060679950186 ], [ -63.395464106808014, -9.547789342028356 ], [ -63.395372987541592, -9.547789445566176 ], [ -63.395373196136767, -9.547970337516531 ], [ -63.395282076821232, -9.547970441032492 ], [ -63.395282181096327, -9.548060887007964 ], [ -63.395373300435907, -9.548060783491003 ], [ -63.395373404736063, -9.548151229465006 ], [ -63.395464524098649, -9.548151125923191 ], [ -63.395464628423881, -9.548241571895725 ], [ -63.395373509037277, -9.548241675438538 ], [ -63.395374134866223, -9.548784351269854 ], [ -63.395738612983351, -9.548783936931473 ], [ -63.395738717387928, -9.54887438289772 ], [ -63.395192000061812, -9.548875004268119 ], [ -63.395190332019965, -9.547427868655907 ], [ -63.395099212846574, -9.547427972118165 ], [ -63.395099108626766, -9.547337526137408 ], [ -63.395190227776126, -9.547337422676145 ], [ -63.395189393862672, -9.546613854821137 ], [ -63.395098274905578, -9.546613958274413 ], [ -63.395096399274642, -9.544985930472658 ], [ -63.395187517799201, -9.544985827037342 ] ], [ [ -63.39555230482943, -9.545256751020132 ], [ -63.395278949048809, -9.545257061549723 ], [ -63.395279366031382, -9.54561884550521 ], [ -63.395370484722079, -9.545618742015204 ], [ -63.395370171911516, -9.54534740405229 ], [ -63.395461290529084, -9.545347300541428 ], [ -63.39546139482227, -9.545437746528536 ], [ -63.395552513462825, -9.545437642992821 ], [ -63.39555230482943, -9.545256751020132 ] ] ] } },
{ "type": "Feature", "properties": { "area_m2": 26000.0 }, "geometry": { "type": "Polygon", "coordinates": [ [ [ -63.427994407370143, -9.548383973682233 ], [ -63.427994746101746, -9.548655310480694 ], [ -63.427903626979273, -9.548655422546373 ], [ -63.427903739868007, -9.548745868145998 ], [ -63.427994859014532, -9.54874575607924 ], [ -63.427996326982459, -9.549921548817528 ], [ -63.427905207523445, -9.549921660898335 ], [ -63.42790532042784, -9.550012106491375 ], [ -63.427814200943658, -9.550012218549394 ], [ -63.427814313825145, -9.550102664143045 ], [ -63.427540955293786, -9.550103000177177 ], [ -63.427540842484426, -9.550012554580286 ], [ -63.427358603506001, -9.550012778481566 ], [ -63.427358716267285, -9.550103224080615 ], [ -63.426811999160968, -9.550103895218218 ], [ -63.426811661313216, -9.549832558400249 ], [ -63.426720541863702, -9.549832670169762 ], [ -63.426719641177776, -9.549109105292525 ], [ -63.426628521919469, -9.549109217029553 ], [ -63.426627846596119, -9.548566543345402 ], [ -63.426718965710201, -9.548566431614834 ], [ -63.426718853136173, -9.548475986000236 ], [ -63.426901091312921, -9.54847576246968 ], [ -63.426900978691933, -9.548385316856772 ], [ -63.42708321681615, -9.548385093232932 ], [ -63.4270833294852, -9.548475538843686 ], [ -63.427174448569666, -9.548475426994905 ], [ -63.427174335876579, -9.548384981385228 ], [ -63.427994407370143, -9.548383973682233 ] ] ] } },
{ "type": "Feature", "properties": { "area_m2": 20000.0 }, "geometry": { "type": "Polygon", "coordinates": [ [ [ -63.457152806512646, -9.548618224056886 ], [ -63.457152927117221, -9.548708669297813 ], [ -63.457244045892239, -9.548708549572211 ], [ -63.457244407785225, -9.548979885288706 ], [ -63.457153288938088, -9.548980005017773 ], [ -63.457153409547445, -9.549070450256817 ], [ -63.456971171801506, -9.549070689645676 ], [ -63.456971292363981, -9.549161134886562 ], [ -63.45669793566401, -9.549161493794363 ], [ -63.45669805615556, -9.549251939038236 ], [ -63.456242461511536, -9.549252536746463 ], [ -63.456242341140175, -9.549162091496829 ], [ -63.455786746586512, -9.549162688602784 ], [ -63.455786866837684, -9.549253133858178 ], [ -63.455513510019067, -9.549253491838881 ], [ -63.455513389840014, -9.549163046580036 ], [ -63.455422270922128, -9.549163165858065 ], [ -63.45542239107715, -9.549253611118061 ], [ -63.454966796349687, -9.549254207156055 ], [ -63.454966916385708, -9.549344652421325 ], [ -63.454693559462839, -9.54934500976124 ], [ -63.454693679427933, -9.549435455029485 ], [ -63.454511441425325, -9.549435693139086 ], [ -63.454511561343523, -9.54952613840916 ], [ -63.454420442316398, -9.549526257429319 ], [ -63.454420562211759, -9.549616702700066 ], [ -63.454238324105873, -9.549616940671092 ], [ -63.454238443954324, -9.549707385943663 ], [ -63.454147324875564, -9.549707504894531 ], [ -63.454147444701171, -9.549797950167777 ], [ -63.453782968278084, -9.549798425737217 ], [ -63.453783088008713, -9.549888871014581 ], [ -63.453327492332953, -9.549889464945212 ], [ -63.45332761194458, -9.54997991022783 ], [ -63.452963135286481, -9.549980384947391 ], [ -63.452963254803123, -9.550070830234116 ], [ -63.452143182036743, -9.55007189696747 ], [ -63.452143301338218, -9.550162342264006 ], [ -63.452052182112006, -9.550162460671762 ], [ -63.452052301390616, -9.550252905968973 ], [ -63.451870062886535, -9.55025314271518 ], [ -63.451869943656014, -9.550162697415688 ], [ -63.451778824426256, -9.550162815751857 ], [ -63.451778705220946, -9.550072370450751 ], [ -63.451687586014032, -9.550072488761915 ], [ -63.451687466833953, -9.549982043459201 ], [ -63.450776274940367, -9.549983225247004 ], [ -63.450776393880055, -9.550073670561114 ], [ -63.450594155439106, -9.5500739066346 ], [ -63.450594274331891, -9.550164351950514 ], [ -63.450320916589504, -9.550164705885189 ], [ -63.450320797768839, -9.550074260565861 ], [ -63.450411916993453, -9.550074142612637 ], [ -63.450411798149922, -9.549983697293976 ], [ -63.450594036547507, -9.549983461318213 ], [ -63.450593917657073, -9.549893016001356 ], [ -63.450867275172499, -9.54989266186216 ], [ -63.450867156211125, -9.549802216548246 ], [ -63.451140513643807, -9.549801862197706 ], [ -63.451140632677301, -9.549892307508205 ], [ -63.451413990171481, -9.549891952939488 ], [ -63.451413871065874, -9.549801507632411 ], [ -63.451504990204207, -9.549801389396254 ], [ -63.451505109333851, -9.549891834702194 ], [ -63.451596228495042, -9.549891716441035 ], [ -63.451596109341345, -9.549801271136236 ], [ -63.451778347612098, -9.549801034544613 ], [ -63.45177846681387, -9.54989147984713 ], [ -63.452234062590279, -9.549890887944784 ], [ -63.452234181913418, -9.549981333241123 ], [ -63.452325301089182, -9.549981214787923 ], [ -63.452325181741998, -9.549890769492729 ], [ -63.452963015771005, -9.549889939660195 ], [ -63.452962896256729, -9.549799494372529 ], [ -63.453327372722519, -9.549799019662119 ], [ -63.453327253113258, -9.549708574378561 ], [ -63.453600610378047, -9.549708218098639 ], [ -63.453600490697852, -9.549617772818044 ], [ -63.453964966938123, -9.54961729744867 ], [ -63.453964847162972, -9.549526852172184 ], [ -63.454055966196023, -9.549526733271335 ], [ -63.45405584639802, -9.549436287995526 ], [ -63.454146965405855, -9.549436169071962 ], [ -63.454146845584994, -9.549345723796829 ], [ -63.454237964567618, -9.549345604850551 ], [ -63.454237844723892, -9.549255159576097 ], [ -63.454420082637483, -9.549254921614247 ], [ -63.454419962746883, -9.549164476341618 ], [ -63.45451108167785, -9.549164357326053 ], [ -63.454510961764399, -9.549073912054096 ], [ -63.454693199574699, -9.549073673953675 ], [ -63.454693319536226, -9.549164119223336 ], [ -63.454784438463619, -9.549164000136189 ], [ -63.454784318478055, -9.549073554867677 ], [ -63.455513269662148, -9.54907260132072 ], [ -63.455513149485476, -9.548982156060934 ], [ -63.455786506087748, -9.548981798090585 ], [ -63.455786385840149, -9.548891352833783 ], [ -63.456059742359592, -9.548890994652151 ], [ -63.456059862679297, -9.5489814399055 ], [ -63.456150981540766, -9.548981320462751 ], [ -63.45615086119701, -9.548890875210553 ], [ -63.456333098868292, -9.548890636255781 ], [ -63.456332858088231, -9.548709745754577 ], [ -63.456423976874014, -9.548709626243706 ], [ -63.456424097287474, -9.548800071493389 ], [ -63.456515216096093, -9.548799951957507 ], [ -63.456515336534792, -9.54889039720557 ], [ -63.456697574196518, -9.548890158059923 ], [ -63.456697453709751, -9.548799712814166 ], [ -63.456788572514782, -9.548799593206704 ], [ -63.456788693025594, -9.548890038451308 ], [ -63.456970930680157, -9.548889799162502 ], [ -63.456970689563583, -9.54870890867744 ], [ -63.457061808340988, -9.548708788999557 ], [ -63.457061687760465, -9.548618343757475 ], [ -63.457152806512646, -9.548618224056886 ] ] ] } },
{ "type": "Feature", "properties": { "area_m2": 141800.0 }, "geometry": { "type": "Polygon", "coordinates": [ [ [ -63.381613362596994, -9.547262129236506 ], [ -63.381613463258738, -9.547352575362872 ], [ -63.382433536919848, -9.547351675129503 ], [ -63.382433637798911, -9.547442121246718 ], [ -63.383253711595323, -9.547441219072269 ], [ -63.383253812691684, -9.547531665180312 ], [ -63.384256125263654, -9.547530559887749 ], [ -63.384256023902907, -9.547440113790367 ], [ -63.384347143197566, -9.547440013167053 ], [ -63.384348562675953, -9.548706258474049 ], [ -63.384439682306123, -9.548706157813285 ], [ -63.384439885152908, -9.548887049990535 ], [ -63.384348765474662, -9.548887150653236 ], [ -63.384348866875527, -9.548977596742127 ], [ -63.384439986577803, -9.548977496078457 ], [ -63.384440290858535, -9.549248834339391 ], [ -63.384349171084132, -9.549248935005975 ], [ -63.384349272489018, -9.549339381092985 ], [ -63.384440392287452, -9.549339280425428 ], [ -63.384441710954903, -9.550515079501128 ], [ -63.384350590843937, -9.550515180181302 ], [ -63.384350489425998, -9.550424734100407 ], [ -63.384259369338068, -9.550424834755745 ], [ -63.384259267945168, -9.550334388673408 ], [ -63.384168147880281, -9.550334489303911 ], [ -63.384168350618999, -9.550515381470051 ], [ -63.384077230505014, -9.550515482078632 ], [ -63.384077331851842, -9.550605928161968 ], [ -63.382710529661132, -9.550607434441424 ], [ -63.382710630648326, -9.550697880538809 ], [ -63.382528390291114, -9.550698080972301 ], [ -63.382528289352017, -9.550607634872984 ], [ -63.382163808721756, -9.550608035449722 ], [ -63.382163909564689, -9.550698481552903 ], [ -63.380888226896396, -9.55069988057801 ], [ -63.380888126390069, -9.550609434461343 ], [ -63.380797006216035, -9.550609534211759 ], [ -63.38079590097658, -9.549614626886779 ], [ -63.380704781066015, -9.549614726602751 ], [ -63.380702169785749, -9.547263127219807 ], [ -63.381340004764084, -9.547262428881988 ], [ -63.381340105353729, -9.547352875011242 ], [ -63.381431224656403, -9.54735277515231 ], [ -63.381431124042713, -9.547262329024019 ], [ -63.381613362596994, -9.547262129236506 ] ], [ [ -63.382616179214715, -9.547713259273529 ], [ -63.3825250598289, -9.547713359446464 ], [ -63.382525160735995, -9.547803805560829 ], [ -63.382616280145839, -9.547803705386929 ], [ -63.382616179214715, -9.547713259273529 ] ], [ [ -63.38416530996011, -9.547801998780416 ], [ -63.38407419056729, -9.547802099359895 ], [ -63.384074291883984, -9.547892545457339 ], [ -63.383983172466138, -9.547892646013935 ], [ -63.383983273759796, -9.547983092111874 ], [ -63.384074393201686, -9.547982991554314 ], [ -63.384074494520391, -9.548073437650814 ], [ -63.384256733449227, -9.548073236462175 ], [ -63.384256530716677, -9.547892344272581 ], [ -63.384165411300842, -9.547892444876892 ], [ -63.38416530996011, -9.547801998780416 ] ], [ [ -63.38125139992394, -9.549523681830507 ], [ -63.381160280042387, -9.54952378166483 ], [ -63.38116048117638, -9.549704673903213 ], [ -63.381251601106015, -9.549704574066965 ], [ -63.38125139992394, -9.549523681830507 ] ], [ [ -63.383711838828326, -9.549701869468224 ], [ -63.383620718925698, -9.549701969948757 ], [ -63.383620820143278, -9.549792416041171 ], [ -63.383711940069951, -9.549792315559669 ], [ -63.383711838828326, -9.549701869468224 ] ], [ [ -63.382800841760393, -9.54988376540155 ], [ -63.38261860183794, -9.549883965865375 ], [ -63.382618702793081, -9.549974411967494 ], [ -63.382800942763609, -9.549974211501736 ], [ -63.382800841760393, -9.54988376540155 ] ], [ [ -63.381707805030572, -9.550246751196969 ], [ -63.381616684961692, -9.550246851158315 ], [ -63.381616785656369, -9.550337297269161 ], [ -63.381707905749302, -9.550337197306854 ], [ -63.381707805030572, -9.550246751196969 ] ], [ [ -63.381161185176765, -9.550337796722737 ], [ -63.380978944977947, -9.550337996337118 ], [ -63.380979045505335, -9.550428442454235 ], [ -63.381070165629289, -9.550428342658016 ], [ -63.381070266181709, -9.550518788773701 ], [ -63.381161386328706, -9.550518688952655 ], [ -63.381161185176765, -9.550337796722737 ] ] ] } },
{ "type": "Feature", "properties": { "area_m2": 9400.0 }, "geometry": { "type": "Polygon", "coordinates": [ [ [ -63.408131612752662, -9.549402743067105 ], [ -63.408131720433865, -9.549493188892024 ], [ -63.408496198731633, -9.549492761159076 ], [ -63.408496522070109, -9.549764098618642 ], [ -63.408587641714, -9.549763991622655 ], [ -63.408587965134203, -9.550035329074889 ], [ -63.408679084849148, -9.550035222051946 ], [ -63.408679300516035, -9.550216113682353 ], [ -63.408952659798707, -9.550215792464149 ], [ -63.408952767705884, -9.550306238275548 ], [ -63.408861647922016, -9.55030634537318 ], [ -63.408862079465237, -9.550668128618208 ], [ -63.408770959584132, -9.550668235696104 ], [ -63.408770743858469, -9.550487344072465 ], [ -63.408679624024387, -9.550487451124432 ], [ -63.408679839701961, -9.550668342750136 ], [ -63.408315360162604, -9.550668770727615 ], [ -63.408315144677367, -9.550487879093662 ], [ -63.408224024837928, -9.55048798602631 ], [ -63.408223917120964, -9.550397540207594 ], [ -63.408132797304503, -9.550397647115346 ], [ -63.408132474232104, -9.550126309653288 ], [ -63.408041354486713, -9.550126416534082 ], [ -63.408041246822087, -9.550035970711429 ], [ -63.407950127099667, -9.550036077567331 ], [ -63.407950234740248, -9.550126523391016 ], [ -63.407859114992718, -9.550126630224087 ], [ -63.407858684532954, -9.549764846922395 ], [ -63.407767564880515, -9.549764953727482 ], [ -63.407767242119014, -9.549493616243184 ], [ -63.407858361699326, -9.54949350944119 ], [ -63.407858469309474, -9.549583955268728 ], [ -63.407949588912757, -9.549583848441838 ], [ -63.407949481278564, -9.54949340261533 ], [ -63.408040600856751, -9.549493295765608 ], [ -63.408040493199593, -9.549402849939659 ], [ -63.408131612752662, -9.549402743067105 ] ], [ [ -63.408679408351091, -9.550306559496851 ], [ -63.408588288564019, -9.550306666522889 ], [ -63.40858850418924, -9.550487558152538 ], [ -63.408679624024387, -9.550487451124432 ], [ -63.408679408351091, -9.550306559496851 ] ] ] } },
{ "type": "Feature", "properties": { "area_m2": 128800.0 }, "geometry": { "type": "Polygon", "coordinates": [ [ [ -63.461142337069255, -9.533960806633523 ], [ -63.461142580004143, -9.534141697165266 ], [ -63.461051465147563, -9.534141817729353 ], [ -63.461051708039285, -9.534322708261545 ], [ -63.461233937847233, -9.534322467104897 ], [ -63.461233694859523, -9.534141576577358 ], [ -63.461324809713695, -9.53414145596563 ], [ -63.461324688197635, -9.534051010702322 ], [ -63.461415803026604, -9.534050890067936 ], [ -63.461420908747158, -9.537849590673209 ], [ -63.461329792910064, -9.537849711356523 ], [ -63.461330036044679, -9.538030601843182 ], [ -63.461238920158365, -9.538030722504995 ], [ -63.461239041703472, -9.538121167748784 ], [ -63.461421273522923, -9.538120926398996 ], [ -63.461421881506638, -9.538573152599234 ], [ -63.461330765477477, -9.538573273291872 ], [ -63.461330887053826, -9.538663718531673 ], [ -63.461422003107003, -9.538663597837875 ], [ -63.461439039066207, -9.551325926604195 ], [ -63.461256800231105, -9.551326168294141 ], [ -63.461256678509919, -9.551235723119046 ], [ -63.461074439718089, -9.551235964711202 ], [ -63.461074318046187, -9.551145519533303 ], [ -63.461165437418664, -9.551145398750325 ], [ -63.461165072338076, -9.550874063217302 ], [ -63.461256191637212, -9.550873942413951 ], [ -63.461256069922044, -9.550783497236502 ], [ -63.461347189195934, -9.550783376410447 ], [ -63.461346702251184, -9.5504215957006 ], [ -63.461255583073452, -9.550421716521992 ], [ -63.461255704783788, -9.550512161701327 ], [ -63.461073466376646, -9.550512403274851 ], [ -63.461072858077429, -9.55006017736183 ], [ -63.461163977161398, -9.550060056592821 ], [ -63.461163855481139, -9.549969611409971 ], [ -63.461072736421201, -9.549969732177814 ], [ -63.461071763214804, -9.549246170688738 ], [ -63.460980644345966, -9.549246291423405 ], [ -63.460977725766568, -9.547075606747494 ], [ -63.460886607473377, -9.547075727430366 ], [ -63.460886364337831, -9.546894837026146 ], [ -63.460977482582948, -9.5468947163456 ], [ -63.460977239404158, -9.546713825941817 ], [ -63.46088612120711, -9.546713946620038 ], [ -63.460885756520057, -9.546442611007349 ], [ -63.46097687464502, -9.546442490332625 ], [ -63.460976631478282, -9.546261599924138 ], [ -63.460885513401379, -9.546261720596537 ], [ -63.460884419427003, -9.545447713724588 ], [ -63.460793301565161, -9.545447834362664 ], [ -63.460790020876374, -9.543005813486742 ], [ -63.460698903661992, -9.54300593406955 ], [ -63.460695867370809, -9.540744803294032 ], [ -63.460604750755692, -9.540744923823917 ], [ -63.460604629343713, -9.540654478585616 ], [ -63.460695745934828, -9.540654358056893 ], [ -63.46069562450004, -9.540563912819287 ], [ -63.460604507932949, -9.540564033346847 ], [ -63.460604022301929, -9.54020225238707 ], [ -63.460786255242773, -9.540202011317421 ], [ -63.460786133789995, -9.540111566078625 ], [ -63.460603900897176, -9.540111807145951 ], [ -63.460602686915955, -9.539207354708884 ], [ -63.46069380312283, -9.53920723419877 ], [ -63.460693438879922, -9.538935898461972 ], [ -63.460602322745068, -9.538936018968593 ], [ -63.460601715817681, -9.538483792725373 ], [ -63.46087506385846, -9.538483431151457 ], [ -63.460874942404566, -9.538392985904892 ], [ -63.460783826416183, -9.538393106452203 ], [ -63.460783704987513, -9.538302661204003 ], [ -63.460692589021932, -9.538302781726317 ], [ -63.460692710426606, -9.538393226975678 ], [ -63.460601594435815, -9.538393347475319 ], [ -63.460600866169912, -9.537850675965117 ], [ -63.460509750321982, -9.537850796433949 ], [ -63.460509507624323, -9.537669905924462 ], [ -63.460600623424256, -9.537669785457956 ], [ -63.460600744796487, -9.537760230711772 ], [ -63.460691860619214, -9.537760110220269 ], [ -63.460691982016655, -9.537850555472453 ], [ -63.46096532954963, -9.537850193851471 ], [ -63.460964965144854, -9.537578858103986 ], [ -63.460782733601448, -9.537579099201491 ], [ -63.460782612183607, -9.53748865394906 ], [ -63.460691496434109, -9.537488774460902 ], [ -63.460691617827941, -9.537579219714495 ], [ -63.460600502053232, -9.537579340203669 ], [ -63.460600259314788, -9.537398449693686 ], [ -63.460509143586876, -9.537398570156705 ], [ -63.460507202236862, -9.535951445990536 ], [ -63.460598317580683, -9.535951325546128 ], [ -63.460597953539867, -9.53567998975506 ], [ -63.460415722995023, -9.53568023061308 ], [ -63.460414995233926, -9.535137559004303 ], [ -63.460506110362935, -9.535137438594184 ], [ -63.460505867737524, -9.534956548056488 ], [ -63.460414752656519, -9.534956668464284 ], [ -63.460414631369609, -9.534866223193569 ], [ -63.460505746426612, -9.534866102786935 ], [ -63.460505503808434, -9.534685212246423 ], [ -63.460414388799428, -9.53468533265073 ], [ -63.460414146234058, -9.534504442106012 ], [ -63.460596376154875, -9.534504201278224 ], [ -63.460596497484957, -9.534594646548497 ], [ -63.460687612467545, -9.534594526097703 ], [ -63.460687491113468, -9.534504080828595 ], [ -63.460778606070875, -9.534503960355144 ], [ -63.460778484693996, -9.534413515086733 ], [ -63.460869599626179, -9.534413394590624 ], [ -63.460869478226506, -9.534322949322906 ], [ -63.4609605931335, -9.534322828804138 ], [ -63.46096047171104, -9.534232383537111 ], [ -63.460869356828042, -9.534232504054717 ], [ -63.460869235430785, -9.534142058786056 ], [ -63.46068700570919, -9.534142299747474 ], [ -63.460686884361131, -9.534051854476017 ], [ -63.460777999198534, -9.534051734008383 ], [ -63.460777877827688, -9.53396128873762 ], [ -63.461142337069255, -9.533960806633523 ] ], [ [ -63.460778970208722, -9.534775296157564 ], [ -63.46068785517933, -9.534775416634503 ], [ -63.460688219256021, -9.535046752436182 ], [ -63.460779334357426, -9.535046631955753 ], [ -63.460778970208722, -9.534775296157564 ] ], [ [ -63.460597346829239, -9.535227763427217 ], [ -63.460506231677442, -9.535227883862323 ], [ -63.46050635299315, -9.535318329129995 ], [ -63.460597468168963, -9.535318208693727 ], [ -63.460597346829239, -9.535227763427217 ] ], [ [ -63.461146710635212, -9.53721683591724 ], [ -63.461055594962545, -9.537216956520913 ], [ -63.46105571644879, -9.537307401771264 ], [ -63.461146832145452, -9.537307281166429 ], [ -63.461146710635212, -9.53721683591724 ] ], [ [ -63.460782247937324, -9.537217318188947 ], [ -63.460691132259846, -9.537217438697299 ], [ -63.460691253650069, -9.537307883952305 ], [ -63.460782369351556, -9.53730776344279 ], [ -63.460782247937324, -9.537217318188947 ] ], [ [ -63.460964600750906, -9.53730752235227 ], [ -63.460873485051842, -9.537307642909441 ], [ -63.460873727931912, -9.537488533413388 ], [ -63.460964843679001, -9.537488412853884 ], [ -63.460964600750906, -9.53730752235227 ] ], [ [ -63.461238312450917, -9.537578496279002 ], [ -63.461147196683427, -9.53757861691116 ], [ -63.461147561232259, -9.537849952651658 ], [ -63.461329792910064, -9.537849711356523 ], [ -63.461329549780274, -9.537668820867987 ], [ -63.46123843398999, -9.537668941525141 ], [ -63.461238312450917, -9.537578496279002 ] ], [ [ -63.461147561232259, -9.537849952651658 ], [ -63.461056445391556, -9.537850073263483 ], [ -63.461056566886228, -9.53794051851054 ], [ -63.461147682750948, -9.537940397897554 ], [ -63.461147561232259, -9.537849952651658 ] ], [ [ -63.460874456601047, -9.538031204913933 ], [ -63.460783340708701, -9.538031325456586 ], [ -63.460783462133769, -9.538121770706194 ], [ -63.460874578050117, -9.538121650162378 ], [ -63.460874456601047, -9.538031204913933 ] ], [ [ -63.461147925791941, -9.538121288387931 ], [ -63.460965693965257, -9.538121529594727 ], [ -63.46096581543955, -9.538211974841536 ], [ -63.461056931377499, -9.538211854248891 ], [ -63.461057052877003, -9.538302299494067 ], [ -63.461148168837752, -9.538302178876428 ], [ -63.461147925791941, -9.538121288387931 ] ], [ [ -63.461239284797308, -9.538302058234953 ], [ -63.461148168837752, -9.538302178876428 ], [ -63.461148290362473, -9.53839262411997 ], [ -63.461239406346039, -9.538392503477331 ], [ -63.461239284797308, -9.538302058234953 ] ], [ [ -63.461330643902329, -9.538482828051597 ], [ -63.46123952789597, -9.538482948719237 ], [ -63.461239649447101, -9.538573393960673 ], [ -63.461330765477477, -9.538573273291872 ], [ -63.461330643902329, -9.538482828051597 ] ], [ [ -63.461057295879627, -9.53848318998301 ], [ -63.460966179869644, -9.538483310579149 ], [ -63.460966301348755, -9.53857375582408 ], [ -63.46105741738274, -9.538573635226779 ], [ -63.461057295879627, -9.53848318998301 ] ], [ [ -63.460875185313562, -9.538573876397548 ], [ -63.460784069277153, -9.538573996947186 ], [ -63.460784433577658, -9.538845332686138 ], [ -63.460693317468021, -9.53884545321543 ], [ -63.460693438879922, -9.538935898461972 ], [ -63.460784555013568, -9.538935777931513 ], [ -63.460784797888991, -9.53911666842086 ], [ -63.460875914069454, -9.539116547864243 ], [ -63.460876035532991, -9.539206993107046 ], [ -63.461058267938327, -9.539206751919975 ], [ -63.46105838945109, -9.53929719715998 ], [ -63.461149505675955, -9.539297076529529 ], [ -63.461149627213942, -9.539387521767901 ], [ -63.461240743461616, -9.539387401112451 ], [ -63.461240500338832, -9.539206510637568 ], [ -63.461149384139183, -9.539206631290691 ], [ -63.461149262603612, -9.539116186051379 ], [ -63.460967030248717, -9.539116427283789 ], [ -63.460966544310587, -9.538754646312531 ], [ -63.460875428227375, -9.538754766888328 ], [ -63.460875185313562, -9.538573876397548 ] ], [ [ -63.461331130210155, -9.538844609009866 ], [ -63.461148898004154, -9.538844850330626 ], [ -63.461149141069249, -9.539025740811601 ], [ -63.461331373371308, -9.539025499486183 ], [ -63.461331130210155, -9.538844609009866 ] ], [ [ -63.460784919328511, -9.539207113664824 ], [ -63.46069380312283, -9.53920723419877 ], [ -63.460694045957467, -9.539388124687621 ], [ -63.460785162211174, -9.539388004151348 ], [ -63.460784919328511, -9.539207113664824 ] ], [ [ -63.46105851096506, -9.539387642399516 ], [ -63.460876278463665, -9.539387883591241 ], [ -63.460876521399179, -9.539568774073553 ], [ -63.460967637698495, -9.539568653487281 ], [ -63.460967516206125, -9.539478208247523 ], [ -63.461058632480224, -9.53947808763858 ], [ -63.46105851096506, -9.539387642399516 ] ], [ [ -63.461241229721637, -9.539749182056569 ], [ -63.461150113377911, -9.539749302716681 ], [ -63.461150234921931, -9.539839747952696 ], [ -63.461241351289665, -9.539839627291427 ], [ -63.461241229721637, -9.539749182056569 ] ], [ [ -63.461242202299587, -9.540472743922237 ], [ -63.461151085763738, -9.540472864591662 ], [ -63.461151328872262, -9.540653755055704 ], [ -63.461242445456129, -9.540653634383949 ], [ -63.461242202299587, -9.540472743922237 ] ], [ [ -63.461151571985589, -9.540834645517865 ], [ -63.461060455352481, -9.540834766168109 ], [ -63.46106057688695, -9.540925211399648 ], [ -63.461151693544075, -9.540925090748241 ], [ -63.461151571985589, -9.540834645517865 ] ], [ [ -63.461243539720272, -9.541467641438384 ], [ -63.46115242292025, -9.541467762120616 ], [ -63.461152666055298, -9.54164865257431 ], [ -63.461243782903345, -9.541648531889747 ], [ -63.461243539720272, -9.541467641438384 ] ], [ [ -63.461061792297869, -9.541829663689178 ], [ -63.460970675399366, -9.541829784328387 ], [ -63.460970796923064, -9.541920229555918 ], [ -63.46087967999933, -9.54192035017245 ], [ -63.460879923002324, -9.542101240628426 ], [ -63.460971039974083, -9.542101120009567 ], [ -63.460970918447977, -9.542010674782977 ], [ -63.461062035394505, -9.54201055414144 ], [ -63.461061792297869, -9.541829663689178 ] ], [ [ -63.460971647622735, -9.542553346135458 ], [ -63.460880530530872, -9.542553466760138 ], [ -63.46088077355072, -9.542734357209531 ], [ -63.460971890690629, -9.542734236582524 ], [ -63.460971647622735, -9.542553346135458 ] ], [ [ -63.461254122643496, -9.549336374333274 ], [ -63.461163003753029, -9.549336495116826 ], [ -63.461163125424861, -9.549426940302972 ], [ -63.461254244339351, -9.549426819518255 ], [ -63.461254122643496, -9.549336374333274 ] ], [ [ -63.461345363252633, -9.549426698709672 ], [ -63.461254244339351, -9.549426819518255 ], [ -63.461254487734692, -9.549607709886809 ], [ -63.461345606696057, -9.549607589075899 ], [ -63.461345363252633, -9.549426698709672 ] ] ] } },
{ "type": "Feature", "properties": { "area_m2": 51500.0 }, "geometry": { "type": "Polygon", "coordinates": [ [ [ -63.458063752282413, -9.5484361352786 ], [ -63.458064235659755, -9.548797916197032 ], [ -63.458155354446845, -9.548797796231682 ], [ -63.458155475318215, -9.548888241458956 ], [ -63.458246594128141, -9.548888121468588 ], [ -63.458246715024742, -9.548978566694235 ], [ -63.458520071519466, -9.548978206576503 ], [ -63.458519950550759, -9.548887761354333 ], [ -63.458975544564446, -9.548887160686713 ], [ -63.458975665653341, -9.548977605903094 ], [ -63.459066784476526, -9.548977485696833 ], [ -63.459066663363586, -9.548887040481612 ], [ -63.45943113854814, -9.548886559422606 ], [ -63.459431017340258, -9.548796114211552 ], [ -63.459522136109349, -9.54879599388831 ], [ -63.459522257341277, -9.548886439098206 ], [ -63.459795613713467, -9.548886077981848 ], [ -63.459795735018709, -9.54897652318779 ], [ -63.459886853831065, -9.54897640276679 ], [ -63.459886975161545, -9.549066847971101 ], [ -63.459795856325137, -9.549066968393261 ], [ -63.459796098941631, -9.549247858802794 ], [ -63.459887217826108, -9.549247738378313 ], [ -63.459887581831964, -9.549519073985591 ], [ -63.459523105998379, -9.549519555554292 ], [ -63.459523227239913, -9.549610000760419 ], [ -63.45961434622415, -9.549609880402878 ], [ -63.459614467490937, -9.549700325607374 ], [ -63.459978943512027, -9.549699843933945 ], [ -63.459979064876158, -9.549790289133327 ], [ -63.460252421951466, -9.54978992762422 ], [ -63.460252543388926, -9.549880372819649 ], [ -63.460343662435655, -9.54988025226773 ], [ -63.460343783898367, -9.549970697461521 ], [ -63.460252664827578, -9.549970818014604 ], [ -63.460252786267453, -9.55006126320909 ], [ -63.459888309876163, -9.550061745187449 ], [ -63.459888552567179, -9.550242635584301 ], [ -63.459797433418267, -9.550242756021557 ], [ -63.459797554741542, -9.550333201220436 ], [ -63.459615316392025, -9.55033344202568 ], [ -63.459615195116839, -9.550242996824476 ], [ -63.459432956810595, -9.550243237531948 ], [ -63.459433078037705, -9.550333682735472 ], [ -63.459250839678582, -9.550333923349809 ], [ -63.459251324406694, -9.550695704168474 ], [ -63.459433562958147, -9.550695463544855 ], [ -63.459433805425583, -9.550876353946727 ], [ -63.459616044068412, -9.550876113223012 ], [ -63.459616165352003, -9.550966558420921 ], [ -63.459707284695654, -9.550966438022105 ], [ -63.459707163388018, -9.550875992825359 ], [ -63.459889402023613, -9.550875751958454 ], [ -63.459889159315765, -9.550694861568191 ], [ -63.459980278583686, -9.550694741101267 ], [ -63.45998039996104, -9.550785186295471 ], [ -63.460071519251805, -9.550785065803522 ], [ -63.460071640654419, -9.550875510996095 ], [ -63.459980521339624, -9.550875631489205 ], [ -63.459980885482551, -9.551146967067581 ], [ -63.460072004869467, -9.551146846570985 ], [ -63.460072247685517, -9.551327736951896 ], [ -63.459707769938269, -9.551328218804384 ], [ -63.459707648625802, -9.55123777360952 ], [ -63.459616529210031, -9.551237894011816 ], [ -63.459616650498432, -9.551328339207844 ], [ -63.45925217272714, -9.551328820583018 ], [ -63.459252293920571, -9.551419265783208 ], [ -63.458887816033879, -9.551419746781169 ], [ -63.458887937132346, -9.55151019198553 ], [ -63.458523459130276, -9.551510672606266 ], [ -63.458523580133757, -9.551601117814792 ], [ -63.458341341077443, -9.551601357984278 ], [ -63.458341099167839, -9.551420467562131 ], [ -63.458249979685974, -9.551420587608758 ], [ -63.458249737829256, -9.551239697182417 ], [ -63.458340857263046, -9.551239577138103 ], [ -63.458340373467813, -9.550877796284395 ], [ -63.458249254130209, -9.55087791632408 ], [ -63.458248528617581, -9.550335245022449 ], [ -63.458157409423023, -9.550335365031328 ], [ -63.45815668409778, -9.549792693705806 ], [ -63.458065565046269, -9.549792813683883 ], [ -63.458064960761703, -9.549340587560559 ], [ -63.457973841829187, -9.549340707508987 ], [ -63.457973720999902, -9.549250262281754 ], [ -63.45788260209023, -9.549250382205166 ], [ -63.457882360483339, -9.549069491746975 ], [ -63.457700122756535, -9.549069731517596 ], [ -63.457700002002959, -9.548979286285478 ], [ -63.457608883161811, -9.548979406133844 ], [ -63.457608762433466, -9.548888960900106 ], [ -63.457517643615148, -9.548889080723454 ], [ -63.457517402210136, -9.548708190252249 ], [ -63.457699639749421, -9.548707950586312 ], [ -63.457699519000627, -9.548617505352315 ], [ -63.457608400255623, -9.548617625196059 ], [ -63.457608279532074, -9.548527179960436 ], [ -63.457699398253034, -9.548527060117848 ], [ -63.457699277506649, -9.54843661488291 ], [ -63.458063752282413, -9.5484361352786 ] ], [ [ -63.459796826819939, -9.549790530020086 ], [ -63.459705707790029, -9.549790650427674 ], [ -63.459705829083241, -9.54988109563007 ], [ -63.459796948137196, -9.549880975221324 ], [ -63.459796826819939, -9.549790530020086 ] ], [ [ -63.459614831298467, -9.549971661218045 ], [ -63.459523712218079, -9.549971781580231 ], [ -63.459523833465617, -9.550062226784004 ], [ -63.459614952570057, -9.550062106420659 ], [ -63.459614831298467, -9.549971661218045 ] ], [ [ -63.459706071673295, -9.550061986033452 ], [ -63.459614952570057, -9.550062106420659 ], [ -63.459615073842848, -9.550152551622805 ], [ -63.459706192970124, -9.550152431234434 ], [ -63.459706071673295, -9.550061986033452 ] ], [ [ -63.458522128171069, -9.55051577528145 ], [ -63.458431008932017, -9.550515895364232 ], [ -63.458431250865729, -9.550696785793479 ], [ -63.458522370152856, -9.550696665708378 ], [ -63.458522128171069, -9.55051577528145 ] ], [ [ -63.458978087683413, -9.550786510131886 ], [ -63.458886968378238, -9.550786630337466 ], [ -63.458887089468298, -9.550877075545126 ], [ -63.458978208797511, -9.550876955338385 ], [ -63.458978087683413, -9.550786510131886 ] ], [ [ -63.458613731473449, -9.55087743602215 ], [ -63.458522612139447, -9.550877556133429 ], [ -63.458523217126896, -9.551329782187812 ], [ -63.458614336581128, -9.55132966207074 ], [ -63.458613731473449, -9.55087743602215 ] ], [ [ -63.459889644736286, -9.551056642346833 ], [ -63.45943404789783, -9.551057244346712 ], [ -63.45943416913574, -9.551147689545999 ], [ -63.45988976609442, -9.551147087540315 ], [ -63.459889644736286, -9.551056642346833 ] ], [ [ -63.459251809154026, -9.551057484979609 ], [ -63.459069570405426, -9.551057725517046 ], [ -63.459069812690117, -9.551238615924428 ], [ -63.459252051534897, -9.551238375382352 ], [ -63.459251809154026, -9.551057484979609 ] ] ] } },
{ "type": "Feature", "properties": { "area_m2": 63500.0 }, "geometry": { "type": "Polygon", "coordinates": [ [ [ -63.412413904112526, -9.549126355809939 ], [ -63.41241444816233, -9.549578584693426 ], [ -63.412505567711996, -9.549578476673442 ], [ -63.412506003067413, -9.549940259767599 ], [ -63.412323763774701, -9.549940475792038 ], [ -63.412323872568166, -9.550030921566481 ], [ -63.412506111908961, -9.55003070553996 ], [ -63.412506220751588, -9.550121151311854 ], [ -63.412779579826804, -9.550120827089971 ], [ -63.412779361998389, -9.549939935551969 ], [ -63.412870481639878, -9.549939827432368 ], [ -63.412870590577604, -9.550030273200564 ], [ -63.41314394956774, -9.550029948695451 ], [ -63.413144058578659, -9.55012039446005 ], [ -63.413235178263925, -9.55012028624291 ], [ -63.413235287299969, -9.550210732005993 ], [ -63.413326407008185, -9.550210623763947 ], [ -63.41332651606934, -9.550301069525513 ], [ -63.413417635800528, -9.550300961258561 ], [ -63.413418072152147, -9.55066274429595 ], [ -63.413509191978413, -9.550662636000956 ], [ -63.413509301093072, -9.550753081758083 ], [ -63.413418181242754, -9.55075319005412 ], [ -63.413418508521055, -9.551024527325813 ], [ -63.413509628443506, -9.551024419026644 ], [ -63.413510828811695, -9.552019322308464 ], [ -63.413601948997545, -9.552019213973939 ], [ -63.413602167308454, -9.552200105471519 ], [ -63.413693287541328, -9.552199997111039 ], [ -63.413694270210385, -9.553014008817456 ], [ -63.412600824747571, -9.553015307680562 ], [ -63.412600715846374, -9.552924861924765 ], [ -63.412418474968881, -9.552925078065678 ], [ -63.412418583821989, -9.553015523823557 ], [ -63.412145222425508, -9.553015847859021 ], [ -63.412144896085877, -9.552744510574607 ], [ -63.412236016480307, -9.552744402589777 ], [ -63.412235907678536, -9.552653956828406 ], [ -63.412418148416052, -9.552653740789223 ], [ -63.412418257265912, -9.552744186548512 ], [ -63.412509377657102, -9.552744078492074 ], [ -63.412509159910357, -9.552563186975108 ], [ -63.412418039567264, -9.552563295029463 ], [ -63.412417930719563, -9.552472849269231 ], [ -63.412053449432591, -9.552473281243794 ], [ -63.412053558184112, -9.552563727008186 ], [ -63.411871317486067, -9.552563942854333 ], [ -63.41187153489615, -9.552744834385871 ], [ -63.411780414497422, -9.55274494227522 ], [ -63.411779979777755, -9.552383159206103 ], [ -63.41187110008029, -9.552383051320913 ], [ -63.411870882678834, -9.552202159785612 ], [ -63.411779762424388, -9.55220226766872 ], [ -63.411777045870686, -9.549941123292644 ], [ -63.411868165524048, -9.549941015435532 ], [ -63.411868056851866, -9.549850569655412 ], [ -63.41195917648011, -9.549850461775479 ], [ -63.411958959090875, -9.549669570215912 ], [ -63.412050078669964, -9.549669462314196 ], [ -63.412050296107275, -9.549850353871681 ], [ -63.412141415733359, -9.549850245944022 ], [ -63.412141089506896, -9.549578908610208 ], [ -63.412232209059788, -9.549578800661809 ], [ -63.412231882770897, -9.549307463326883 ], [ -63.412140763290125, -9.549307571272161 ], [ -63.412140654553355, -9.549217125491866 ], [ -63.412231774010095, -9.549217017547631 ], [ -63.412231665250367, -9.549126571767909 ], [ -63.412413904112526, -9.549126355809939 ] ] ] } },
{ "type": "Feature", "properties": { "area_m2": 6100.0 }, "geometry": { "type": "Polygon", "coordinates": [ [ [ -63.40257852383408, -9.553841066553527 ], [ -63.40257884263638, -9.554112404145028 ], [ -63.402669963503413, -9.554112298651301 ], [ -63.402670069797004, -9.554202744513177 ], [ -63.402578948905912, -9.55420285000792 ], [ -63.402579161448145, -9.554383741732297 ], [ -63.402670282387341, -9.554383636235515 ], [ -63.402671026486679, -9.555016757248884 ], [ -63.402397663160826, -9.555017073688948 ], [ -63.402397769392792, -9.555107519549162 ], [ -63.402124405985298, -9.555107835777388 ], [ -63.402123875196857, -9.554655606456352 ], [ -63.402214996213466, -9.554655501075898 ], [ -63.4022151023931, -9.554745946940029 ], [ -63.402306223432717, -9.554745841534682 ], [ -63.402306011026383, -9.554564949807975 ], [ -63.40221489003487, -9.55456505521129 ], [ -63.402214783857332, -9.554474609346215 ], [ -63.402305904824786, -9.554474503943917 ], [ -63.402305586226333, -9.554203166348918 ], [ -63.402214465331028, -9.554203271748166 ], [ -63.402214146814202, -9.553931934145883 ], [ -63.402305267637345, -9.553931828749679 ], [ -63.402305161443117, -9.553841382882325 ], [ -63.40257852383408, -9.553841066553527 ] ] ] } },
{ "type": "Feature", "properties": { "area_m2": 8000.0 }, "geometry": { "type": "Polygon", "coordinates": [ [ [ -63.436839866378357, -9.553799719035846 ], [ -63.436839981687825, -9.553890164501645 ], [ -63.436931102094036, -9.553890050033779 ], [ -63.436932601533883, -9.555065841032052 ], [ -63.437023722251624, -9.555065726525966 ], [ -63.437024645272267, -9.55578929016883 ], [ -63.43693352436209, -9.555789404683749 ], [ -63.436933409004567, -9.555698959228932 ], [ -63.436842288117305, -9.555699073718865 ], [ -63.436841711467096, -9.555246846432217 ], [ -63.436750590698963, -9.555246960892758 ], [ -63.436750936613493, -9.555518297269467 ], [ -63.436659815772053, -9.555518411709441 ], [ -63.436660046339341, -9.555699302627101 ], [ -63.436477804556823, -9.555699531439826 ], [ -63.43647596091612, -9.554252404010548 ], [ -63.436567081423085, -9.554252289633762 ], [ -63.436567311910302, -9.554433180566809 ], [ -63.436658432464249, -9.554433066163943 ], [ -63.436658663004131, -9.554613957092901 ], [ -63.43674978360503, -9.554613842663954 ], [ -63.436749553017044, -9.5544329517372 ], [ -63.436840673568696, -9.554432837286589 ], [ -63.436840442937168, -9.554251946360155 ], [ -63.43674932243362, -9.554252060808565 ], [ -63.436748745995054, -9.55379983347874 ], [ -63.436839866378357, -9.553799719035846 ] ], [ [ -63.436750014197585, -9.554794733588825 ], [ -63.436658893548582, -9.554794848019977 ], [ -63.436659124097588, -9.554975738945169 ], [ -63.436750244794709, -9.554975624511808 ], [ -63.436750014197585, -9.554794733588825 ] ] ] } },
{ "type": "Feature", "properties": { "area_m2": 20000.0 }, "geometry": { "type": "Polygon", "coordinates": [ [ [ -63.444130313979315, -9.554423603886057 ], [ -63.444130431220955, -9.554514049259582 ], [ -63.444586033621356, -9.554513467093246 ], [ -63.444586150984421, -9.55460391246069 ], [ -63.444495030482614, -9.55460402894283 ], [ -63.44449561719513, -9.555056255778593 ], [ -63.444586737817204, -9.555056139290842 ], [ -63.444586855187254, -9.555146584655459 ], [ -63.444495734541128, -9.555146701144334 ], [ -63.444496203936708, -9.555508482602587 ], [ -63.444313962448547, -9.555508715517684 ], [ -63.444313845146013, -9.555418270151581 ], [ -63.444222724424243, -9.555418386572192 ], [ -63.444222841702718, -9.555508831939415 ], [ -63.444040600207579, -9.555509064711252 ], [ -63.444040717439108, -9.555599510080249 ], [ -63.443585113560665, -9.555600091597608 ], [ -63.443585582017285, -9.555961873091293 ], [ -63.443312219387629, -9.555962221728619 ], [ -63.443312102343903, -9.555871776352545 ], [ -63.443220981489084, -9.555871892516112 ], [ -63.443221098508751, -9.555962337893309 ], [ -63.442947735865189, -9.555962686244106 ], [ -63.442947618917678, -9.555872240863552 ], [ -63.442856498058241, -9.55587235693161 ], [ -63.44285614729484, -9.555601020783779 ], [ -63.443038388868253, -9.555600788630498 ], [ -63.443038271901329, -9.555510343249182 ], [ -63.442856030376035, -9.555510575400227 ], [ -63.442855913458374, -9.555420130016206 ], [ -63.443038154935572, -9.555419897867397 ], [ -63.443037921007502, -9.55523900710241 ], [ -63.443129041696245, -9.555238890994428 ], [ -63.44312892470991, -9.555148445612348 ], [ -63.443037804045211, -9.555148561719212 ], [ -63.443037687084093, -9.555058116335539 ], [ -63.443219928364208, -9.555057884100176 ], [ -63.44321969434921, -9.554876993335903 ], [ -63.443310814939423, -9.554876877184647 ], [ -63.44331046385345, -9.554605541038059 ], [ -63.443492704886097, -9.554605308670642 ], [ -63.443492587811647, -9.554514863289739 ], [ -63.443583708302178, -9.554514747071341 ], [ -63.443583591204842, -9.554424301691089 ], [ -63.443856952597301, -9.554423952896004 ], [ -63.4438570697668, -9.554514398272893 ], [ -63.443948190252677, -9.554514281958996 ], [ -63.443948073059133, -9.554423836583229 ], [ -63.444130313979315, -9.554423603886057 ] ], [ [ -63.443675063037794, -9.554695521585911 ], [ -63.443583942500325, -9.554695637830424 ], [ -63.443584059601136, -9.554786083209263 ], [ -63.443675180162657, -9.554785966963626 ], [ -63.443675063037794, -9.554695521585911 ] ], [ [ -63.444313024060826, -9.554785152575686 ], [ -63.444221903507426, -9.554785268988446 ], [ -63.444222020777772, -9.554875714358964 ], [ -63.444313141355231, -9.554875597945085 ], [ -63.444313024060826, -9.554785152575686 ] ], [ [ -63.444404496571906, -9.555056372242467 ], [ -63.444222255321954, -9.555056605098592 ], [ -63.444222372595789, -9.555147050467697 ], [ -63.444404613893838, -9.55514681760933 ], [ -63.444404496571906, -9.555056372242467 ] ], [ [ -63.443493758608248, -9.555419317077538 ], [ -63.443402637876034, -9.55541943328326 ], [ -63.443402754938013, -9.555509878660571 ], [ -63.443493875694287, -9.555509762453728 ], [ -63.443493758608248, -9.555419317077538 ] ], [ [ -63.443038505836334, -9.555691234011343 ], [ -63.442947385026152, -9.555691350101043 ], [ -63.442947501971346, -9.555781795482535 ], [ -63.443038622805581, -9.555781679391718 ], [ -63.443038505836334, -9.555691234011343 ] ] ] } },
{ "type": "Feature", "properties": { "area_m2": 10800.0 }, "geometry": { "type": "Polygon", "coordinates": [ [ [ -63.392284249166131, -9.555933090603332 ], [ -63.392284352738322, -9.556023536570221 ], [ -63.392466595716563, -9.556023330912709 ], [ -63.392466699337888, -9.556113776877142 ], [ -63.392557820849532, -9.556113674011574 ], [ -63.392557717204134, -9.556023228048131 ], [ -63.392922203144195, -9.556022816351046 ], [ -63.392922410628451, -9.55620370826953 ], [ -63.393013532159017, -9.556203605283576 ], [ -63.393013635926749, -9.556294051241117 ], [ -63.393104757480337, -9.556293948230294 ], [ -63.393104549897785, -9.556113056316725 ], [ -63.393195671402232, -9.556112953284007 ], [ -63.393195567588442, -9.556022507327508 ], [ -63.393560053499712, -9.556022094961826 ], [ -63.393560261320779, -9.556202986866404 ], [ -63.393378018270973, -9.556203193100977 ], [ -63.393378122134941, -9.556293639054548 ], [ -63.393469243684407, -9.556293535948209 ], [ -63.393469347573458, -9.556383981900314 ], [ -63.393560469145967, -9.556383878769102 ], [ -63.3935605730601, -9.556474324719744 ], [ -63.393469451463531, -9.556474427851949 ], [ -63.393469555354649, -9.556564873803117 ], [ -63.393378433732991, -9.556564976912439 ], [ -63.393378641470186, -9.556745868815344 ], [ -63.39346976313994, -9.556745765704036 ], [ -63.393469970929353, -9.556926657603077 ], [ -63.39328772749257, -9.556926863805785 ], [ -63.393287831340693, -9.557017309756581 ], [ -63.393378953083669, -9.557017206666176 ], [ -63.393379056956896, -9.557107652615512 ], [ -63.393470178722893, -9.55710754950023 ], [ -63.393470282621195, -9.557197995448099 ], [ -63.393561404410235, -9.557197892307942 ], [ -63.39356150833364, -9.557288338254352 ], [ -63.393288142891265, -9.557288647606157 ], [ -63.393288039040051, -9.557198201656767 ], [ -63.393196917247927, -9.557198304725283 ], [ -63.393196813421802, -9.557107858774433 ], [ -63.393014569882602, -9.557108064837829 ], [ -63.393014466105619, -9.557017618884519 ], [ -63.392923344358536, -9.557017721879403 ], [ -63.392923136855764, -9.55683682996939 ], [ -63.393105380252663, -9.556836623959713 ], [ -63.393105484051659, -9.55692706991297 ], [ -63.393196605772623, -9.556926966871316 ], [ -63.393196398127564, -9.55674607496632 ], [ -63.393014154780829, -9.556746281021772 ], [ -63.393014051007967, -9.556655835066584 ], [ -63.392467321087466, -9.556656452653865 ], [ -63.392467217459966, -9.556566006692256 ], [ -63.392376095827018, -9.556566109538897 ], [ -63.392376199430451, -9.556656555501498 ], [ -63.392285077772414, -9.556656658325251 ], [ -63.392284663461062, -9.556294874468058 ], [ -63.392558028143391, -9.556294565937051 ], [ -63.392558131791873, -9.556385011899081 ], [ -63.392740374956404, -9.556384806090366 ], [ -63.392740167564263, -9.556203914169796 ], [ -63.392102316807218, -9.556204634068546 ], [ -63.392102213281078, -9.55611418810062 ], [ -63.391919970246533, -9.556114393569086 ], [ -63.391919866769527, -9.55602394759871 ], [ -63.392010988263273, -9.556023844877405 ], [ -63.392010884763238, -9.555933398907547 ], [ -63.392284249166131, -9.555933090603332 ] ], [ [ -63.393286792905648, -9.556112850227409 ], [ -63.393195671402232, -9.556112953284007 ], [ -63.393195775217052, -9.556203399240033 ], [ -63.39328689674452, -9.556203296182446 ], [ -63.393286792905648, -9.556112850227409 ] ], [ [ -63.393013843465297, -9.556474943154793 ], [ -63.392831600258809, -9.556475149108772 ], [ -63.392831703981507, -9.556565595066886 ], [ -63.393013947236106, -9.556565389110924 ], [ -63.393013843465297, -9.556474943154793 ] ], [ [ -63.39319619048662, -9.55656518305944 ], [ -63.393105068861871, -9.556565286097122 ], [ -63.393105172657776, -9.556655732051789 ], [ -63.393196294306577, -9.556655629013115 ], [ -63.39319619048662, -9.55656518305944 ] ] ] } },
{ "type": "Feature", "properties": { "area_m2": 11000.0 }, "geometry": { "type": "Polygon", "coordinates": [ [ [ -63.419165478686296, -9.556263507114567 ], [ -63.419165589359551, -9.556353952777334 ], [ -63.419438953174726, -9.556353623110242 ], [ -63.419439063921246, -9.556444068769359 ], [ -63.419530185214832, -9.556443958831512 ], [ -63.419530295986497, -9.556534404489099 ], [ -63.419894781246107, -9.556533964494674 ], [ -63.419894892115103, -9.556624410147551 ], [ -63.420168256120462, -9.556624079897817 ], [ -63.420168367062743, -9.556714525547044 ], [ -63.420350609775596, -9.556714305259035 ], [ -63.420350720767082, -9.556804750905666 ], [ -63.42080632765029, -9.556804199762432 ], [ -63.420806438763158, -9.556894645403286 ], [ -63.420897560160562, -9.556894535101932 ], [ -63.420897782437734, -9.557075426380099 ], [ -63.420715539545611, -9.557075646963169 ], [ -63.420715650637725, -9.557166092603667 ], [ -63.420168921790577, -9.55716675378611 ], [ -63.420168810842803, -9.557076308139239 ], [ -63.41998656793308, -9.557076528340216 ], [ -63.419986457034533, -9.556986082690752 ], [ -63.419439728423349, -9.55698674271418 ], [ -63.419439839177556, -9.557077188370009 ], [ -63.419348717714456, -9.557077298291389 ], [ -63.419348385527336, -9.556805961319329 ], [ -63.419257264135332, -9.556806071213654 ], [ -63.419257374839212, -9.556896516872536 ], [ -63.419166253422041, -9.55689662674404 ], [ -63.419166364102963, -9.556987072403508 ], [ -63.419075242660625, -9.55698718225219 ], [ -63.419075685299035, -9.557348964889599 ], [ -63.418984563759373, -9.557349074718632 ], [ -63.418983236185483, -9.556263726771116 ], [ -63.419165478686296, -9.556263507114567 ] ] ] } },
{ "type": "Feature", "properties": { "area_m2": 74200.0 }, "geometry": { "type": "Polygon", "coordinates": [ [ [ -63.42471983651923, -9.553000719873479 ], [ -63.424719948619995, -9.553091165488192 ], [ -63.425175550306868, -9.553090608833713 ], [ -63.425175662528972, -9.553181054442593 ], [ -63.425357903244027, -9.553180831611558 ], [ -63.425358127787781, -9.553361722823615 ], [ -63.42544924819174, -9.553361611370141 ], [ -63.425449135895263, -9.553271165765423 ], [ -63.425631376651758, -9.553270942789014 ], [ -63.425631713688816, -9.553542279595307 ], [ -63.425722834137538, -9.553542168068072 ], [ -63.425722384660816, -9.553180385663035 ], [ -63.426269106752585, -9.553179716024127 ], [ -63.426269669322764, -9.553631943996972 ], [ -63.426087428389465, -9.553632167316188 ], [ -63.426087540858738, -9.553722612911496 ], [ -63.426269781840141, -9.553722389590131 ], [ -63.426270569493006, -9.554355508729047 ], [ -63.426179448834496, -9.554355620409202 ], [ -63.426179336333369, -9.55426517481826 ], [ -63.426088215697817, -9.554265286473466 ], [ -63.426088103221851, -9.554174840880984 ], [ -63.42599698260922, -9.554174952511236 ], [ -63.425997319968303, -9.554446289290507 ], [ -63.425815078595399, -9.554446512485848 ], [ -63.425815191002542, -9.554536958080147 ], [ -63.425724070290372, -9.554537069643082 ], [ -63.42572384552529, -9.554356178451863 ], [ -63.425632724860108, -9.554356289988773 ], [ -63.425633061937241, -9.554627626778123 ], [ -63.425815303410808, -9.554627403673978 ], [ -63.425815528230672, -9.554808294860221 ], [ -63.425906649013896, -9.554808183270186 ], [ -63.425906536579355, -9.554717737678374 ], [ -63.426088778094346, -9.55471751442883 ], [ -63.426088553132388, -9.554536623248099 ], [ -63.42627079454671, -9.554536399907361 ], [ -63.426271244667504, -9.554898182258331 ], [ -63.42618012386469, -9.554898293944946 ], [ -63.426180798934986, -9.55544096746374 ], [ -63.426271919882126, -9.555440855770671 ], [ -63.426272595136886, -9.555983529266063 ], [ -63.426181474045414, -9.555983640965589 ], [ -63.426181361524222, -9.555893195383124 ], [ -63.425999119386042, -9.555893418708392 ], [ -63.42599934433332, -9.556074309877154 ], [ -63.426090465451068, -9.556074198224309 ], [ -63.426090577950433, -9.556164643806905 ], [ -63.426272820230722, -9.556164420427425 ], [ -63.426273270431771, -9.556526202744502 ], [ -63.426091027959032, -9.556526426132594 ], [ -63.426091140463967, -9.556616871712837 ], [ -63.426182261724946, -9.556616760029655 ], [ -63.426182374255056, -9.556707205608353 ], [ -63.426273495538986, -9.556707093900215 ], [ -63.426273608094263, -9.556797539477369 ], [ -63.426182486786274, -9.556797651186582 ], [ -63.426182599318615, -9.556888096764336 ], [ -63.426091477985452, -9.556888208450745 ], [ -63.426091252970011, -9.556707317292613 ], [ -63.42600013168385, -9.556707428952988 ], [ -63.426000019201858, -9.556616983372139 ], [ -63.425635534142309, -9.556617429770551 ], [ -63.425635646528072, -9.556707875355704 ], [ -63.425362282649552, -9.556708209907001 ], [ -63.425362731915001, -9.557069992255787 ], [ -63.425271610523708, -9.557070103729425 ], [ -63.425271722818785, -9.557160549316517 ], [ -63.425362844234151, -9.557160437841807 ], [ -63.425362956554409, -9.557250883427356 ], [ -63.425454077992725, -9.55725077192769 ], [ -63.425454302684685, -9.557431663095231 ], [ -63.425363181198257, -9.557431774597044 ], [ -63.425363293521862, -9.557522220181179 ], [ -63.425089928983724, -9.557522554546546 ], [ -63.425089816732303, -9.55743210895919 ], [ -63.424543087770381, -9.557432777038683 ], [ -63.424537707937468, -9.553091387982896 ], [ -63.424628828279275, -9.55309127674748 ], [ -63.424628716202584, -9.553000831131692 ], [ -63.42471983651923, -9.553000719873479 ] ], [ [ -63.425540705562845, -9.553632836700904 ], [ -63.425358464611726, -9.553633059638166 ], [ -63.4253586891666, -9.553813950845514 ], [ -63.425540930213913, -9.553813727903956 ], [ -63.425540705562845, -9.553632836700904 ] ], [ [ -63.425541267198859, -9.554085064704999 ], [ -63.425450146603609, -9.55408517619094 ], [ -63.425450371217686, -9.554266067391431 ], [ -63.425541491861054, -9.554265955903341 ], [ -63.425541267198859, -9.554085064704999 ] ], [ [ -63.425450483526404, -9.554356512990973 ], [ -63.42535936285789, -9.554356624456261 ], [ -63.425359587430542, -9.554537515656079 ], [ -63.425450708147174, -9.55453740418864 ], [ -63.425450483526404, -9.554356512990973 ] ], [ [ -63.425542390554334, -9.554989520677889 ], [ -63.425451269718558, -9.554989632174573 ], [ -63.425451494354903, -9.555170523365652 ], [ -63.42554261523879, -9.555170411866817 ], [ -63.425542390554334, -9.554989520677889 ] ], [ [ -63.426089453006945, -9.555260187959732 ], [ -63.425998332105685, -9.555260299602896 ], [ -63.425998444570965, -9.555350745190809 ], [ -63.426089565496277, -9.555350633546571 ], [ -63.426089453006945, -9.555260187959732 ] ], [ [ -63.425907211203317, -9.555260411222184 ], [ -63.425816090299818, -9.555260522817596 ], [ -63.425816202716994, -9.555350968407662 ], [ -63.425907323644537, -9.555350856811174 ], [ -63.425907211203317, -9.555260411222184 ] ], [ [ -63.425542727582673, -9.555260857460574 ], [ -63.425451606674741, -9.555260968960484 ], [ -63.425451718995696, -9.555351414554847 ], [ -63.425542839927694, -9.555351303053866 ], [ -63.425542727582673, -9.555260857460574 ] ], [ [ -63.425725531371938, -9.555712862340116 ], [ -63.425634410345957, -9.555712973893151 ], [ -63.425634747473175, -9.555984310661314 ], [ -63.42581698966837, -9.555984087524919 ], [ -63.425816877243413, -9.555893641938148 ], [ -63.425907998315289, -9.55589353033521 ], [ -63.425907885867375, -9.555803084749051 ], [ -63.425725643770619, -9.555803307928899 ], [ -63.425725531371938, -9.555712862340116 ] ], [ [ -63.425543289318846, -9.555713085422306 ], [ -63.425452168290633, -9.555713196927584 ], [ -63.425452280617151, -9.555803642519594 ], [ -63.425543401669422, -9.55580353101324 ], [ -63.425543289318846, -9.555713085422306 ] ], [ [ -63.425725980973354, -9.556074644692425 ], [ -63.425634859851137, -9.55607475624976 ], [ -63.425634972230213, -9.556165201837736 ], [ -63.425543851082828, -9.556165313372267 ], [ -63.425543963438962, -9.556255758960846 ], [ -63.425452842266417, -9.556255870472572 ], [ -63.425452954599614, -9.556346316061754 ], [ -63.425361833401887, -9.556346427550677 ], [ -63.425362058023488, -9.556527318729779 ], [ -63.425544300514062, -9.556527095723759 ], [ -63.425544188154582, -9.556436650136591 ], [ -63.425726430592569, -9.556436427037205 ], [ -63.425725980973354, -9.556074644692425 ] ], [ [ -63.426090915455205, -9.55643598055188 ], [ -63.425908673026122, -9.556436203842299 ], [ -63.425908785481823, -9.556526649425166 ], [ -63.426091027959032, -9.556526426132594 ], [ -63.426090915455205, -9.55643598055188 ] ] ] } },
{ "type": "Feature", "properties": { "area_m2": 56200.0 }, "geometry": { "type": "Polygon", "coordinates": [ [ [ -63.442217951503629, -9.555330496392616 ], [ -63.442218068251741, -9.555420941784931 ], [ -63.442673671976557, -9.555420362069507 ], [ -63.442673905716809, -9.555601252841555 ], [ -63.442491664134131, -9.555601484803821 ], [ -63.442491547311541, -9.5555110394158 ], [ -63.44240042654252, -9.555511155360001 ], [ -63.442400543341058, -9.555601600749144 ], [ -63.442127180954913, -9.55560194844184 ], [ -63.44212729768244, -9.555692393833862 ], [ -63.44203617686069, -9.555692509684789 ], [ -63.44203652697805, -9.555963845861374 ], [ -63.442401010546781, -9.555963382301 ], [ -63.442401127351118, -9.556053827687787 ], [ -63.442492248264458, -9.556053711736883 ], [ -63.442492131436083, -9.555963266351213 ], [ -63.442583252324226, -9.555963150377547 ], [ -63.44258301862282, -9.55578225960703 ], [ -63.442491897782794, -9.555782375578461 ], [ -63.442491780957887, -9.555691930191378 ], [ -63.442674022588669, -9.555691698226875 ], [ -63.442674139461687, -9.555782143611722 ], [ -63.442765260299396, -9.555782027592535 ], [ -63.442765610997569, -9.556053363740897 ], [ -63.44258336917666, -9.5560535957621 ], [ -63.442583602885001, -9.556234486529787 ], [ -63.442674723844142, -9.556234370528893 ], [ -63.442674957605242, -9.556415261292466 ], [ -63.442857199616292, -9.556415029214563 ], [ -63.442856731906282, -9.55605324769448 ], [ -63.443130094625495, -9.556052899411961 ], [ -63.443130211623426, -9.556143344789334 ], [ -63.443039090694128, -9.556143460908505 ], [ -63.443039207669159, -9.556233906286522 ], [ -63.443130328622523, -9.556233790166232 ], [ -63.443130562624177, -9.556414680918619 ], [ -63.443312804623645, -9.556414448601929 ], [ -63.443312687574121, -9.556324003228211 ], [ -63.443221566599021, -9.556324119397376 ], [ -63.443221332551573, -9.556143228646285 ], [ -63.443312453478555, -9.556143112479358 ], [ -63.443312570525762, -9.556233557854021 ], [ -63.443403691475631, -9.556233441662096 ], [ -63.443404042696372, -9.556504777779898 ], [ -63.443130679626748, -9.556505126294109 ], [ -63.443131147648614, -9.556866907791347 ], [ -63.443222268769212, -9.556866791639345 ], [ -63.443221917678905, -9.556595455520482 ], [ -63.443495280817231, -9.556595106931274 ], [ -63.443495515020615, -9.556775997670938 ], [ -63.443404393927558, -9.556776113893461 ], [ -63.443404628087478, -9.55695700463348 ], [ -63.443495749228646, -9.556956888408719 ], [ -63.443495983441323, -9.557137779144616 ], [ -63.443404862252024, -9.557137895371618 ], [ -63.44340521350756, -9.55740923147529 ], [ -63.44349633476903, -9.557409115244932 ], [ -63.443496451880584, -9.55749956061076 ], [ -63.443587573164969, -9.557499444355395 ], [ -63.443587807439677, -9.557680335083404 ], [ -63.443496686107174, -9.557680451341005 ], [ -63.44349680322221, -9.557770896705421 ], [ -63.44340568186449, -9.557771012940263 ], [ -63.443405798956618, -9.557861458305327 ], [ -63.443496920338397, -9.557861342069366 ], [ -63.443497037455757, -9.557951787432842 ], [ -63.443588158860436, -9.557951671171876 ], [ -63.443588276003013, -9.558042116533763 ], [ -63.4436793974306, -9.558042000247799 ], [ -63.443679631767345, -9.558222890967912 ], [ -63.44358851029164, -9.558223007256116 ], [ -63.443588393146747, -9.558132561895174 ], [ -63.443315028784859, -9.558132910613129 ], [ -63.443314677573689, -9.557861574517403 ], [ -63.443223556189587, -9.557861690705597 ], [ -63.443223673234762, -9.557952136072428 ], [ -63.443132551825435, -9.557952252237857 ], [ -63.443132668847703, -9.558042697605343 ], [ -63.443041547413166, -9.558042813748006 ], [ -63.443041664412526, -9.558133259116136 ], [ -63.442950542952765, -9.558133375236038 ], [ -63.442950192030338, -9.557862039126881 ], [ -63.442859070641603, -9.557862155219546 ], [ -63.442858018153387, -9.55704814685658 ], [ -63.442675775805519, -9.557048378950132 ], [ -63.442676009587444, -9.557229269705227 ], [ -63.442767130810068, -9.557229153668153 ], [ -63.442767247726835, -9.557319599043877 ], [ -63.442402762733138, -9.557320063053352 ], [ -63.442403230026784, -9.557681844569419 ], [ -63.442312108679225, -9.557681960516552 ], [ -63.442312225481473, -9.557772405895507 ], [ -63.442221104108704, -9.557772521819876 ], [ -63.442220987330515, -9.557682076439805 ], [ -63.441947623277436, -9.557682424066266 ], [ -63.441947739983434, -9.557772869449689 ], [ -63.441036526157468, -9.557774026663374 ], [ -63.441036409692067, -9.557683581268806 ], [ -63.440945288327185, -9.557683696857707 ], [ -63.440945055447962, -9.557502806064926 ], [ -63.441036176764733, -9.55750269047825 ], [ -63.44103594384201, -9.557321799685813 ], [ -63.440944822573371, -9.557321915270263 ], [ -63.440943658269568, -9.556417461268683 ], [ -63.441034779297631, -9.556417345695372 ], [ -63.441034662849532, -9.556326900293737 ], [ -63.440943541845527, -9.556327015865937 ], [ -63.440943425422645, -9.556236570462715 ], [ -63.441034546402591, -9.556236454891632 ], [ -63.441034080626366, -9.555874673278499 ], [ -63.440942959742635, -9.555874788845133 ], [ -63.440942726909562, -9.555693898033514 ], [ -63.44103384774516, -9.555693782469115 ], [ -63.44103361486858, -9.555512891657836 ], [ -63.440942494081085, -9.555513007220011 ], [ -63.440942377668577, -9.555422561812557 ], [ -63.441489102231927, -9.555421868088034 ], [ -63.441488985676251, -9.555331422686793 ], [ -63.441580106408715, -9.555331306983588 ], [ -63.441580222988456, -9.555421752383715 ], [ -63.442035826753731, -9.555421173503964 ], [ -63.442035710053723, -9.555330728109416 ], [ -63.442217951503629, -9.555330496392616 ] ], [ [ -63.44176258112703, -9.555511966300868 ], [ -63.441671460348765, -9.555512082054058 ], [ -63.44167157695486, -9.555602527452129 ], [ -63.441762697757177, -9.555602411697825 ], [ -63.44176258112703, -9.555511966300868 ] ], [ [ -63.44185381855835, -9.555602295919645 ], [ -63.441762697757177, -9.555602411697825 ], [ -63.44176281438849, -9.555692857094312 ], [ -63.441853935213715, -9.555692741315015 ], [ -63.44185381855835, -9.555602295919645 ] ], [ [ -63.441580456151385, -9.555602643182558 ], [ -63.441398214540975, -9.555602874571781 ], [ -63.441398331076066, -9.555693319972729 ], [ -63.441580572734594, -9.555693088581274 ], [ -63.441580456151385, -9.555602643182558 ] ], [ [ -63.441671693562114, -9.555692972849732 ], [ -63.441580572734594, -9.555693088581274 ], [ -63.44158068931894, -9.555783533979518 ], [ -63.441671810170519, -9.555783418246859 ], [ -63.441671693562114, -9.555692972849732 ] ], [ [ -63.44121643888078, -9.555964887475369 ], [ -63.441125317975313, -9.555965003090868 ], [ -63.441125434442846, -9.556055448493273 ], [ -63.441216555372371, -9.556055332876662 ], [ -63.44121643888078, -9.555964887475369 ] ], [ [ -63.442310123218029, -9.556144389002247 ], [ -63.442219002278314, -9.556144504906513 ], [ -63.442219119036835, -9.55623495029459 ], [ -63.442127998071896, -9.556235066176097 ], [ -63.442128114807531, -9.556325511564822 ], [ -63.442310356784354, -9.556325279775699 ], [ -63.442310123218029, -9.556144389002247 ] ], [ [ -63.442583602885001, -9.556234486529787 ], [ -63.442401360963238, -9.556234718459947 ], [ -63.442401477771028, -9.556325163845321 ], [ -63.442492598756544, -9.556325047891065 ], [ -63.442492832423717, -9.556505938658164 ], [ -63.442583953456193, -9.556505822677794 ], [ -63.442583602885001, -9.556234486529787 ] ], [ [ -63.442766195517684, -9.556505590645415 ], [ -63.442675074487525, -9.556505706673542 ], [ -63.442675191370959, -9.556596152054153 ], [ -63.442766312425178, -9.556596036024906 ], [ -63.442766195517684, -9.556505590645415 ] ], [ [ -63.442857550410949, -9.556686365349682 ], [ -63.442766429333837, -9.556686481403926 ], [ -63.442766546243647, -9.556776926782476 ], [ -63.44267542514131, -9.556777042813957 ], [ -63.442675542028226, -9.556867488193154 ], [ -63.442857784279845, -9.556867256104072 ], [ -63.442857550410949, -9.556686365349682 ] ], [ [ -63.442584187176124, -9.556686713440778 ], [ -63.442493066095523, -9.556686829423381 ], [ -63.442493182933163, -9.556777274805285 ], [ -63.442584304037823, -9.556777158821561 ], [ -63.442584187176124, -9.556686713440778 ] ], [ [ -63.442402061827352, -9.556777390765125 ], [ -63.44231094072039, -9.55677750670109 ], [ -63.44231105751107, -9.556867952084756 ], [ -63.442402178642091, -9.556867836147674 ], [ -63.442402061827352, -9.556777390765125 ] ], [ [ -63.442219819612269, -9.556777622613174 ], [ -63.442128698502991, -9.556777738501379 ], [ -63.442128931989274, -9.556958629272705 ], [ -63.44222005314667, -9.556958513382268 ], [ -63.442219819612269, -9.556777622613174 ] ], [ [ -63.441855918531715, -9.557230312964238 ], [ -63.441764797297516, -9.557230428762502 ], [ -63.44176503060288, -9.557411319538048 ], [ -63.441856151885197, -9.557411203737553 ], [ -63.441855918531715, -9.557230312964238 ] ], [ [ -63.44331397518264, -9.557318902313229 ], [ -63.443131732702, -9.557319134652305 ], [ -63.443132083747955, -9.557590470763223 ], [ -63.443223205061031, -9.55759035460227 ], [ -63.443223088020495, -9.557499909233554 ], [ -63.443314209308348, -9.557499793049839 ], [ -63.44331397518264, -9.557318902313229 ] ] ] } },
{ "type": "Feature", "properties": { "area_m2": 17200.0 }, "geometry": { "type": "Polygon", "coordinates": [ [ [ -63.399939293447673, -9.556647937884057 ], [ -63.399939399048996, -9.556738383763156 ], [ -63.400121642238076, -9.5567381740779 ], [ -63.400121747888562, -9.556828619954508 ], [ -63.400212869505594, -9.55682851507505 ], [ -63.400213080857817, -9.557009406824836 ], [ -63.400121959192667, -9.557009511706314 ], [ -63.400122276156672, -9.557280849330491 ], [ -63.400213397894007, -9.557280744445981 ], [ -63.400213609256703, -9.557461636191059 ], [ -63.400122487471251, -9.557461741077592 ], [ -63.400123332771386, -9.558185308047152 ], [ -63.399758844849146, -9.55818572738678 ], [ -63.399758950420114, -9.558276173259891 ], [ -63.399576706404595, -9.558276382788423 ], [ -63.399576600881751, -9.558185936913286 ], [ -63.399485478896487, -9.558186041640715 ], [ -63.399485373398747, -9.558095595764101 ], [ -63.399394251436497, -9.558095700466636 ], [ -63.399394356910179, -9.55818614634426 ], [ -63.399303234922819, -9.558186251023923 ], [ -63.399303129473196, -9.558095805145289 ], [ -63.399212007508872, -9.558095909800061 ], [ -63.399212323788674, -9.558367247437564 ], [ -63.399121201751107, -9.558367352071473 ], [ -63.399120569345271, -9.557824676786177 ], [ -63.399211691238456, -9.557824572158314 ], [ -63.399211796660879, -9.557915018039367 ], [ -63.399394040492261, -9.557914808709981 ], [ -63.39939393502172, -9.557824362830942 ], [ -63.39930281313061, -9.55782446750657 ], [ -63.39930260224078, -9.557643575745068 ], [ -63.39912035855167, -9.557643785020641 ], [ -63.399120147762254, -9.557462893253227 ], [ -63.39921126955921, -9.557462788629396 ], [ -63.399211164142002, -9.557372342745991 ], [ -63.399120042369105, -9.557372447368815 ], [ -63.399119726195941, -9.557101109712747 ], [ -63.399210847896647, -9.557101005092948 ], [ -63.399210742483625, -9.55701055920766 ], [ -63.399119620806978, -9.557010663826448 ], [ -63.399119410032164, -9.556829772052444 ], [ -63.3992105316607, -9.55682966743567 ], [ -63.399210426250797, -9.55673922154897 ], [ -63.3996660342575, -9.556738698111939 ], [ -63.399665928728368, -9.55664825222981 ], [ -63.399939293447673, -9.556647937884057 ] ], [ [ -63.399302180473633, -9.557281792216418 ], [ -63.399211058725832, -9.557281896862113 ], [ -63.399211164142002, -9.557372342745991 ], [ -63.399302285913841, -9.557372238099287 ], [ -63.399302180473633, -9.557281792216418 ] ], [ [ -63.399667300688769, -9.557824048660764 ], [ -63.3995761788008, -9.557824153408038 ], [ -63.399576389839176, -9.558005045161602 ], [ -63.399758633710327, -9.55800483563913 ], [ -63.399758528142492, -9.557914389764603 ], [ -63.399667406231508, -9.557914494536773 ], [ -63.399667300688769, -9.557824048660764 ] ] ] } },
{ "type": "Feature", "properties": { "area_m2": 9400.0 }, "geometry": { "type": "Polygon", "coordinates": [ [ [ -63.371967280283904, -9.558849699739758 ], [ -63.371967378522555, -9.558940145906771 ], [ -63.372058501005, -9.558940048384825 ], [ -63.372058599268698, -9.559030494550425 ], [ -63.372149721774242, -9.55903039700366 ], [ -63.372149820062972, -9.55912084316785 ], [ -63.37224094259161, -9.559120745596257 ], [ -63.372241139220115, -9.559301637921342 ], [ -63.372332261795911, -9.559301540323979 ], [ -63.37233236013568, -9.559391986484881 ], [ -63.372423482734568, -9.55939188886269 ], [ -63.372423777831941, -9.55966322733974 ], [ -63.372332655160854, -9.559663324964751 ], [ -63.37233285184918, -9.559844217282317 ], [ -63.372241729128973, -9.55984431488532 ], [ -63.37224182745053, -9.559934761044333 ], [ -63.372150704705305, -9.559934858624386 ], [ -63.372150803003755, -9.560025304783869 ], [ -63.372059680233491, -9.560025402340974 ], [ -63.372059778508849, -9.56011584850093 ], [ -63.371877532917239, -9.560116043545349 ], [ -63.371877434690013, -9.560025597383518 ], [ -63.371968557462232, -9.560025499874191 ], [ -63.371968459211907, -9.559935053712829 ], [ -63.372059581959093, -9.559934956180554 ], [ -63.372059483685668, -9.559844510019659 ], [ -63.372150606407814, -9.559844412464432 ], [ -63.372150508111297, -9.559753966304005 ], [ -63.371877140014156, -9.5597542588952 ], [ -63.371877041790817, -9.559663812731486 ], [ -63.371694796436003, -9.559664007670962 ], [ -63.371694992787383, -9.559844900001679 ], [ -63.371603870060383, -9.559844997437462 ], [ -63.371603968213456, -9.559935443603051 ], [ -63.371512845461417, -9.559935541015884 ], [ -63.371512649204355, -9.559754648682357 ], [ -63.371330403793621, -9.559754843432605 ], [ -63.371330207636717, -9.559573951093448 ], [ -63.371421330294446, -9.559573853732145 ], [ -63.371421134093289, -9.559392961392973 ], [ -63.371512256701898, -9.559392864009657 ], [ -63.371511962335262, -9.559121525500194 ], [ -63.371603084870699, -9.559121428095805 ], [ -63.371602986726366, -9.559030981925979 ], [ -63.371420741702636, -9.559031176708991 ], [ -63.371420545513132, -9.55885028436418 ], [ -63.371967280283904, -9.558849699739758 ] ], [ [ -63.37196757500277, -9.559121038239383 ], [ -63.371876452471206, -9.559121135739316 ], [ -63.371876550688718, -9.559211581905853 ], [ -63.371967673244342, -9.559211484404981 ], [ -63.37196757500277, -9.559121038239383 ] ], [ [ -63.372149918352676, -9.559211289331568 ], [ -63.371967673244342, -9.559211484404981 ], [ -63.371967771486879, -9.559301930570106 ], [ -63.372058894065596, -9.559301833044406 ], [ -63.372058992333173, -9.559392279208124 ], [ -63.372150114934982, -9.559392181657598 ], [ -63.372149918352676, -9.559211289331568 ] ] ] } },
{ "type": "Feature", "properties": { "area_m2": 6400.0 }, "geometry": { "type": "Polygon", "coordinates": [ [ [ -63.370417611385655, -9.558308676834722 ], [ -63.370417807034109, -9.55848956920579 ], [ -63.370326684654501, -9.558489666293106 ], [ -63.370326880258688, -9.558670558664163 ], [ -63.370418002686428, -9.558670461574975 ], [ -63.37041819834262, -9.558851353942281 ], [ -63.370327075866761, -9.558851451033339 ], [ -63.370327173672251, -9.55894189721722 ], [ -63.370418296172183, -9.558941800125226 ], [ -63.370418394002698, -9.559032246307702 ], [ -63.370327271478708, -9.559032343400629 ], [ -63.37032776052552, -9.559484574310625 ], [ -63.370236637880225, -9.559484671384341 ], [ -63.370236833457589, -9.559665563746911 ], [ -63.370692446915022, -9.559665078130097 ], [ -63.370692936477063, -9.560117309004907 ], [ -63.370510690856328, -9.560117503332654 ], [ -63.370510397260603, -9.559846164803568 ], [ -63.370419274520984, -9.559846261928801 ], [ -63.370419176681736, -9.559755815750561 ], [ -63.370328053965224, -9.559755912850971 ], [ -63.37032834741364, -9.560027251387083 ], [ -63.370237224623949, -9.560027348466411 ], [ -63.370237126830901, -9.559936902287241 ], [ -63.370054881296753, -9.55993709637236 ], [ -63.370054294847634, -9.559394419276249 ], [ -63.369963172223507, -9.559394516277369 ], [ -63.369963074509435, -9.559304070092102 ], [ -63.370054197109503, -9.559303973091914 ], [ -63.370053512969676, -9.55867084978841 ], [ -63.370235757829988, -9.558670655729463 ], [ -63.370235366721722, -9.55830887098173 ], [ -63.370417611385655, -9.558308676834722 ] ] ] } },
{ "type": "Feature", "properties": { "area_m2": 34300.0 }, "geometry": { "type": "Polygon", "coordinates": [ [ [ -63.390372759686485, -9.557744163883187 ], [ -63.390372862773916, -9.557834609861413 ], [ -63.390463984766214, -9.557834507526326 ], [ -63.390464087878726, -9.557924953503095 ], [ -63.390737453921716, -9.557924646351575 ], [ -63.390737557107421, -9.558015092324913 ], [ -63.390828679143773, -9.558014989892321 ], [ -63.390828575933995, -9.557924543919968 ], [ -63.390919697945264, -9.557924441464479 ], [ -63.390919801179102, -9.558014887435842 ], [ -63.391375411340391, -9.558014374795203 ], [ -63.391375514695554, -9.558104820761162 ], [ -63.391648880852244, -9.558104512887212 ], [ -63.391648984280621, -9.558194958849727 ], [ -63.39174010635486, -9.558194856176323 ], [ -63.391740209808326, -9.558285302137383 ], [ -63.391649087710022, -9.558285404811778 ], [ -63.39164950143789, -9.558647188655266 ], [ -63.391740623632451, -9.558647085976915 ], [ -63.391741037472954, -9.559008869808915 ], [ -63.391649915182136, -9.559008972491224 ], [ -63.391649811744529, -9.55891852653294 ], [ -63.391558689476767, -9.558918629190373 ], [ -63.391558896304851, -9.559099521108449 ], [ -63.391741140935636, -9.55909931576574 ], [ -63.391741554796639, -9.559461099588324 ], [ -63.391923799615846, -9.559460894142152 ], [ -63.391923903131783, -9.559551340094639 ], [ -63.392015025563914, -9.559551237334736 ], [ -63.392015439734195, -9.559913021136031 ], [ -63.391924317205806, -9.559913123899896 ], [ -63.391924834821381, -9.560365353645871 ], [ -63.391013608277682, -9.560366380020092 ], [ -63.391013504993204, -9.560275934061952 ], [ -63.390102278587925, -9.56027695803736 ], [ -63.390101351239601, -9.559462944304162 ], [ -63.390192473668122, -9.559462842022992 ], [ -63.390192370610457, -9.559372396051264 ], [ -63.390374615416292, -9.55937219141923 ], [ -63.390374718522089, -9.559462637388988 ], [ -63.390556963371985, -9.559462432659432 ], [ -63.390556860218062, -9.55937198669165 ], [ -63.39073910501574, -9.559371781868519 ], [ -63.390739208217795, -9.559462227834329 ], [ -63.390921453059519, -9.559462022913676 ], [ -63.390921556310737, -9.55955246887704 ], [ -63.39101267875413, -9.559552366379897 ], [ -63.391012059117777, -9.559009690598577 ], [ -63.391103181415758, -9.559009588083473 ], [ -63.391102664959924, -9.558557358257701 ], [ -63.391011542782273, -9.558557460767869 ], [ -63.391011439518238, -9.558467014800312 ], [ -63.390738073051317, -9.558467322184551 ], [ -63.390737866670698, -9.558286430242109 ], [ -63.390646744561131, -9.558286532653776 ], [ -63.390646847726877, -9.558376978626219 ], [ -63.390282359182173, -9.558377388038 ], [ -63.390281637717209, -9.557744266193405 ], [ -63.390372759686485, -9.557744163883187 ] ], [ [ -63.391558896304851, -9.559099521108449 ], [ -63.391467773987934, -9.559099623743977 ], [ -63.391467877379441, -9.559190069703291 ], [ -63.391558999720438, -9.559189967066779 ], [ -63.391558896304851, -9.559099521108449 ] ], [ [ -63.391376651669979, -9.559099726355615 ], [ -63.391285529351009, -9.559099828943369 ], [ -63.391285632694391, -9.55919027490466 ], [ -63.391376755037435, -9.559190172315921 ], [ -63.391376651669979, -9.559099726355615 ] ], [ [ -63.390921969325824, -9.559914252725784 ], [ -63.390830846785143, -9.559914355202991 ], [ -63.390831053250686, -9.560095247126513 ], [ -63.390922175839506, -9.560095144647333 ], [ -63.390921969325824, -9.559914252725784 ] ], [ [ -63.390648704884839, -9.560005006049701 ], [ -63.390557582317022, -9.560005108456229 ], [ -63.390557685478107, -9.560095554420714 ], [ -63.390648808069983, -9.560095452013204 ], [ -63.390648704884839, -9.560005006049701 ] ], [ [ -63.390466459748183, -9.560005210838865 ], [ -63.390375337178334, -9.560005313197616 ], [ -63.39037544029128, -9.560095759164074 ], [ -63.390466562885202, -9.560095656804339 ], [ -63.390466459748183, -9.560005210838865 ] ], [ [ -63.391742279092817, -9.560094221259723 ], [ -63.391651156513213, -9.5600943239539 ], [ -63.391651363416074, -9.560275215857754 ], [ -63.39174248604381, -9.560275113161598 ], [ -63.391742279092817, -9.560094221259723 ] ] ] } },
{ "type": "Feature", "properties": { "area_m2": 15900.0 }, "geometry": { "type": "Polygon", "coordinates": [ [ [ -63.450146876239344, -9.5564056677759 ], [ -63.450148064842089, -9.557310120641143 ], [ -63.450239185993048, -9.557310002644698 ], [ -63.450239780458872, -9.557762229053971 ], [ -63.450148659187612, -9.5577623470561 ], [ -63.450150917969012, -9.559480807325533 ], [ -63.450242039697457, -9.559480689301804 ], [ -63.450243585737198, -9.560656477794435 ], [ -63.450152463695879, -9.560656595832944 ], [ -63.450152344786744, -9.560566150565968 ], [ -63.450061222768326, -9.560566268579448 ], [ -63.450061103884444, -9.560475823310867 ], [ -63.449969981888913, -9.560475941299318 ], [ -63.449969744172805, -9.560295050758471 ], [ -63.44987862222424, -9.560295168720767 ], [ -63.449878384560968, -9.56011427817576 ], [ -63.449969506461414, -9.560114160215738 ], [ -63.449968912203509, -9.559661933850654 ], [ -63.4498777904234, -9.559662051804994 ], [ -63.449877671599417, -9.559571606529431 ], [ -63.449786549842194, -9.559571724458745 ], [ -63.449786312245898, -9.559390833903931 ], [ -63.449877433954974, -9.559390715976887 ], [ -63.449877315134529, -9.559300270699906 ], [ -63.450059558501039, -9.559300034776429 ], [ -63.450059320767402, -9.559119144225603 ], [ -63.449877077497149, -9.559119380144535 ], [ -63.449876958680228, -9.559028934866143 ], [ -63.44969471545339, -9.559029170687261 ], [ -63.44969447791933, -9.558848280124518 ], [ -63.44978559948521, -9.558848162228173 ], [ -63.449785480695866, -9.55875771694723 ], [ -63.449876602236507, -9.558757599028139 ], [ -63.449876126994688, -9.558395817904207 ], [ -63.4499672484379, -9.558395699965773 ], [ -63.449966773118661, -9.558033918838847 ], [ -63.449875651771691, -9.558034036772737 ], [ -63.44987577057568, -9.558124482056309 ], [ -63.44978464920348, -9.558124599967453 ], [ -63.449784886766857, -9.558305490535458 ], [ -63.449693765345351, -9.558305608424988 ], [ -63.449693409074243, -9.558034272568866 ], [ -63.449602287723756, -9.558034390431107 ], [ -63.449602168993124, -9.557943945143652 ], [ -63.449511047665517, -9.557944062980875 ], [ -63.44951092896013, -9.557853617691817 ], [ -63.449602050263678, -9.55785349985573 ], [ -63.449601931535405, -9.557763054567335 ], [ -63.449784174090851, -9.557762818825788 ], [ -63.449784055315632, -9.557672373539191 ], [ -63.449692934062561, -9.557672491420773 ], [ -63.449692815312588, -9.557582046132568 ], [ -63.449783936541593, -9.557581928252123 ], [ -63.449783698997045, -9.557401037676581 ], [ -63.449692577816151, -9.557401155554755 ], [ -63.449692459069702, -9.557310710265142 ], [ -63.449783580226537, -9.557310592388106 ], [ -63.449783461457194, -9.557220147099152 ], [ -63.449874582588798, -9.557220029199369 ], [ -63.449874226215663, -9.556948693333101 ], [ -63.44996534727391, -9.556948575412846 ], [ -63.449964990839199, -9.556677239545751 ], [ -63.450056111824097, -9.556677121605025 ], [ -63.450055755327803, -9.556405785737097 ], [ -63.450146876239344, -9.5564056677759 ] ] ] } },
{ "type": "Feature", "properties": { "area_m2": 37700.0 }, "geometry": { "type": "Polygon", "coordinates": [ [ [ -63.371692833136031, -9.557855084260286 ], [ -63.371693029448529, -9.558035976609824 ], [ -63.372148640662495, -9.558035489166498 ], [ -63.372148738940517, -9.558125935335868 ], [ -63.372330983467407, -9.558125740189469 ], [ -63.37233108179452, -9.558216186356486 ], [ -63.373060060055657, -9.558215404808005 ], [ -63.373060158576251, -9.558305850967022 ], [ -63.373151280878567, -9.558305753165042 ], [ -63.373151379424201, -9.558396199322642 ], [ -63.373242501749608, -9.558396101495836 ], [ -63.373242600320282, -9.558486547652027 ], [ -63.373333722668768, -9.558486449800395 ], [ -63.373333919861174, -9.558667342109478 ], [ -63.373425042256819, -9.558667244232071 ], [ -63.373425436749592, -9.559029028840822 ], [ -63.373516559240514, -9.559028930935758 ], [ -63.373517052498798, -9.559481161681394 ], [ -63.373425929887546, -9.559481259591175 ], [ -63.373426225782026, -9.559752598035736 ], [ -63.373517348465477, -9.559752500123126 ], [ -63.373517545781496, -9.559933392415264 ], [ -63.373426423049914, -9.559933490329758 ], [ -63.373426620321695, -9.560114382621897 ], [ -63.373517743101416, -9.560114284705515 ], [ -63.373517841762833, -9.560204730849934 ], [ -63.373426718959053, -9.56020482876726 ], [ -63.373426916236689, -9.560385721056575 ], [ -63.373335793383788, -9.560385818951897 ], [ -63.3733359906172, -9.560566711241213 ], [ -63.373244867715194, -9.56056680911453 ], [ -63.373244966309286, -9.560657255259425 ], [ -63.373153843382227, -9.560657353109791 ], [ -63.373153941953241, -9.560747799255161 ], [ -63.373062819001134, -9.560747897082582 ], [ -63.373062917549042, -9.560838343228419 ], [ -63.372971794571903, -9.560838441032891 ], [ -63.372971991622521, -9.561019333325039 ], [ -63.372789745569015, -9.561019528866078 ], [ -63.372789844047638, -9.561109975013329 ], [ -63.3726075979421, -9.561110170460681 ], [ -63.372607499511602, -9.561019724311549 ], [ -63.372516376481435, -9.561019821998446 ], [ -63.372516278075985, -9.560929375847904 ], [ -63.372334032060877, -9.560929571148145 ], [ -63.372334130418182, -9.561020017300571 ], [ -63.372243007385102, -9.561020114915797 ], [ -63.372243105719313, -9.56111056106869 ], [ -63.372060859602065, -9.561110756229345 ], [ -63.372060957889111, -9.56120120238365 ], [ -63.371878711719845, -9.561201397450617 ], [ -63.371878613480945, -9.561110951294431 ], [ -63.371787490418917, -9.561111048791137 ], [ -63.371787195780271, -9.560839710316948 ], [ -63.371878318770086, -9.560839612823059 ], [ -63.371878122301041, -9.560658720506456 ], [ -63.371786999359365, -9.560658817998469 ], [ -63.371786901150365, -9.560568371838521 ], [ -63.371878024067968, -9.560568274347448 ], [ -63.371877925835875, -9.56047782818797 ], [ -63.372151294510644, -9.560477535574231 ], [ -63.372151196207319, -9.560387089417098 ], [ -63.372424564801129, -9.560386796591169 ], [ -63.372424466426573, -9.560296350436388 ], [ -63.372515589265156, -9.560296252780905 ], [ -63.372515294075129, -9.560024914316561 ], [ -63.372606416840533, -9.560024816640009 ], [ -63.372606318421731, -9.55993437048523 ], [ -63.372697441162096, -9.559934272785732 ], [ -63.372696850525386, -9.559391595852798 ], [ -63.372605727929425, -9.559391693546651 ], [ -63.372605629517452, -9.55930124738857 ], [ -63.372696752089354, -9.559301149695663 ], [ -63.372696555220195, -9.559120257379979 ], [ -63.372878800264807, -9.559120061926265 ], [ -63.372878603303278, -9.55893916961246 ], [ -63.372969725776002, -9.558939071851654 ], [ -63.372969528770255, -9.558758179537858 ], [ -63.372240549346287, -9.558758960940427 ], [ -63.372240451037392, -9.558668514775293 ], [ -63.371967083809515, -9.558668807404324 ], [ -63.371966985573785, -9.558578361235902 ], [ -63.371511373628216, -9.558578848468553 ], [ -63.371511275513768, -9.558488402294964 ], [ -63.371420153145799, -9.558488499668901 ], [ -63.3714198588805, -9.558217161142501 ], [ -63.371510981176279, -9.558217063771378 ], [ -63.371510784956143, -9.558036171419969 ], [ -63.37160190720283, -9.558036074026839 ], [ -63.371601710938442, -9.557855181675423 ], [ -63.371692833136031, -9.557855084260286 ] ], [ [ -63.372788957775057, -9.560295959671119 ], [ -63.372606712102758, -9.560296155101533 ], [ -63.372606810525454, -9.560386601254434 ], [ -63.372789056245892, -9.560386405822136 ], [ -63.372788957775057, -9.560295959671119 ] ], [ [ -63.372880474595199, -9.560657646517559 ], [ -63.372789351664238, -9.560657744272365 ], [ -63.372789450138967, -9.560748190421497 ], [ -63.372880573094001, -9.560748092665749 ], [ -63.372880474595199, -9.560657646517559 ] ], [ [ -63.372789450138967, -9.560748190421497 ], [ -63.37269832718296, -9.560748288153356 ], [ -63.372698425634596, -9.560838734302962 ], [ -63.372789548614662, -9.560838636570162 ], [ -63.372789450138967, -9.560748190421497 ] ] ] } },
{ "type": "Feature", "properties": { "area_m2": 93400.0 }, "geometry": { "type": "Polygon", "coordinates": [ [ [ -63.416889538662431, -9.557984713969731 ], [ -63.416889648754953, -9.558075159649944 ], [ -63.417163014023551, -9.558074831713755 ], [ -63.417163234356245, -9.558255723066443 ], [ -63.417072112553022, -9.558255832404496 ], [ -63.417072222696945, -9.558346278081189 ], [ -63.417163344524241, -9.55834616874208 ], [ -63.417163454693323, -9.558436614417248 ], [ -63.417072332841954, -9.55843672375741 ], [ -63.417072553135263, -9.558617615108439 ], [ -63.417163675034743, -9.55861750576617 ], [ -63.417164115730699, -9.558979288458366 ], [ -63.417255237725342, -9.558979179088002 ], [ -63.417255568330944, -9.559250516099041 ], [ -63.417346690396698, -9.559250406701629 ], [ -63.417347902966029, -9.560245309027595 ], [ -63.417530147623708, -9.56024509013792 ], [ -63.417530368201319, -9.560425981459575 ], [ -63.417348123447361, -9.560426200353465 ], [ -63.417348233689673, -9.560516646015694 ], [ -63.417439356091265, -9.560516536579639 ], [ -63.417439466358729, -9.560606982240344 ], [ -63.417530588783293, -9.560606872779346 ], [ -63.417530809369644, -9.560787764097233 ], [ -63.417348564423136, -9.560787982999557 ], [ -63.41734911566742, -9.561240211296573 ], [ -63.417440238261563, -9.561240101852086 ], [ -63.417440458815051, -9.561420993165489 ], [ -63.417167090884917, -9.561421321433597 ], [ -63.417167201091083, -9.561511767092751 ], [ -63.416711587732024, -9.561512313733694 ], [ -63.41671147764621, -9.561421868069276 ], [ -63.416255864380247, -9.561422414107653 ], [ -63.416255754415864, -9.5613319684375 ], [ -63.416073509150003, -9.561332186683508 ], [ -63.416073399234854, -9.561241741010786 ], [ -63.415708908786364, -9.561242177211895 ], [ -63.415708798968581, -9.561151731534503 ], [ -63.415526553785945, -9.561151949489609 ], [ -63.41552633424994, -9.56097105812921 ], [ -63.415435211705123, -9.560971167068827 ], [ -63.415434772742422, -9.560609384338182 ], [ -63.415343650292805, -9.560609493249711 ], [ -63.415343430866109, -9.560428601879465 ], [ -63.415434553267588, -9.560428492970031 ], [ -63.415434443531808, -9.560338047285247 ], [ -63.415343321154388, -9.560338156193636 ], [ -63.415343101734209, -9.560157264820562 ], [ -63.415251979403848, -9.560157373702957 ], [ -63.415251869719455, -9.560066928014667 ], [ -63.415160747412067, -9.560067036872127 ], [ -63.415160637752827, -9.559976591182316 ], [ -63.414705026319972, -9.559977135106056 ], [ -63.414704916782149, -9.559886689410533 ], [ -63.414613794516384, -9.559886798122569 ], [ -63.414613137456634, -9.559344123933268 ], [ -63.414704259578002, -9.559344015227516 ], [ -63.414704040518622, -9.559163123829412 ], [ -63.414612918445393, -9.559163232533068 ], [ -63.414612261437696, -9.558620558321168 ], [ -63.41470338336655, -9.55862044962379 ], [ -63.414703273844992, -9.558530003921208 ], [ -63.414612151940204, -9.558530112617536 ], [ -63.414611494978047, -9.557987438385856 ], [ -63.414793738497785, -9.557987220981881 ], [ -63.414793848036886, -9.558077666686247 ], [ -63.415796187582515, -9.55807646924519 ], [ -63.415796297387402, -9.558166914937548 ], [ -63.416251906348606, -9.558166369685567 ], [ -63.416251796423424, -9.558075923998466 ], [ -63.416434039952165, -9.558075705732591 ], [ -63.416434149925479, -9.558166151417591 ], [ -63.416525271712281, -9.558166042247775 ], [ -63.416525161714908, -9.558075596563826 ], [ -63.416798526996587, -9.558075268914239 ], [ -63.41679841692811, -9.557984823232974 ], [ -63.416889538662431, -9.557984713969731 ] ], [ [ -63.416619364488504, -9.56060796631429 ], [ -63.416528242053033, -9.56060807553639 ], [ -63.416528352080903, -9.560698521207154 ], [ -63.416619474540454, -9.560698411983999 ], [ -63.416619364488504, -9.56060796631429 ] ], [ [ -63.417075086821825, -9.560697865509889 ], [ -63.416983964367731, -9.56069797485249 ], [ -63.416984184667427, -9.560878866182081 ], [ -63.417075307169661, -9.56087875683737 ], [ -63.417075086821825, -9.560697865509889 ] ] ] } },
{ "type": "Feature", "properties": { "area_m2": 31800.0 }, "geometry": { "type": "Polygon", "coordinates": [ [ [ -63.410052157441939, -9.555279469462569 ], [ -63.410052373954443, -9.555460361007382 ], [ -63.410143495095134, -9.555460253540495 ], [ -63.410143819944118, -9.555731590851073 ], [ -63.410234941155906, -9.555731483357205 ], [ -63.410235482712594, -9.556183712193576 ], [ -63.410417725373513, -9.556183497123838 ], [ -63.410418375565648, -9.556726171699516 ], [ -63.410509497038845, -9.556726064122612 ], [ -63.410509605432004, -9.556816509882541 ], [ -63.410418483934748, -9.556816617460481 ], [ -63.410418809048522, -9.557087954740554 ], [ -63.410509930617962, -9.557087847159504 ], [ -63.410510039015428, -9.55717829291755 ], [ -63.410601160607847, -9.55717818531158 ], [ -63.410601485878857, -9.557449522579784 ], [ -63.410510364214254, -9.557449630188861 ], [ -63.410510581018841, -9.557630521700714 ], [ -63.410419459305047, -9.557630629287985 ], [ -63.410419892830859, -9.55799241231019 ], [ -63.410511014640903, -9.557992304718775 ], [ -63.410511231458379, -9.558173196224981 ], [ -63.410420109600203, -9.558173303818471 ], [ -63.410420326373846, -9.558354195324863 ], [ -63.410511448280133, -9.558354087729301 ], [ -63.410511556692633, -9.558444533480758 ], [ -63.410602678621913, -9.558444425860275 ], [ -63.410602787059538, -9.558534871610222 ], [ -63.410511665106192, -9.558534979231743 ], [ -63.41051188193655, -9.558715870732298 ], [ -63.410420759934006, -9.558715978332007 ], [ -63.410421085115395, -9.558987315582415 ], [ -63.41032996303958, -9.558987423161348 ], [ -63.410330071411458, -9.559077868911581 ], [ -63.410238949310525, -9.559077976467663 ], [ -63.410239166009362, -9.559258867968785 ], [ -63.410330288158441, -9.55925876041063 ], [ -63.410330396533539, -9.55934920615945 ], [ -63.4102392743604, -9.55934931371864 ], [ -63.410239382712511, -9.559439759468024 ], [ -63.410148260514219, -9.559439867004363 ], [ -63.410148368843338, -9.559530312754312 ], [ -63.410239491065688, -9.559530205216937 ], [ -63.41024035792973, -9.56025377119129 ], [ -63.410513725167938, -9.560253448410972 ], [ -63.410513942039096, -9.560434339893632 ], [ -63.410331697118423, -9.560434555108547 ], [ -63.410331913897593, -9.56061544659347 ], [ -63.410240791387515, -9.560615554167166 ], [ -63.410241008122846, -9.560796445652278 ], [ -63.410332130681056, -9.560796338076512 ], [ -63.4103322390744, -9.560886783817324 ], [ -63.41042336165561, -9.560886676216629 ], [ -63.410423470074093, -9.560977121955936 ], [ -63.410332347468817, -9.560977229557665 ], [ -63.4103324558643, -9.561067675297538 ], [ -63.410423578493656, -9.561067567694769 ], [ -63.410423686914285, -9.561158013433136 ], [ -63.410150318950791, -9.561158336172872 ], [ -63.410150427300287, -9.561248781913868 ], [ -63.410059304619573, -9.561248889447038 ], [ -63.410059412946076, -9.561339335188601 ], [ -63.409968290240222, -9.561339442698911 ], [ -63.409968398543718, -9.561429888441044 ], [ -63.410059521273645, -9.5614297809297 ], [ -63.41005962960228, -9.561520226670323 ], [ -63.410150752355207, -9.561520119134054 ], [ -63.410150969063849, -9.561701010611815 ], [ -63.410059846262783, -9.561701118150157 ], [ -63.410059954594637, -9.561791563889368 ], [ -63.409968831768417, -9.561791671404857 ], [ -63.409968723460636, -9.56170122566461 ], [ -63.409877600657431, -9.561701333155165 ], [ -63.409873486670584, -9.558264394637495 ], [ -63.40996460855925, -9.558264287186271 ], [ -63.409963309438361, -9.557178938051855 ], [ -63.410054431037217, -9.557178830589171 ], [ -63.410053997934988, -9.556817047533446 ], [ -63.409962876432367, -9.556817154991986 ], [ -63.409962226955543, -9.556274480388058 ], [ -63.410053348313809, -9.556274372935729 ], [ -63.410053131782, -9.556093481399392 ], [ -63.409962010471837, -9.556093588849645 ], [ -63.409961036348271, -9.555279576903509 ], [ -63.410052157441939, -9.555279469462569 ] ], [ [ -63.410329421196295, -9.558535194403129 ], [ -63.410238299239722, -9.558535301952992 ], [ -63.410238732615959, -9.558897084964656 ], [ -63.410329854668781, -9.558896977410642 ], [ -63.410329421196295, -9.558535194403129 ] ], [ [ -63.410240683021463, -9.560525108423903 ], [ -63.410149560534371, -9.560525215972673 ], [ -63.410149668876365, -9.560615661716971 ], [ -63.410240791387515, -9.560615554167166 ], [ -63.410240683021463, -9.560525108423903 ] ] ] } },
{ "type": "Feature", "properties": { "area_m2": 22300.0 }, "geometry": { "type": "Polygon", "coordinates": [ [ [ -63.399943518316299, -9.560265772680856 ], [ -63.399943623959452, -9.560356218541127 ], [ -63.400125869073612, -9.560356008775058 ], [ -63.400126080459344, -9.56053690049014 ], [ -63.400217203062994, -9.560536795569249 ], [ -63.4002173087815, -9.560627241425076 ], [ -63.400126186153784, -9.560627346346974 ], [ -63.400126503243357, -9.560898683914656 ], [ -63.400217625943284, -9.560898578989724 ], [ -63.400218048840316, -9.561260362402667 ], [ -63.400126926044109, -9.561260467331639 ], [ -63.400127031746919, -9.561350913184707 ], [ -63.400218154567192, -9.561350808254723 ], [ -63.400218260295119, -9.561441254106311 ], [ -63.400127137450767, -9.561441359037309 ], [ -63.400127877407016, -9.562074479992301 ], [ -63.39921664722101, -9.562075528058831 ], [ -63.399216541750562, -9.561985082199438 ], [ -63.399125418750288, -9.561985186873668 ], [ -63.399123415467443, -9.56026671543656 ], [ -63.399943518316299, -9.560265772680856 ] ] ] } },
{ "type": "Feature", "properties": { "area_m2": 18300.0 }, "geometry": { "type": "Polygon", "coordinates": [ [ [ -63.422358402325521, -9.55924435305891 ], [ -63.422360633569347, -9.561053265170214 ], [ -63.422451756054954, -9.561053154413829 ], [ -63.422452537263162, -9.561686273600809 ], [ -63.422361414609064, -9.561686384364659 ], [ -63.422361749356945, -9.561957721155212 ], [ -63.422179503901006, -9.56195794261763 ], [ -63.422179615437692, -9.56204838821567 ], [ -63.42208849268399, -9.562048498912109 ], [ -63.422088604197704, -9.562138944510746 ], [ -63.422179726975479, -9.562138833813243 ], [ -63.42218006159549, -9.56241017060313 ], [ -63.422088938745496, -9.562410281303828 ], [ -63.422089273303222, -9.562681618092672 ], [ -63.421907027455482, -9.562681839428784 ], [ -63.421906024245423, -9.561867829030351 ], [ -63.421997146953188, -9.561867718383834 ], [ -63.421997035466859, -9.561777272782718 ], [ -63.421905912783167, -9.56177738342817 ], [ -63.421905021124751, -9.561053818593761 ], [ -63.421813898632514, -9.561053929206798 ], [ -63.421813675777074, -9.560873037991358 ], [ -63.421904798221171, -9.560872927380451 ], [ -63.421904129536941, -9.560330253729211 ], [ -63.421813007237255, -9.560330364333726 ], [ -63.42181245015108, -9.559878136272745 ], [ -63.421903572330429, -9.559878025673557 ], [ -63.421902792287646, -9.559244906375861 ], [ -63.422358402325521, -9.55924435305891 ] ] ] } },
{ "type": "Feature", "properties": { "area_m2": 11100.0 }, "geometry": { "type": "Polygon", "coordinates": [ [ [ -63.371605440626311, -9.561292136030401 ], [ -63.371605636964546, -9.561473028346047 ], [ -63.371514513803326, -9.561473125774832 ], [ -63.37151461194982, -9.561563571932888 ], [ -63.371605735135127, -9.561563474503163 ], [ -63.371605833306674, -9.561653920659808 ], [ -63.371514710097301, -9.56165401809047 ], [ -63.37151490639517, -9.561834910404228 ], [ -63.371150413355416, -9.561835299895442 ], [ -63.371150707520627, -9.562106638373791 ], [ -63.371241830854252, -9.562106541034016 ], [ -63.371242027017388, -9.562287433348692 ], [ -63.37115090363563, -9.562287530690343 ], [ -63.371151001694585, -9.562377976847912 ], [ -63.371242125100416, -9.562377879505325 ], [ -63.371242419355326, -9.562649217972391 ], [ -63.371151295877269, -9.56264931531779 ], [ -63.371151393940103, -9.562739761473475 ], [ -63.371060270436999, -9.562739858795915 ], [ -63.37106007436045, -9.562558966482202 ], [ -63.370877827447629, -9.56255916105165 ], [ -63.370878023427892, -9.562740053369113 ], [ -63.370786899921875, -9.562740150619867 ], [ -63.370786997889383, -9.562830596778827 ], [ -63.370695874358326, -9.562830694006619 ], [ -63.37069567847243, -9.562649801686357 ], [ -63.37078680195534, -9.562649704460433 ], [ -63.37078641009888, -9.562287919817997 ], [ -63.370513039936149, -9.562288211412843 ], [ -63.370513137826585, -9.562378657576968 ], [ -63.370422014412995, -9.562378754728396 ], [ -63.370421622953351, -9.562016970065336 ], [ -63.370603869586979, -9.56201677574607 ], [ -63.370603673766674, -9.56183588341546 ], [ -63.370512550498489, -9.561835980585164 ], [ -63.370512256847519, -9.56156464208291 ], [ -63.370694503238489, -9.561564447725214 ], [ -63.370694405308626, -9.561474001558727 ], [ -63.370876651647585, -9.56147380710733 ], [ -63.370876553670541, -9.561383360942243 ], [ -63.370967676814487, -9.561383263681643 ], [ -63.370967578814358, -9.561292817517023 ], [ -63.371058701933265, -9.561292720233467 ], [ -63.371058799957467, -9.561383166397151 ], [ -63.371149923099473, -9.561383069088766 ], [ -63.371149825051191, -9.56129262292602 ], [ -63.371605440626311, -9.561292136030401 ] ], [ [ -63.371150119198937, -9.561563961412849 ], [ -63.370785626432522, -9.561564350510524 ], [ -63.370785724387424, -9.561654796675606 ], [ -63.370694601169326, -9.56165489389123 ], [ -63.370694699101122, -9.561745340056778 ], [ -63.370876945584499, -9.561745145599764 ], [ -63.370876847604556, -9.561654699436088 ], [ -63.371150217250126, -9.561654407574183 ], [ -63.371150119198937, -9.561563961412849 ] ] ] } },
{ "type": "Feature", "properties": { "area_m2": 133700.0 }, "geometry": { "type": "Polygon", "coordinates": [ [ [ -63.40331185583878, -9.557548501676481 ], [ -63.403311962340815, -9.557638947513349 ], [ -63.404132058474019, -9.557637995133613 ], [ -63.404132165193651, -9.557728440960837 ], [ -63.404041043381241, -9.557728546877357 ], [ -63.404041256775557, -9.557909438532427 ], [ -63.404132378636092, -9.557909332613866 ], [ -63.40413259208276, -9.558090224265012 ], [ -63.404223713990362, -9.558090118320527 ], [ -63.40422339374976, -9.557818780846162 ], [ -63.404314515584119, -9.557818674880854 ], [ -63.404314408815317, -9.557728229056144 ], [ -63.404405530624558, -9.557728123067976 ], [ -63.404405423832742, -9.557637677243816 ], [ -63.404496545616858, -9.557637571232787 ], [ -63.404497186528005, -9.558180246164548 ], [ -63.404588308455445, -9.558180140123508 ], [ -63.404588949549037, -9.558722815032192 ], [ -63.404497827477222, -9.558722921079363 ], [ -63.404498254797858, -9.559084704346491 ], [ -63.404589376965937, -9.559084598295232 ], [ -63.404589697539713, -9.559355935737567 ], [ -63.404498575299456, -9.55935604179189 ], [ -63.404498895810569, -9.559627379233055 ], [ -63.404590018123024, -9.559627273175666 ], [ -63.40459023185052, -9.559808164798714 ], [ -63.404499109489926, -9.559808270858145 ], [ -63.404499323173518, -9.559989162481347 ], [ -63.404590445582244, -9.559989056419873 ], [ -63.404590766187766, -9.560260393848084 ], [ -63.404499643706842, -9.560260499912623 ], [ -63.404500177950197, -9.56071272895533 ], [ -63.404591300551473, -9.560712622885685 ], [ -63.40459140742739, -9.560803068691792 ], [ -63.404500284802054, -9.560803174762459 ], [ -63.40450081907715, -9.561255403791041 ], [ -63.404591941822837, -9.561255297715263 ], [ -63.404592048705112, -9.561345743518547 ], [ -63.404500925935338, -9.561345849595345 ], [ -63.404501994575455, -9.562250307612477 ], [ -63.404410871563911, -9.562250413675596 ], [ -63.404410978409672, -9.562340859475739 ], [ -63.404502101445281, -9.562340753411601 ], [ -63.404503063321364, -9.563154765582512 ], [ -63.403774077273482, -9.563155613500067 ], [ -63.403774183961282, -9.563246059302642 ], [ -63.403683060676478, -9.563246165185822 ], [ -63.403682954012751, -9.563155719382227 ], [ -63.402680598074987, -9.563156882508816 ], [ -63.402680810873825, -9.563337774137938 ], [ -63.402589687552279, -9.563337879735373 ], [ -63.402589581176414, -9.563247433920031 ], [ -63.402407334578321, -9.563247645041178 ], [ -63.40240722825164, -9.563157199223333 ], [ -63.402316104975093, -9.563157304747048 ], [ -63.402316211277693, -9.563247750565905 ], [ -63.402225087976007, -9.56324785606674 ], [ -63.402224981697493, -9.563157410246863 ], [ -63.402133858418836, -9.56315751572278 ], [ -63.402133964673276, -9.563247961543674 ], [ -63.40176947145185, -9.563248383212446 ], [ -63.401769577611041, -9.563338829036928 ], [ -63.401678454278972, -9.563338934395395 ], [ -63.401678348143854, -9.563248488569897 ], [ -63.401496101524728, -9.563248699213107 ], [ -63.401495995438815, -9.563158253385115 ], [ -63.401587118724827, -9.56315814807647 ], [ -63.401586906508008, -9.562977256421091 ], [ -63.401495783270136, -9.562977361727707 ], [ -63.401495677187377, -9.562886915898298 ], [ -63.401586800401162, -9.562886810592696 ], [ -63.401586588190639, -9.562705918934494 ], [ -63.401495465024993, -9.562706024238068 ], [ -63.401495040712838, -9.562344240911953 ], [ -63.401768409917715, -9.562343924941716 ], [ -63.40176819762349, -9.562163033281919 ], [ -63.401950443658535, -9.562162822519683 ], [ -63.401950656049046, -9.56234371417542 ], [ -63.402588517475579, -9.562342975740705 ], [ -63.402588411111275, -9.562252529920185 ], [ -63.402679534143928, -9.562252424334952 ], [ -63.402677406597761, -9.56044350784593 ], [ -63.402768529147941, -9.560443402257139 ], [ -63.402767358912378, -9.55944849811908 ], [ -63.402676236626931, -9.559448603696678 ], [ -63.402675492166374, -9.558815482844766 ], [ -63.402766614283372, -9.558815377274284 ], [ -63.402766295172455, -9.55854403976231 ], [ -63.402675173127662, -9.558544145329744 ], [ -63.402674216068348, -9.557730132759245 ], [ -63.402765337896589, -9.557730027200966 ], [ -63.402765125180203, -9.557549135515487 ], [ -63.40331185583878, -9.557548501676481 ] ], [ [ -63.403950134913963, -9.557909544427106 ], [ -63.403767891187606, -9.557909756144813 ], [ -63.403767997814157, -9.558000201974702 ], [ -63.403950241588646, -9.557999990254952 ], [ -63.403950134913963, -9.557909544427106 ] ], [ [ -63.403039341982534, -9.558272385409648 ], [ -63.40294822001308, -9.558272491045679 ], [ -63.402948432842571, -9.558453382719557 ], [ -63.40303955486015, -9.558453277081487 ], [ -63.403039341982534, -9.558272385409648 ] ], [ [ -63.40413301898878, -9.558452007561657 ], [ -63.403950774977893, -9.55845221938714 ], [ -63.403950881658915, -9.558542665212165 ], [ -63.404133125717919, -9.558542453384643 ], [ -63.40413301898878, -9.558452007561657 ] ], [ [ -63.403952588698921, -9.55998979834853 ], [ -63.403861466282791, -9.559989904242785 ], [ -63.403861572957702, -9.560080350060826 ], [ -63.403952695397891, -9.560080244165551 ], [ -63.403952588698921, -9.55998979834853 ] ], [ [ -63.404044458197511, -9.560622813132502 ], [ -63.403953335613956, -9.560622919057785 ], [ -63.403953442320329, -9.560713364871512 ], [ -63.404044564927958, -9.560713258945208 ], [ -63.404044458197511, -9.560622813132502 ] ], [ [ -63.403773117130768, -9.562341601255675 ], [ -63.403681994086689, -9.56234170712866 ], [ -63.403682207396201, -9.562522598743859 ], [ -63.40386445357958, -9.562522386969917 ], [ -63.403864346876155, -9.56243194116459 ], [ -63.403773223809061, -9.56243204706249 ], [ -63.403773117130768, -9.562341601255675 ] ] ] } },
{ "type": "Feature", "properties": { "area_m2": 12100.0 }, "geometry": { "type": "Polygon", "coordinates": [ [ [ -63.390924447759879, -9.562084955660056 ], [ -63.390924757605532, -9.562356293507774 ], [ -63.391107003983635, -9.562356088428379 ], [ -63.391106900652581, -9.562265642481584 ], [ -63.391015777488114, -9.562265745032244 ], [ -63.391015674182142, -9.562175299083991 ], [ -63.39165353614338, -9.562174580734526 ], [ -63.391654984879217, -9.563440823870337 ], [ -63.391472737935601, -9.563441029260199 ], [ -63.391472634495962, -9.563350583323011 ], [ -63.391381511046696, -9.563350685981106 ], [ -63.391381614462254, -9.563441131919284 ], [ -63.390834873600717, -9.563441747371945 ], [ -63.390834770329619, -9.563351301427844 ], [ -63.390743646873197, -9.563351403918661 ], [ -63.390743440382209, -9.563170512027067 ], [ -63.390834563790484, -9.563170409538227 ], [ -63.390834460522449, -9.56307996359271 ], [ -63.390743337138247, -9.563080066080566 ], [ -63.390743233895307, -9.562989620133592 ], [ -63.39065211053417, -9.562989722596562 ], [ -63.390652007316326, -9.562899276648134 ], [ -63.390925377324464, -9.562898969190483 ], [ -63.390925274035425, -9.562808523244545 ], [ -63.391289767268994, -9.562808112970423 ], [ -63.391289560501384, -9.562627221085028 ], [ -63.391107313982936, -9.562627426265928 ], [ -63.391107417318089, -9.562717872210838 ], [ -63.391016294033257, -9.562717974766434 ], [ -63.391016190722176, -9.562627528820537 ], [ -63.390833944197603, -9.562627733858065 ], [ -63.390833737674811, -9.562446841960911 ], [ -63.390742614459143, -9.562446944441858 ], [ -63.39074220152213, -9.562085160637956 ], [ -63.390924447759879, -9.562084955660056 ] ], [ [ -63.39156251645953, -9.562265129369882 ], [ -63.391471393300179, -9.562265232040012 ], [ -63.391471496727533, -9.562355677982852 ], [ -63.391562619910957, -9.562355575311734 ], [ -63.39156251645953, -9.562265129369882 ] ] ] } },
{ "type": "Feature", "properties": { "area_m2": 6900.0 }, "geometry": { "type": "Polygon", "coordinates": [ [ [ -63.425369135881738, -9.562225389907303 ], [ -63.425369248264296, -9.562315835466476 ], [ -63.425460371050313, -9.562315723906655 ], [ -63.42546070827688, -9.562587060578126 ], [ -63.425278462559277, -9.562587283680321 ], [ -63.425278687286259, -9.562768174796577 ], [ -63.425460933100155, -9.562767951690086 ], [ -63.425461157927863, -9.562948842800161 ], [ -63.425370034973326, -9.562948954367503 ], [ -63.425370259757351, -9.563129845477844 ], [ -63.425279136753552, -9.563129957023438 ], [ -63.42527924912315, -9.563220402578974 ], [ -63.425370372151029, -9.563220291032303 ], [ -63.425370709338743, -9.563491627692869 ], [ -63.425279586238638, -9.56349173924276 ], [ -63.425279810987853, -9.56367263034959 ], [ -63.425370934136112, -9.563672518797551 ], [ -63.425371158937928, -9.563853409900354 ], [ -63.425188912544002, -9.563853632984831 ], [ -63.425189024898437, -9.563944078537672 ], [ -63.425006778451902, -9.5639443015287 ], [ -63.42500666614562, -9.563853855973713 ], [ -63.425097789345365, -9.563853744491221 ], [ -63.425097452360994, -9.563582407826647 ], [ -63.425006329233483, -9.563582519305921 ], [ -63.425005880032856, -9.563220737075603 ], [ -63.424914757000529, -9.563220848526688 ], [ -63.424914644727224, -9.563130402966856 ], [ -63.425005767735477, -9.563130291516849 ], [ -63.425005655439215, -9.563039845957615 ], [ -63.424914532455034, -9.563039957406554 ], [ -63.424914307913994, -9.562859066284535 ], [ -63.424732062038608, -9.562859289106431 ], [ -63.42473194981789, -9.562768843542573 ], [ -63.424549703986223, -9.562769066266741 ], [ -63.424549479644426, -9.562588175133316 ], [ -63.424640602512675, -9.562588063785325 ], [ -63.424640714707088, -9.562678509351198 ], [ -63.424731837598287, -9.562678397978241 ], [ -63.424731725379807, -9.562587952413438 ], [ -63.424913971110747, -9.562587729597979 ], [ -63.42491419564513, -9.562768620722823 ], [ -63.425005318557076, -9.562768509277104 ], [ -63.425005543144053, -9.562949400397915 ], [ -63.425096666103045, -9.562949288926157 ], [ -63.425096553784918, -9.562858843367058 ], [ -63.425187676718721, -9.562858731872478 ], [ -63.425187564377637, -9.562768286313982 ], [ -63.425096441467922, -9.562768397807492 ], [ -63.42509621683724, -9.562587506686938 ], [ -63.425187339698809, -9.56258739519558 ], [ -63.425187002688915, -9.56231605851444 ], [ -63.425278125477163, -9.562315947002405 ], [ -63.425278013118685, -9.562225501442159 ], [ -63.425369135881738, -9.562225389907303 ] ], [ [ -63.425279361493878, -9.563310848134039 ], [ -63.425188238440811, -9.563310959657887 ], [ -63.425188350788559, -9.563401405213556 ], [ -63.4252794738657, -9.563401293688635 ], [ -63.425279361493878, -9.563310848134039 ] ] ] } },
{ "type": "Feature", "properties": { "area_m2": 284900.0 }, "geometry": { "type": "Polygon", "coordinates": [ [ [ -63.437385780509672, -9.553165913649712 ], [ -63.437390514724378, -9.556874177225206 ], [ -63.437481635917521, -9.556874062577648 ], [ -63.437482097991314, -9.557235844343095 ], [ -63.437573219279543, -9.557235729667241 ], [ -63.437573334824911, -9.55732617510632 ], [ -63.43748221351261, -9.557326289783282 ], [ -63.437482444558661, -9.557507180662236 ], [ -63.437573565919081, -9.557507065983064 ], [ -63.437575645972544, -9.559135083789004 ], [ -63.437484524179013, -9.559135198488061 ], [ -63.437484408634823, -9.559044753057298 ], [ -63.437393286864207, -9.559044867731366 ], [ -63.43739340238433, -9.559135313163232 ], [ -63.437302280588497, -9.559135427814519 ], [ -63.437302511584058, -9.559316318679054 ], [ -63.437211389738962, -9.559316433308661 ], [ -63.437211620690945, -9.55949732417352 ], [ -63.43730274258418, -9.559497209541705 ], [ -63.437302858085964, -9.55958765497232 ], [ -63.436847248488057, -9.559588227898056 ], [ -63.436847133106603, -9.55949778246192 ], [ -63.437029376901066, -9.559497553365494 ], [ -63.437028915194169, -9.55913577162506 ], [ -63.436937793393767, -9.559135886180803 ], [ -63.436937908794711, -9.559226331617722 ], [ -63.436846786969106, -9.55922644615068 ], [ -63.436846902347135, -9.559316891588232 ], [ -63.43675578049632, -9.559317006098407 ], [ -63.436755895851419, -9.559407451536591 ], [ -63.436664773975401, -9.559407566023983 ], [ -63.436664889307579, -9.559498011462797 ], [ -63.436573767406358, -9.559498125927405 ], [ -63.436574228650215, -9.559859907682361 ], [ -63.436847594639261, -9.55985956420364 ], [ -63.436847363870648, -9.559678673333719 ], [ -63.43693848581659, -9.559678558795243 ], [ -63.436938601224391, -9.559769004229338 ], [ -63.437120845160955, -9.559768775078519 ], [ -63.437121076076245, -9.55994966594087 ], [ -63.437212198090954, -9.559949551327422 ], [ -63.437212082608667, -9.559859105897585 ], [ -63.437394326586507, -9.559858876601231 ], [ -63.437394095529093, -9.559677985744557 ], [ -63.437485217468165, -9.559677871062759 ], [ -63.437485333020362, -9.559768316490226 ], [ -63.437667576943213, -9.559768087052758 ], [ -63.437667461342876, -9.559677641627498 ], [ -63.43794082714637, -9.559677297295451 ], [ -63.437941174167378, -9.559948633559861 ], [ -63.438032296171777, -9.559948518731421 ], [ -63.438032411871809, -9.560038964150843 ], [ -63.437667923751064, -9.560039423325703 ], [ -63.437668154962033, -9.560220314171978 ], [ -63.437577032880839, -9.560220428908181 ], [ -63.437576917298856, -9.560129983484172 ], [ -63.437394673181188, -9.560130212882708 ], [ -63.437394788715039, -9.560220658308923 ], [ -63.437303666630427, -9.560220772973464 ], [ -63.437303782141356, -9.560311218400313 ], [ -63.437394904250041, -9.560311103734669 ], [ -63.43739501978618, -9.560401549159943 ], [ -63.437303897653429, -9.560401663826692 ], [ -63.437304013166646, -9.5604921092526 ], [ -63.437121768849565, -9.560492338516633 ], [ -63.437121999783152, -9.560673229371451 ], [ -63.436939755365245, -9.560673458544345 ], [ -63.436940101629787, -9.560944794829661 ], [ -63.437031223911518, -9.560944680251851 ], [ -63.437031108464801, -9.560854234824983 ], [ -63.437122230721322, -9.560854120224388 ], [ -63.437122115251668, -9.560763674798157 ], [ -63.437213237482979, -9.560763560174768 ], [ -63.437213468471569, -9.560944451024554 ], [ -63.437304590749868, -9.560944336375071 ], [ -63.437304475230938, -9.560853890951517 ], [ -63.437395597484034, -9.56085377627925 ], [ -63.437395135323456, -9.560491994584746 ], [ -63.437486257479136, -9.560491879893009 ], [ -63.43748614191778, -9.560401434469311 ], [ -63.437577264048244, -9.560401319754781 ], [ -63.43757714846398, -9.560310874331718 ], [ -63.437668270569226, -9.560310759594406 ], [ -63.437668501787051, -9.560491650437855 ], [ -63.437759623939286, -9.560491535674446 ], [ -63.437759739573991, -9.560581981094362 ], [ -63.437668617397684, -9.560582095858875 ], [ -63.43766873300946, -9.560672541279422 ], [ -63.437759855209833, -9.560672426513801 ], [ -63.437760086484964, -9.560853317351272 ], [ -63.437668964236451, -9.560853432119103 ], [ -63.4376693110855, -9.561124768375088 ], [ -63.437578188763631, -9.561124883122345 ], [ -63.437578304358205, -9.561215328541167 ], [ -63.437669426704147, -9.561215213792808 ], [ -63.437669542323938, -9.561305659210056 ], [ -63.437760664692796, -9.561305544436699 ], [ -63.437760549048946, -9.561215099020558 ], [ -63.437851671392586, -9.561214984224412 ], [ -63.437851555725814, -9.561124538808906 ], [ -63.437942678044237, -9.561124423989977 ], [ -63.437942793735097, -9.561214869404379 ], [ -63.438216160755736, -9.561214524800929 ], [ -63.438216508051795, -9.561485861031359 ], [ -63.437943140814525, -9.561486205644764 ], [ -63.437943256509961, -9.56157665105728 ], [ -63.438034378947606, -9.561576536208932 ], [ -63.438034494668244, -9.561666981619872 ], [ -63.437852249743685, -9.561667211294889 ], [ -63.437852365417342, -9.561757656707575 ], [ -63.437670120440046, -9.561757886289234 ], [ -63.43767046732345, -9.562029222531086 ], [ -63.437761589884879, -9.562029107748884 ], [ -63.437761705539046, -9.562119553160791 ], [ -63.437852828123404, -9.562119438353594 ], [ -63.437852943802788, -9.56220988376392 ], [ -63.437397330749171, -9.562210457566499 ], [ -63.437397677433083, -9.56248179381123 ], [ -63.437488800118317, -9.562481679095185 ], [ -63.437488915705984, -9.562572124508048 ], [ -63.437853406531751, -9.562571665400512 ], [ -63.437853522216855, -9.56266211080848 ], [ -63.438035767671018, -9.562661881109136 ], [ -63.43803565193776, -9.562571435703376 ], [ -63.438217897339186, -9.562571205910663 ], [ -63.438218939413048, -9.56338521452561 ], [ -63.438127816496234, -9.563385329443873 ], [ -63.438128279573661, -9.563747111042693 ], [ -63.438219402586782, -9.563746996120004 ], [ -63.438219518383079, -9.563837441517427 ], [ -63.438128395345885, -9.563837556441218 ], [ -63.438128626893764, -9.564018447236856 ], [ -63.438219749979112, -9.564018332310846 ], [ -63.438220097381759, -9.564289668497455 ], [ -63.438128974224178, -9.564289783426783 ], [ -63.438129090003279, -9.564380228822479 ], [ -63.437946843636524, -9.564380458611652 ], [ -63.437947075101839, -9.564561349406061 ], [ -63.437764828634187, -9.564561579104058 ], [ -63.437764712949104, -9.564471133704879 ], [ -63.437673589737642, -9.564471248516924 ], [ -63.437673705398637, -9.564561693917206 ], [ -63.437582582161951, -9.564561808706456 ], [ -63.437582466525036, -9.564471363305067 ], [ -63.437491343311272, -9.56447147806931 ], [ -63.437491227699589, -9.564381032666345 ], [ -63.437582350889265, -9.564380917903202 ], [ -63.437582235254631, -9.564290472500872 ], [ -63.437491112089035, -9.564290587262906 ], [ -63.437489493661481, -9.563024351565293 ], [ -63.437398370831801, -9.563024466287963 ], [ -63.437397908561422, -9.562662684638692 ], [ -63.437124540354425, -9.56266302865008 ], [ -63.437124424861913, -9.562572583233273 ], [ -63.436942179433018, -9.562572812452514 ], [ -63.43694206398979, -9.562482367033029 ], [ -63.437124309370546, -9.562482137815991 ], [ -63.437124193880301, -9.56239169239824 ], [ -63.437033071214572, -9.562391807017601 ], [ -63.437032840285696, -9.562210916178479 ], [ -63.436668349803931, -9.562211374408159 ], [ -63.436668811281095, -9.562573156102172 ], [ -63.436759933999546, -9.562573041576179 ], [ -63.436760049395765, -9.562663486997403 ], [ -63.436851172137139, -9.562663372446416 ], [ -63.436851287558582, -9.562753817866062 ], [ -63.436669042026537, -9.562754046946351 ], [ -63.436669157400964, -9.562844492367732 ], [ -63.436578034609155, -9.562844606873135 ], [ -63.436578380667079, -9.563115943137767 ], [ -63.436487257801907, -9.56311605762258 ], [ -63.436486450517918, -9.562482939657468 ], [ -63.436395327820122, -9.562483054110672 ], [ -63.436396134935592, -9.5631161720835 ], [ -63.436305012068125, -9.563116286520525 ], [ -63.43630524263466, -9.563297177367867 ], [ -63.43639636555028, -9.563297062928635 ], [ -63.436396711480867, -9.563568399192809 ], [ -63.436487834467563, -9.563568284726381 ], [ -63.436487949804118, -9.563658730145725 ], [ -63.436579072813757, -9.563658615654296 ], [ -63.436579303538444, -9.563839506489375 ], [ -63.436488180480666, -9.563839620983009 ], [ -63.436488295820645, -9.563930066400943 ], [ -63.436397172737642, -9.563930180871777 ], [ -63.436397288054692, -9.56402062629034 ], [ -63.436032795614956, -9.564021083939121 ], [ -63.436032680394227, -9.563930638516153 ], [ -63.435941557305526, -9.563930752867501 ], [ -63.435941672502175, -9.56402119829157 ], [ -63.435577180039637, -9.564021655462382 ], [ -63.435577064939295, -9.563931210033912 ], [ -63.435485941844895, -9.563931324265768 ], [ -63.435482260005472, -9.561037070270663 ], [ -63.436302360880973, -9.561036041640623 ], [ -63.436302476137428, -9.561126487075368 ], [ -63.436393598475306, -9.561126372662587 ], [ -63.436393483194777, -9.561035927228943 ], [ -63.436484605507424, -9.561035812793374 ], [ -63.436484490203981, -9.560945367360363 ], [ -63.436393367915393, -9.56094548179483 ], [ -63.436392906809274, -9.560583700053671 ], [ -63.436484029001583, -9.560583585623609 ], [ -63.436483798407231, -9.560402694752407 ], [ -63.43630155411774, -9.560402923584231 ], [ -63.436301669366209, -9.560493369022272 ], [ -63.436210547195678, -9.56049348340345 ], [ -63.436210431971283, -9.560403037964306 ], [ -63.43593706552506, -9.560403380961207 ], [ -63.435937180677264, -9.560493826403652 ], [ -63.435572691970059, -9.560494283402807 ], [ -63.435572807027121, -9.560584728849182 ], [ -63.435481684823415, -9.560584843040347 ], [ -63.435481569790419, -9.560494397592871 ], [ -63.435299325427714, -9.560494625901333 ], [ -63.435298750520495, -9.560042398645889 ], [ -63.435207628457761, -9.560042512758789 ], [ -63.435207283599297, -9.559771176396575 ], [ -63.434751673629592, -9.559771746586282 ], [ -63.434751443970299, -9.559590855664796 ], [ -63.434660322021088, -9.559590969628879 ], [ -63.4346604368261, -9.559681415090955 ], [ -63.434569314851672, -9.559681529032249 ], [ -63.434569429633768, -9.559771974494952 ], [ -63.433931575612533, -9.559772771422837 ], [ -63.433931460998913, -9.559682325952458 ], [ -63.433840339015404, -9.559682439702653 ], [ -63.433840224426987, -9.559591994230709 ], [ -63.43393134638643, -9.559591880481612 ], [ -63.433931002555774, -9.559320544066239 ], [ -63.433839880668529, -9.559320657812053 ], [ -63.433839766084645, -9.559230212338225 ], [ -63.433930887947817, -9.559230098593508 ], [ -63.433930658735335, -9.559049207646632 ], [ -63.434021780549244, -9.559049093880219 ], [ -63.434021665920639, -9.55895864840717 ], [ -63.433930544130789, -9.558958762172484 ], [ -63.433930314925107, -9.558777871222782 ], [ -63.434112558407428, -9.558777643672647 ], [ -63.434112443758153, -9.558687198199284 ], [ -63.434203565473538, -9.558687084389485 ], [ -63.434203450801355, -9.558596638916743 ], [ -63.434294572491538, -9.558596525084155 ], [ -63.434294687187801, -9.558686970555801 ], [ -63.434385808900927, -9.558686856698237 ], [ -63.434386038344968, -9.558867747637917 ], [ -63.434294916583731, -9.55886786149768 ], [ -63.43429526068612, -9.559139197906958 ], [ -63.434386382519563, -9.559139084043908 ], [ -63.434386497246699, -9.559229529511629 ], [ -63.434295375389198, -9.559229643375778 ], [ -63.43429583421284, -9.559591425246342 ], [ -63.434478078119241, -9.559591197485386 ], [ -63.434477848608871, -9.559410306555435 ], [ -63.434660092414468, -9.559410078703319 ], [ -63.434659862812403, -9.55922918777587 ], [ -63.434750984665357, -9.559229073816175 ], [ -63.434751329142351, -9.559500410203349 ], [ -63.435024694911, -9.55950006817107 ], [ -63.435024809811132, -9.559590513629225 ], [ -63.435115931755803, -9.559590399569593 ], [ -63.435115816831598, -9.559499954112541 ], [ -63.435206938751065, -9.559499840030119 ], [ -63.43520647896937, -9.559138058201581 ], [ -63.435024235321812, -9.559138286333749 ], [ -63.435024350217404, -9.559228731793786 ], [ -63.434933228367861, -9.559228845825134 ], [ -63.434932998625953, -9.559047954902393 ], [ -63.434750755019699, -9.559048182889045 ], [ -63.434750410559751, -9.558776846494808 ], [ -63.434841532291252, -9.558776732516719 ], [ -63.434841417449476, -9.558686287052131 ], [ -63.434750295742035, -9.558686401029121 ], [ -63.434750180925462, -9.558595955562962 ], [ -63.434567937555315, -9.558596183443093 ], [ -63.43456759325678, -9.558324847035205 ], [ -63.434749836482574, -9.55832461916166 ], [ -63.434750066110034, -9.558505510096333 ], [ -63.434841187769344, -9.558505396121538 ], [ -63.434841302608845, -9.558595841587069 ], [ -63.434932424291077, -9.55859572758729 ], [ -63.434932194565086, -9.558414836657954 ], [ -63.434841072930979, -9.558414950655534 ], [ -63.434840843257668, -9.558234059722118 ], [ -63.434931964843656, -9.558233945726732 ], [ -63.434931505414433, -9.557872163858637 ], [ -63.434840383924694, -9.557872277849631 ], [ -63.434840269094288, -9.557781832380332 ], [ -63.434749147627464, -9.557781946346342 ], [ -63.434749262433812, -9.557872391816742 ], [ -63.43456701944865, -9.55787261967931 ], [ -63.434566789933349, -9.557691728733655 ], [ -63.434749032822268, -9.557691500875475 ], [ -63.434748918018201, -9.557601055404135 ], [ -63.434657796598373, -9.557601169344069 ], [ -63.434655845512175, -9.556063596240598 ], [ -63.434746966523022, -9.556063482319326 ], [ -63.434746736956946, -9.555882591359223 ], [ -63.434655615994231, -9.555882705278298 ], [ -63.434654697967879, -9.555159141410281 ], [ -63.434745818738165, -9.555159027499982 ], [ -63.43474570396593, -9.55506858201546 ], [ -63.434654583219704, -9.555068695924659 ], [ -63.434654353726756, -9.554887804952003 ], [ -63.434745474424879, -9.554887691044998 ], [ -63.434745359656048, -9.554797245559067 ], [ -63.434654238981985, -9.554797359464969 ], [ -63.434654124238349, -9.554706913977466 ], [ -63.434289641626904, -9.554707369357946 ], [ -63.434289756274325, -9.554797814849842 ], [ -63.434107514913691, -9.554798042399026 ], [ -63.434107400314375, -9.554707596904938 ], [ -63.433925158997297, -9.554707824356434 ], [ -63.433925044447221, -9.554617378859689 ], [ -63.433833923811029, -9.554617492548525 ], [ -63.433833809286149, -9.554527047050209 ], [ -63.433924929898282, -9.554526933362466 ], [ -63.43392481535048, -9.554436487864775 ], [ -63.434653780014266, -9.554435577512127 ], [ -63.434652288494817, -9.553259786113371 ], [ -63.434743408760028, -9.553259672226126 ], [ -63.434743294011668, -9.553169226731717 ], [ -63.435745616589294, -9.553167972408636 ], [ -63.435745731602182, -9.553258417890959 ], [ -63.435836851853729, -9.553258303717264 ], [ -63.435836736816782, -9.553167858236044 ], [ -63.43592785704314, -9.553167744039577 ], [ -63.435927972104132, -9.553258189519697 ], [ -63.436019092353405, -9.55325807529826 ], [ -63.436019322526917, -9.55343896625488 ], [ -63.436110442823129, -9.553438852007373 ], [ -63.436110327711759, -9.553348406530398 ], [ -63.436292568252689, -9.553348177965965 ], [ -63.436293144061452, -9.553800405335121 ], [ -63.436202023671306, -9.55380051963478 ], [ -63.43620213881244, -9.553890965108298 ], [ -63.43629325922663, -9.553890850807537 ], [ -63.436294526118871, -9.554885750973073 ], [ -63.436385646796481, -9.554885636636318 ], [ -63.436385761999404, -9.554976082101987 ], [ -63.436294641297735, -9.554976196439842 ], [ -63.436294986841183, -9.555247532837322 ], [ -63.436386107615014, -9.555247418496162 ], [ -63.436386222822506, -9.555337863959949 ], [ -63.436295102024602, -9.555337978302212 ], [ -63.436296023533139, -9.556061542004347 ], [ -63.436387144523465, -9.556061427653269 ], [ -63.436387259741217, -9.556151873112817 ], [ -63.436296138726831, -9.556151987464995 ], [ -63.436296484314774, -9.556423323844113 ], [ -63.436387605401343, -9.55642320948863 ], [ -63.436387835847121, -9.556604100403483 ], [ -63.436296714712441, -9.556604214761172 ], [ -63.4362970603175, -9.556875551133228 ], [ -63.43638818152435, -9.556875436772232 ], [ -63.436388411981554, -9.557056327682378 ], [ -63.436297290726579, -9.557056442045578 ], [ -63.436297521140219, -9.55723733295604 ], [ -63.436388642443312, -9.55723721859064 ], [ -63.436388872909632, -9.55741810949702 ], [ -63.436297751558413, -9.557418223864623 ], [ -63.436297981981191, -9.557599114771321 ], [ -63.436480224778713, -9.55759888600782 ], [ -63.436479533235378, -9.557056213295301 ], [ -63.436570654488065, -9.55705609888434 ], [ -63.436570193385776, -9.556694317070981 ], [ -63.436479072229325, -9.556694431477533 ], [ -63.436478380754473, -9.556151758736757 ], [ -63.436569501766591, -9.556151644336818 ], [ -63.436569386500722, -9.556061198879478 ], [ -63.436478265512669, -9.556061313278311 ], [ -63.436477919794072, -9.555789976900156 ], [ -63.436569040709962, -9.55578986250463 ], [ -63.436569155972407, -9.555880307963381 ], [ -63.436660276911212, -9.555880193542874 ], [ -63.436660392198853, -9.555970639000058 ], [ -63.436751513160566, -9.555970524554567 ], [ -63.436751397848866, -9.555880079098491 ], [ -63.436842518785383, -9.555879964630225 ], [ -63.436842749458037, -9.556060855539707 ], [ -63.436933870441514, -9.556060741045364 ], [ -63.436934216531235, -9.55633207740274 ], [ -63.437025337585744, -9.556331962881204 ], [ -63.437025222197306, -9.556241517430323 ], [ -63.437116343226627, -9.556241402886011 ], [ -63.437116458639125, -9.556331848335791 ], [ -63.437207579691339, -9.5563317337665 ], [ -63.437207233385116, -9.556060397419055 ], [ -63.437116112405057, -9.556060511985036 ], [ -63.437115996995999, -9.55597006653384 ], [ -63.437207117951999, -9.555969951968967 ], [ -63.437206887089189, -9.555789061067372 ], [ -63.4371157661813, -9.555789175630041 ], [ -63.437114035216794, -9.5544324937915 ], [ -63.437205155763877, -9.554432379245389 ], [ -63.43720504035133, -9.554341933786827 ], [ -63.437113919828306, -9.554342048331831 ], [ -63.437113689054762, -9.55416115741108 ], [ -63.437022568578691, -9.554161271930006 ], [ -63.437021761075627, -9.553528153684821 ], [ -63.436930640766768, -9.553528268172149 ], [ -63.436930756096871, -9.553618713638263 ], [ -63.436748515427631, -9.553618942543512 ], [ -63.436748284864763, -9.553438051606401 ], [ -63.43665716457653, -9.55343816602101 ], [ -63.436658201928928, -9.554252175233099 ], [ -63.436567081423085, -9.554252289633762 ], [ -63.436566966181196, -9.554161844166533 ], [ -63.436475845698276, -9.554161958542222 ], [ -63.436475039205341, -9.553528840250715 ], [ -63.436566159519913, -9.553528725882746 ], [ -63.436566044287147, -9.553438280411749 ], [ -63.436474923996627, -9.553438394778615 ], [ -63.436474578377343, -9.553167058359501 ], [ -63.437385780509672, -9.553165913649712 ] ], [ [ -63.435837081931041, -9.55343919467829 ], [ -63.435745961631397, -9.553439308854186 ], [ -63.435746306683761, -9.553710645295499 ], [ -63.43583742705556, -9.5537105311163 ], [ -63.435837081931041, -9.55343919467829 ] ], [ [ -63.435838462490629, -9.554524540404909 ], [ -63.435747341902378, -9.55452465459401 ], [ -63.435747571963489, -9.554705545544058 ], [ -63.435838692599859, -9.554705431352756 ], [ -63.435838462490629, -9.554524540404909 ] ], [ [ -63.436751859102515, -9.556241860919979 ], [ -63.436660738068625, -9.556241975368776 ], [ -63.436661545138065, -9.556875093545967 ], [ -63.436752666340361, -9.556874979089455 ], [ -63.436752551017236, -9.556784533638083 ], [ -63.436843672194321, -9.556784419158792 ], [ -63.436843556848288, -9.556693973708054 ], [ -63.436934678000178, -9.556693859205987 ], [ -63.436934216531235, -9.55633207740274 ], [ -63.436843095475581, -9.556332191900397 ], [ -63.436843210817045, -9.556422637353018 ], [ -63.436752089736189, -9.556422751827895 ], [ -63.436751859102515, -9.556241860919979 ] ], [ [ -63.437298816204184, -9.556422064620431 ], [ -63.437116574052752, -9.556422293785102 ], [ -63.437116804883452, -9.556603184682313 ], [ -63.43729904713112, -9.556602955513224 ], [ -63.437298816204184, -9.556422064620431 ] ], [ [ -63.437116804883452, -9.556603184682313 ], [ -63.437025683757909, -9.556603299231035 ], [ -63.437025799150916, -9.556693744680038 ], [ -63.436934678000178, -9.556693859205987 ], [ -63.436935485614825, -9.557326977343537 ], [ -63.437026606933983, -9.557326862809862 ], [ -63.437026491532976, -9.557236417364159 ], [ -63.437117612826931, -9.557236302807706 ], [ -63.437117497403001, -9.557145857362634 ], [ -63.437026376133105, -9.557145971917981 ], [ -63.437026260734385, -9.557055526471336 ], [ -63.437117381980222, -9.557055411917093 ], [ -63.43711726655858, -9.556964966471076 ], [ -63.437026145336802, -9.556965081024215 ], [ -63.437026029940363, -9.556874635576628 ], [ -63.437117151138089, -9.556874521024593 ], [ -63.437116804883452, -9.556603184682313 ] ], [ [ -63.437299278062618, -9.556783846404134 ], [ -63.437208156891252, -9.556783961002822 ], [ -63.437208503224909, -9.55705529733897 ], [ -63.437299624468459, -9.557055182736965 ], [ -63.437299508998699, -9.556964737293157 ], [ -63.437390630217045, -9.556964622668376 ], [ -63.437390514724378, -9.556874177225206 ], [ -63.43729939353009, -9.55687429184888 ], [ -63.437299278062618, -9.556783846404134 ] ], [ [ -63.436843902889827, -9.556965310058855 ], [ -63.436661660438276, -9.55696553899797 ], [ -63.436662006345735, -9.557236875351149 ], [ -63.436753127644252, -9.557236760890222 ], [ -63.436752896990022, -9.55705586999078 ], [ -63.436844018239285, -9.557055755508179 ], [ -63.436843902889827, -9.556965310058855 ] ], [ [ -63.436115163371348, -9.557147116158003 ], [ -63.436024042088896, -9.557147230450658 ], [ -63.436024387497945, -9.55741856682415 ], [ -63.436115508852588, -9.557418452528189 ], [ -63.436115393691026, -9.557328007071932 ], [ -63.436206515020459, -9.557327892753193 ], [ -63.436206399835989, -9.557237447297563 ], [ -63.436115278530622, -9.557237561615203 ], [ -63.436115163371348, -9.557147116158003 ] ], [ [ -63.435842259875777, -9.557509240803519 ], [ -63.435751138493671, -9.557509355028936 ], [ -63.43575125356125, -9.557599800488655 ], [ -63.435842374967429, -9.557599686262138 ], [ -63.435842259875777, -9.557509240803519 ] ], [ [ -63.4354778893359, -9.557600143024915 ], [ -63.435386767925166, -9.557600257155904 ], [ -63.435386997871298, -9.557781148082734 ], [ -63.435478119330142, -9.557781033949544 ], [ -63.4354778893359, -9.557600143024915 ] ], [ [ -63.436389218617684, -9.557689445853052 ], [ -63.436298097194296, -9.557689560223965 ], [ -63.436298212408524, -9.557780005676138 ], [ -63.436389333855978, -9.557779891304122 ], [ -63.436389218617684, -9.557689445853052 ] ], [ [ -63.435478349328939, -9.557961924872282 ], [ -63.435387227821963, -9.557962039007673 ], [ -63.435387572756518, -9.558233375391556 ], [ -63.435478694335679, -9.558233261252868 ], [ -63.435478349328939, -9.557961924872282 ] ], [ [ -63.435296106313857, -9.557962153119179 ], [ -63.435204984804599, -9.557962267206799 ], [ -63.435205214663597, -9.558143158134255 ], [ -63.435114093105078, -9.558143272200192 ], [ -63.435114208012209, -9.558233717664315 ], [ -63.43520532959478, -9.558233603597277 ], [ -63.435205444527128, -9.558324049059825 ], [ -63.435296566132628, -9.558323934967808 ], [ -63.435296106313857, -9.557962153119179 ] ], [ [ -63.436116545357891, -9.558232461613326 ], [ -63.436025423786703, -9.558232575919195 ], [ -63.436025538935596, -9.558323021371843 ], [ -63.436116660530836, -9.55832290706487 ], [ -63.436116545357891, -9.558232461613326 ] ], [ [ -63.436390025309734, -9.558322564000648 ], [ -63.436298903717912, -9.558322678379275 ], [ -63.436299134163498, -9.558503569276555 ], [ -63.436390255803452, -9.558503454895726 ], [ -63.436390025309734, -9.558322564000648 ] ], [ [ -63.435478809340196, -9.55832370671212 ], [ -63.435387687736977, -9.558323820851905 ], [ -63.43538791770132, -9.558504711771196 ], [ -63.435479039352671, -9.558504597629213 ], [ -63.435478809340196, -9.55832370671212 ] ], [ [ -63.435843641050845, -9.558594586275868 ], [ -63.435752519379996, -9.55859470051449 ], [ -63.435752634461267, -9.55868514596856 ], [ -63.435843756156174, -9.558685031728837 ], [ -63.435843641050845, -9.558594586275868 ] ], [ [ -63.43511466765213, -9.558595499516084 ], [ -63.434932424291077, -9.55859572758729 ], [ -63.434932654021615, -9.558776618514745 ], [ -63.435023775750835, -9.558776504488886 ], [ -63.435023890641872, -9.558866949950808 ], [ -63.435115012394029, -9.558866835899966 ], [ -63.43511466765213, -9.558595499516084 ] ], [ [ -63.435479384379903, -9.558775934001316 ], [ -63.435388262656367, -9.5587760481466 ], [ -63.435388377643662, -9.558866493604127 ], [ -63.435206134145048, -9.558866721825236 ], [ -63.43520624908534, -9.55895716728449 ], [ -63.435297370859281, -9.558957053184777 ], [ -63.43529748582479, -9.559047498642462 ], [ -63.435388607621661, -9.559047384517767 ], [ -63.435388952597201, -9.55931872088469 ], [ -63.435480074465119, -9.559318606732811 ], [ -63.435479844432166, -9.559137715824194 ], [ -63.435570966250808, -9.55913760165063 ], [ -63.435570736174277, -9.558956710742329 ], [ -63.435479614403746, -9.558956824913697 ], [ -63.435479384379903, -9.558775934001316 ] ], [ [ -63.437393055827393, -9.558863976866212 ], [ -63.437210812378979, -9.558864206138272 ], [ -63.437211043319536, -9.559045097007845 ], [ -63.437393286864207, -9.559044867731366 ], [ -63.437393055827393, -9.558863976866212 ] ], [ [ -63.434203794821343, -9.558867975333555 ], [ -63.434021551293171, -9.558868202933649 ], [ -63.434021665920639, -9.55895864840717 ], [ -63.434203909496944, -9.558958420804883 ], [ -63.434203794821343, -9.558867975333555 ] ], [ [ -63.434204138851548, -9.559139311746124 ], [ -63.434021895178994, -9.559139539352795 ], [ -63.434022009809873, -9.559229984824903 ], [ -63.434113131670777, -9.559229871032414 ], [ -63.434113246326866, -9.559320316502957 ], [ -63.434204368210693, -9.559320202685484 ], [ -63.434204138851548, -9.559139311746124 ] ], [ [ -63.43639152360047, -9.559498354784964 ], [ -63.436300401695824, -9.55949846917791 ], [ -63.436300747410414, -9.559769805504752 ], [ -63.436391869387258, -9.559769691108498 ], [ -63.436391984651806, -9.559860136548735 ], [ -63.436483106651593, -9.559860022127493 ], [ -63.436482876075495, -9.559679131248751 ], [ -63.436391754123854, -9.559679245667791 ], [ -63.43639152360047, -9.559498354784964 ] ], [ [ -63.43693883204341, -9.559949895096105 ], [ -63.436847710025283, -9.559950009637891 ], [ -63.43684794080076, -9.560130900504987 ], [ -63.436939062867019, -9.560130785960995 ], [ -63.43693883204341, -9.559949895096105 ] ], [ [ -63.437121306996119, -9.560130556801344 ], [ -63.437030184932141, -9.560130671393113 ], [ -63.437030415808437, -9.560311562253908 ], [ -63.437121537920561, -9.560311447659931 ], [ -63.437121306996119, -9.560130556801344 ] ], [ [ -63.436483452524264, -9.560131358442071 ], [ -63.4363923304523, -9.560131472866621 ], [ -63.43639244572141, -9.560221918304972 ], [ -63.436483567817454, -9.560221803879319 ], [ -63.436483452524264, -9.560131358442071 ] ], [ [ -63.437030646689315, -9.560492453112818 ], [ -63.436939524527936, -9.560492567685113 ], [ -63.436939639946019, -9.560583013114966 ], [ -63.437030762131485, -9.560582898541567 ], [ -63.437030646689315, -9.560492453112818 ] ], [ [ -63.43684886394832, -9.560854463954511 ], [ -63.436757741688368, -9.560854578483436 ], [ -63.436757857062887, -9.560945023913614 ], [ -63.436848979346912, -9.560944909383583 ], [ -63.43684886394832, -9.560854463954511 ] ], [ [ -63.436940332478528, -9.561125685684186 ], [ -63.436758087815356, -9.56112591477255 ], [ -63.4367582031933, -9.561216360201309 ], [ -63.436667080835932, -9.561216474710758 ], [ -63.436667196190953, -9.561306920140149 ], [ -63.436849440952678, -9.561306691095155 ], [ -63.436849325549524, -9.561216245667969 ], [ -63.436940447904611, -9.561216131110736 ], [ -63.436940332478528, -9.561125685684186 ] ], [ [ -63.437760780337804, -9.561395989852373 ], [ -63.437487413155566, -9.561396334104085 ], [ -63.43748775988081, -9.56166767035822 ], [ -63.437578882348248, -9.561667555628226 ], [ -63.437578766747947, -9.561577110211758 ], [ -63.437761011631252, -9.561576880682303 ], [ -63.437761127279678, -9.561667326096563 ], [ -63.437852249743685, -9.561667211294889 ], [ -63.437852018399802, -9.561486320468115 ], [ -63.437760895983956, -9.561486435267573 ], [ -63.437760780337804, -9.561395989852373 ] ], [ [ -63.437487875458181, -9.561758115775323 ], [ -63.437396752965526, -9.56175823048253 ], [ -63.437396868519961, -9.561848675900265 ], [ -63.43748799103669, -9.561848561191956 ], [ -63.437487875458181, -9.561758115775323 ] ], [ [ -63.437763209147327, -9.563295343472651 ], [ -63.437580963349262, -9.563295573044103 ], [ -63.437581078971292, -9.56338601845162 ], [ -63.437763324817524, -9.563385788877959 ], [ -63.437763209147327, -9.563295343472651 ] ], [ [ -63.438036693578269, -9.563385444338241 ], [ -63.437945570659167, -9.563385559208708 ], [ -63.437945686378647, -9.563476004611337 ], [ -63.438036809321837, -9.56347588973976 ], [ -63.438036693578269, -9.563385444338241 ] ], [ [ -63.437672433190649, -9.563566794488148 ], [ -63.43758131021881, -9.563566909265241 ], [ -63.437581425844279, -9.563657354671344 ], [ -63.437672548840197, -9.563657239893145 ], [ -63.437672433190649, -9.563566794488148 ] ], [ [ -63.437946033543994, -9.563747340816377 ], [ -63.437854910527435, -9.563747455667372 ], [ -63.437855026227432, -9.56383790106922 ], [ -63.437946149268058, -9.563837786217116 ], [ -63.437946033543994, -9.563747340816377 ] ], [ [ -63.438037388056827, -9.563928116740279 ], [ -63.437946264993272, -9.563928231617385 ], [ -63.43794638071963, -9.564018677017179 ], [ -63.438037503807273, -9.564018562138969 ], [ -63.438037388056827, -9.563928116740279 ] ] ] } },
{ "type": "Feature", "properties": { "area_m2": 28700.0 }, "geometry": { "type": "Polygon", "coordinates": [ [ [ -63.424461048591859, -9.564758979959848 ], [ -63.424461272938785, -9.5649398710728 ], [ -63.42455239643413, -9.564939759720829 ], [ -63.424552845237628, -9.565301541936792 ], [ -63.4246439688282, -9.565301430556634 ], [ -63.424644305514725, -9.56557276721044 ], [ -63.424553181851913, -9.565572878593816 ], [ -63.424553630686503, -9.565934660796582 ], [ -63.424189135638862, -9.565935106108206 ], [ -63.424189247753951, -9.566025551662005 ], [ -63.423369133615125, -9.566026552224447 ], [ -63.423369021716773, -9.565936106661015 ], [ -63.423277897942114, -9.565936217714032 ], [ -63.423278009816386, -9.566026663278532 ], [ -63.422822390806076, -9.56602721819041 ], [ -63.422822279052227, -9.565936772620567 ], [ -63.422548907705014, -9.565937105277651 ], [ -63.4225487960245, -9.565846659704135 ], [ -63.422457672263981, -9.565846770540956 ], [ -63.422457448954461, -9.565665879390377 ], [ -63.422366325240979, -9.565665990201159 ], [ -63.422366101984046, -9.565485099046564 ], [ -63.42245722564936, -9.565484988237911 ], [ -63.422456667405946, -9.565032760348508 ], [ -63.42254779094975, -9.565032649521291 ], [ -63.422547679280292, -9.564942203943062 ], [ -63.422638802798907, -9.564942093093009 ], [ -63.422638691106492, -9.564851647515379 ], [ -63.423185432050474, -9.564850981919559 ], [ -63.423185543887378, -9.56494142749078 ], [ -63.423367790908031, -9.564941205432165 ], [ -63.423367679022959, -9.564850759863079 ], [ -63.423549925991011, -9.564850537710999 ], [ -63.423549814058902, -9.564760092143581 ], [ -63.423640937517185, -9.564759981032756 ], [ -63.423641049473382, -9.564850426599108 ], [ -63.423914419913821, -9.564850093120031 ], [ -63.42391453194336, -9.564940538682698 ], [ -63.424096778946272, -9.564940316241668 ], [ -63.424096666868564, -9.564849870681142 ], [ -63.424370037292377, -9.564849536843555 ], [ -63.424369925143544, -9.564759091285772 ], [ -63.424461048591859, -9.564758979959848 ] ], [ [ -63.424552957441279, -9.565391987489605 ], [ -63.424461833825532, -9.565392098846935 ], [ -63.424461946006211, -9.565482544400346 ], [ -63.424553069646045, -9.565482433041947 ], [ -63.424552957441279, -9.565391987489605 ] ] ] } },
{ "type": "Feature", "properties": { "area_m2": 19100.0 }, "geometry": { "type": "Polygon", "coordinates": [ [ [ -63.415986123459291, -9.564407448398677 ], [ -63.415986233388431, -9.564497894055963 ], [ -63.416077356865607, -9.56449778493203 ], [ -63.416077466819928, -9.564588230587793 ], [ -63.416168590320112, -9.564588121438904 ], [ -63.416168700299593, -9.564678567093146 ], [ -63.416077576775344, -9.564678676243085 ], [ -63.416077906648084, -9.564950013206134 ], [ -63.416169030244582, -9.564949904053043 ], [ -63.416169140228419, -9.565040349705402 ], [ -63.416078016607848, -9.565040458859544 ], [ -63.416079006294666, -9.56585446971901 ], [ -63.41617013013196, -9.565854360555413 ], [ -63.416170350122499, -9.566035251850229 ], [ -63.416079226237031, -9.566035361015928 ], [ -63.416079336209847, -9.566125806663681 ], [ -63.415897088387496, -9.566126024925468 ], [ -63.415896978462847, -9.566035579275614 ], [ -63.415805854574117, -9.566035688369602 ], [ -63.415805744674628, -9.565945242718229 ], [ -63.415714620808892, -9.565945351787263 ], [ -63.415714510934585, -9.565854906134366 ], [ -63.415532263248011, -9.565855124198626 ], [ -63.415532153422966, -9.565764678543157 ], [ -63.415441029602121, -9.565764787538383 ], [ -63.415440919802236, -9.565674341881397 ], [ -63.415349796004399, -9.565674450851668 ], [ -63.415349686229675, -9.565584005193163 ], [ -63.415258562454838, -9.565584114138485 ], [ -63.415258452705281, -9.565493668478458 ], [ -63.415167328953444, -9.565493777398826 ], [ -63.415167219229055, -9.565403331737281 ], [ -63.415076095500204, -9.565403440632704 ], [ -63.415075985800982, -9.565312994969634 ], [ -63.414984862095132, -9.565313103840104 ], [ -63.414984752421084, -9.565222658175518 ], [ -63.414893628738227, -9.565222767021039 ], [ -63.414893409441525, -9.565041875688358 ], [ -63.414711162168892, -9.565042093303502 ], [ -63.414710833376468, -9.564770756294664 ], [ -63.414801956941098, -9.564770647502185 ], [ -63.414801847321712, -9.564680201832674 ], [ -63.414892970861167, -9.564680093017342 ], [ -63.414892861218796, -9.564589647348409 ], [ -63.415166231758427, -9.564589320762153 ], [ -63.415166122044901, -9.564498875095893 ], [ -63.415257245531862, -9.564498766187056 ], [ -63.415257135795343, -9.564408320521373 ], [ -63.415986123459291, -9.564407448398677 ] ], [ [ -63.415896758616796, -9.565854687974493 ], [ -63.415805634776234, -9.565854797066383 ], [ -63.415805744674628, -9.565945242718229 ], [ -63.415896868539278, -9.56594513362529 ], [ -63.415896758616796, -9.565854687974493 ] ] ] } },
{ "type": "Feature", "properties": { "area_m2": 29000.0 }, "geometry": { "type": "Polygon", "coordinates": [ [ [ -63.372520805734823, -9.565089898285695 ], [ -63.372520904185087, -9.565180344414582 ], [ -63.372612028322727, -9.565180246684406 ], [ -63.372612126798039, -9.565270692811881 ], [ -63.37279437511858, -9.56527049727794 ], [ -63.372794473643033, -9.565360943403061 ], [ -63.372885597825913, -9.565360845599294 ], [ -63.37288569637542, -9.565451291723003 ], [ -63.372976820581414, -9.565451193894393 ], [ -63.372976919155995, -9.56554164001669 ], [ -63.373068043385075, -9.565541542163235 ], [ -63.373068141984717, -9.565631988284119 ], [ -63.373159266236918, -9.565631890405822 ], [ -63.373159364861593, -9.56572233652529 ], [ -63.373250489136908, -9.565722238622142 ], [ -63.373250686437366, -9.565903130857789 ], [ -63.373341810759868, -9.565903032928855 ], [ -63.373342008112395, -9.566083925160724 ], [ -63.373433132482091, -9.566083827206002 ], [ -63.373433922123958, -9.566807396107114 ], [ -63.371793679852182, -9.566809155770276 ], [ -63.371791812791258, -9.565090679259118 ], [ -63.372520805734823, -9.565089898285695 ] ], [ [ -63.372521593364198, -9.565813467303601 ], [ -63.372430469057001, -9.565813565016461 ], [ -63.372430665925918, -9.565994457268108 ], [ -63.372521790281283, -9.565994359553368 ], [ -63.372521593364198, -9.565813467303601 ] ] ] } },
{ "type": "Feature", "properties": { "area_m2": 22500.0 }, "geometry": { "type": "Polygon", "coordinates": [ [ [ -63.36340963811999, -9.566275351351848 ], [ -63.363409830229941, -9.566456243782747 ], [ -63.363318705657946, -9.56645633911166 ], [ -63.363318801690262, -9.566546785327322 ], [ -63.363409926286359, -9.566546689997489 ], [ -63.363410022343714, -9.566637136211764 ], [ -63.363501146962939, -9.56663704085711 ], [ -63.363501050881503, -9.566546594643752 ], [ -63.363592175475688, -9.566546499266112 ], [ -63.363592079371109, -9.566456053053203 ], [ -63.363500954801005, -9.566456148429928 ], [ -63.363500858721459, -9.566365702215631 ], [ -63.363683107812555, -9.566365511440114 ], [ -63.363683396198539, -9.566636850076081 ], [ -63.363592271581226, -9.566636945478546 ], [ -63.363592463795129, -9.566817837902009 ], [ -63.363683588460631, -9.566817742497705 ], [ -63.363683780726518, -9.566998634917445 ], [ -63.363774905439229, -9.566998539487399 ], [ -63.363775482404236, -9.567541216729808 ], [ -63.36395773211585, -9.567541025786969 ], [ -63.363957828328203, -9.567631471990552 ], [ -63.36404895320667, -9.56763137648235 ], [ -63.364049049444048, -9.56772182268454 ], [ -63.36414017434565, -9.567721727151511 ], [ -63.364140366871446, -9.567902619552642 ], [ -63.364231491820277, -9.567902523993867 ], [ -63.364231588108687, -9.567992970192806 ], [ -63.364504963021716, -9.567992683370262 ], [ -63.364504866661036, -9.567902237174081 ], [ -63.364595991606066, -9.567902141519671 ], [ -63.364596184376545, -9.568083033909716 ], [ -63.36468730936879, -9.568082938229551 ], [ -63.364687502191273, -9.568263830615869 ], [ -63.364505252109481, -9.568264021955972 ], [ -63.364505155745938, -9.568173575761204 ], [ -63.364414030727708, -9.568173671394467 ], [ -63.364414127067157, -9.568264117590155 ], [ -63.364323002023873, -9.568264213200431 ], [ -63.364322905708512, -9.568173767003822 ], [ -63.364049530645225, -9.568174053688431 ], [ -63.364049626888331, -9.568264499887798 ], [ -63.363867376793188, -9.568264690893159 ], [ -63.363867280598278, -9.568174244691955 ], [ -63.363685030547515, -9.56817443559984 ], [ -63.363685126694257, -9.568264881802879 ], [ -63.363594001643357, -9.568264977221876 ], [ -63.363593905520709, -9.568174531017915 ], [ -63.363502780492965, -9.568174626412084 ], [ -63.36350268439535, -9.568084180206737 ], [ -63.363411559390734, -9.568084275576076 ], [ -63.363411655464247, -9.568174721782343 ], [ -63.363320530434592, -9.568174817128691 ], [ -63.363320434385159, -9.568084370921509 ], [ -63.363047059362756, -9.568084656814344 ], [ -63.363046963386537, -9.567994210603938 ], [ -63.362955838401255, -9.567994305852814 ], [ -63.362955934353387, -9.568084752064134 ], [ -63.362773684331799, -9.568084942491994 ], [ -63.362773588427856, -9.567994496278839 ], [ -63.362682463439725, -9.567994591455987 ], [ -63.362682367560815, -9.567904145241441 ], [ -63.362773492524859, -9.567904050065211 ], [ -63.362773396622799, -9.567813603851112 ], [ -63.362682271682864, -9.567813699026431 ], [ -63.362682079929776, -9.56763280659499 ], [ -63.362590955037064, -9.567632901744565 ], [ -63.362590859186035, -9.567542455527223 ], [ -63.362681984054667, -9.567542360378562 ], [ -63.362681888180497, -9.567451914161666 ], [ -63.362955262708454, -9.567451628574984 ], [ -63.362954974874874, -9.567180289929713 ], [ -63.362863850105427, -9.567180385146433 ], [ -63.362863466436941, -9.566818600275807 ], [ -63.362772341762899, -9.566818695464955 ], [ -63.36277195820594, -9.566456910583133 ], [ -63.362954207360417, -9.566456720188263 ], [ -63.362954111425367, -9.566366273968463 ], [ -63.363136360527868, -9.566366083479808 ], [ -63.363136264545609, -9.566275637261368 ], [ -63.363227389071355, -9.566275541982099 ], [ -63.363227485077694, -9.566365988199617 ], [ -63.363318609626567, -9.566365892895529 ], [ -63.363318513596141, -9.566275446678926 ], [ -63.36340963811999, -9.566275351351848 ] ], [ [ -63.363228061135672, -9.566908665494854 ], [ -63.36313693644135, -9.566908760780541 ], [ -63.363137320402657, -9.567270545638282 ], [ -63.363319569983069, -9.567270355035662 ], [ -63.363319281866133, -9.566999016398567 ], [ -63.363228157148669, -9.566999111709078 ], [ -63.363228061135672, -9.566908665494854 ] ], [ [ -63.363228637227863, -9.567451342773131 ], [ -63.363137512389017, -9.567451438064325 ], [ -63.363137704379163, -9.567632330488488 ], [ -63.363228829266191, -9.567632235195461 ], [ -63.363228925286784, -9.567722681405913 ], [ -63.363320050196954, -9.567722586088061 ], [ -63.363320146242579, -9.567813032297128 ], [ -63.363411271175877, -9.567812936954454 ], [ -63.363411079037398, -9.567632044537683 ], [ -63.363319954152267, -9.567632139878526 ], [ -63.363319858108547, -9.567541693668513 ], [ -63.363228733246558, -9.56754178898453 ], [ -63.363228637227863, -9.567451342773131 ] ] ] } },
{ "type": "Feature", "properties": { "area_m2": 27700.0 }, "geometry": { "type": "Polygon", "coordinates": [ [ [ -63.43794776952528, -9.565104021777977 ], [ -63.437947885266532, -9.565194467171645 ], [ -63.438221255465088, -9.56519412242217 ], [ -63.438221602912435, -9.565465458590394 ], [ -63.438130479441824, -9.565465573534107 ], [ -63.438130595235819, -9.565556018923681 ], [ -63.438039471739962, -9.565556133844597 ], [ -63.438039703283224, -9.565737024624541 ], [ -63.438130826827233, -9.565736909701407 ], [ -63.438132216472042, -9.566822254328192 ], [ -63.43804109263904, -9.566822369264596 ], [ -63.438040976853081, -9.566731923880518 ], [ -63.437949853043015, -9.566732038791912 ], [ -63.437949968804872, -9.566822484177095 ], [ -63.437767721133142, -9.566822713930378 ], [ -63.437767836847982, -9.566913159317304 ], [ -63.437585589123501, -9.566913388977175 ], [ -63.437585704791317, -9.56700383436584 ], [ -63.437676828678214, -9.567003719546751 ], [ -63.437677060065447, -9.567184610320457 ], [ -63.437494812194167, -9.567184839939147 ], [ -63.437494580903262, -9.567003949161023 ], [ -63.437312333123742, -9.567004178679669 ], [ -63.437312448720448, -9.567094624071174 ], [ -63.43713020088817, -9.567094853496403 ], [ -63.437130316437852, -9.567185298889651 ], [ -63.43722144037865, -9.567185184187883 ], [ -63.437221787106807, -9.567456520361473 ], [ -63.437130663093754, -9.567456635066552 ], [ -63.437130778648005, -9.56754708045791 ], [ -63.437039654609727, -9.567547195140188 ], [ -63.437039076970322, -9.567094968173162 ], [ -63.43694795305133, -9.567095082826011 ], [ -63.436948415064222, -9.567456864404987 ], [ -63.436857291047737, -9.567456979038342 ], [ -63.436857522012865, -9.567637869827209 ], [ -63.43722201826462, -9.567637411141508 ], [ -63.437222827353011, -9.568270528856788 ], [ -63.437131703123178, -9.568270643571802 ], [ -63.437131934253401, -9.568451534345561 ], [ -63.437223058531416, -9.568451419628337 ], [ -63.437223174122337, -9.568541865013406 ], [ -63.437040925516982, -9.568542094426148 ], [ -63.437040578892194, -9.568270758262905 ], [ -63.436949454660073, -9.568270872930102 ], [ -63.436949570176431, -9.568361318319427 ], [ -63.436676197400935, -9.568361662180868 ], [ -63.43667562019187, -9.567909435212997 ], [ -63.436766744331059, -9.567909320621938 ], [ -63.436766167030122, -9.567457093647795 ], [ -63.436675043011348, -9.567457208233336 ], [ -63.436674812147132, -9.567276317438175 ], [ -63.436583688175403, -9.567276431997605 ], [ -63.436584149812056, -9.567638213590454 ], [ -63.436675273880127, -9.567638099026615 ], [ -63.436675389316235, -9.567728544422547 ], [ -63.436584265224063, -9.567728658987491 ], [ -63.436584842301272, -9.568180885965587 ], [ -63.436493718087533, -9.568181000512137 ], [ -63.436491525803632, -9.566462537911713 ], [ -63.436582649559739, -9.566462423386112 ], [ -63.436582995754684, -9.566733759594184 ], [ -63.436765243407997, -9.566733530464649 ], [ -63.436765012513888, -9.566552639664149 ], [ -63.436856136290658, -9.566552525065731 ], [ -63.436856251761228, -9.566642970465113 ], [ -63.436947375560941, -9.566642855841687 ], [ -63.436947491056728, -9.566733301239493 ], [ -63.437038614879391, -9.566733186591058 ], [ -63.437038383840765, -9.566552295797177 ], [ -63.436947260066283, -9.566552410443405 ], [ -63.436947144572777, -9.566461965044654 ], [ -63.437038268323171, -9.566461850399531 ], [ -63.437037921777261, -9.566190514203759 ], [ -63.43712904545427, -9.566190399538042 ], [ -63.437129507614117, -9.566552181127044 ], [ -63.437311755157367, -9.566551951715063 ], [ -63.437312217528181, -9.56691373328769 ], [ -63.437403341394422, -9.566913618541424 ], [ -63.437401607237, -9.565556937621752 ], [ -63.43749273074085, -9.565556822868151 ], [ -63.437492615115438, -9.565466377470838 ], [ -63.437401491635654, -9.565466492223335 ], [ -63.437401260436403, -9.565285601425089 ], [ -63.437492383868019, -9.565285486674801 ], [ -63.437492152625182, -9.565104595876882 ], [ -63.437583276007487, -9.565104481104902 ], [ -63.437583391652417, -9.565194926502993 ], [ -63.437674515057665, -9.565194811706007 ], [ -63.437674399388648, -9.565104366309024 ], [ -63.43794776952528, -9.565104021777977 ] ], [ [ -63.437674862071546, -9.56546614789414 ], [ -63.437583738594064, -9.565466262694441 ], [ -63.437583854243577, -9.565556708090647 ], [ -63.437674977745139, -9.565556593289241 ], [ -63.437674862071546, -9.56546614789414 ] ], [ [ -63.437949158495861, -9.566189366470903 ], [ -63.437858034829162, -9.566189481351756 ], [ -63.437858382025333, -9.566460817517697 ], [ -63.438040629502098, -9.566460587725453 ], [ -63.438040397940512, -9.566279696953053 ], [ -63.437949274250862, -9.566279811858918 ], [ -63.437949158495861, -9.566189366470903 ] ], [ [ -63.43785849775967, -9.566551262905403 ], [ -63.437676250230147, -9.566551492604241 ], [ -63.437676481605948, -9.566732383382661 ], [ -63.437858729231806, -9.5667321536794 ], [ -63.43785849775967, -9.566551262905403 ] ], [ [ -63.437038730400403, -9.566823631987287 ], [ -63.436947606553659, -9.566823746636828 ], [ -63.436947837550974, -9.567004637430088 ], [ -63.437038961445872, -9.567004522778342 ], [ -63.437038730400403, -9.566823631987287 ] ], [ [ -63.436765474306675, -9.566914421263263 ], [ -63.436674350432419, -9.566914535842187 ], [ -63.436674581287491, -9.567095426641123 ], [ -63.436765705209915, -9.567095312059992 ], [ -63.436765474306675, -9.566914421263263 ] ], [ [ -63.436948761585882, -9.567728200584266 ], [ -63.436857637497134, -9.567728315220934 ], [ -63.436857868469119, -9.567909206006972 ], [ -63.436948992606048, -9.567909091368101 ], [ -63.436948761585882, -9.567728200584266 ] ] ] } },
{ "type": "Feature", "properties": { "area_m2": 31500.0 }, "geometry": { "type": "Polygon", "coordinates": [ [ [ -63.372796148707941, -9.566898527458065 ], [ -63.372796247249951, -9.566988973574711 ], [ -63.373434119544193, -9.566988288327678 ], [ -63.373434909264205, -9.567711857191107 ], [ -63.373343784460978, -9.567711955162801 ], [ -63.373343981852564, -9.567892847375836 ], [ -63.373252857000175, -9.567892945325505 ], [ -63.373252955673351, -9.567983391432261 ], [ -63.373161830795901, -9.567983489358966 ], [ -63.37316192944597, -9.568073935466192 ], [ -63.373070804543445, -9.56807403336993 ], [ -63.373071001798316, -9.568254925584846 ], [ -63.372979876846649, -9.568255023466561 ], [ -63.372979975451464, -9.568345469574258 ], [ -63.372797725497023, -9.568345665267838 ], [ -63.372797824054622, -9.568436111376945 ], [ -63.372706699051861, -9.568436209188812 ], [ -63.372706797586353, -9.56852665529839 ], [ -63.3725245475297, -9.568526850852274 ], [ -63.372524646016984, -9.568617296963263 ], [ -63.372433520963106, -9.568617394705281 ], [ -63.372433816358544, -9.568888733038239 ], [ -63.371887065581213, -9.568889319005137 ], [ -63.371886967259634, -9.568798872888982 ], [ -63.371795842150767, -9.568798970465505 ], [ -63.371794957517182, -9.567984955390468 ], [ -63.371703832624149, -9.567985052934629 ], [ -63.37170373436048, -9.567894606811883 ], [ -63.371794859229425, -9.567894509268662 ], [ -63.371794564371982, -9.567623170900426 ], [ -63.371703439575306, -9.567623268440833 ], [ -63.371703046542017, -9.567261483939498 ], [ -63.371794171242342, -9.567261386402846 ], [ -63.371793778128264, -9.566899601897729 ], [ -63.372796148707941, -9.566898527458065 ] ] ] } },
{ "type": "Feature", "properties": { "area_m2": 55700.0 }, "geometry": { "type": "Polygon", "coordinates": [ [ [ -63.371427316296121, -9.565091069172183 ], [ -63.371427414457415, -9.565181515312343 ], [ -63.371609662755084, -9.565181320401738 ], [ -63.371609957389261, -9.565452658813758 ], [ -63.371518833168679, -9.565452756283825 ], [ -63.371518636793077, -9.565271864007739 ], [ -63.371427512619675, -9.56527196145203 ], [ -63.371427610782902, -9.565362407591246 ], [ -63.371336486584454, -9.565362505012573 ], [ -63.371336584724567, -9.565452951152256 ], [ -63.37142770894711, -9.56545285372999 ], [ -63.371428003445544, -9.565724192143405 ], [ -63.371336879150761, -9.565724289568481 ], [ -63.371336781007727, -9.565633843430211 ], [ -63.371245656736043, -9.565633940830446 ], [ -63.371245951095823, -9.56590527924666 ], [ -63.371428199782684, -9.565905084416659 ], [ -63.371428396123733, -9.566085976688026 ], [ -63.371610644903051, -9.566085781758654 ], [ -63.371611234238472, -9.566628458550202 ], [ -63.371520109704804, -9.56662855603247 ], [ -63.371520698930702, -9.567171232812687 ], [ -63.371611823608895, -9.56717113532479 ], [ -63.371613690179402, -9.56888961166578 ], [ -63.370702438776924, -9.568890585647015 ], [ -63.370702340768538, -9.568800139518672 ], [ -63.370793465889058, -9.568800042229087 ], [ -63.370793367857544, -9.568709596101208 ], [ -63.37088449295301, -9.568709498788648 ], [ -63.370884296844714, -9.56852860653335 ], [ -63.370702046749173, -9.568528801130814 ], [ -63.370701850741114, -9.568347908869891 ], [ -63.370519600738056, -9.56834810336797 ], [ -63.37051940483024, -9.568167211101414 ], [ -63.370428279875433, -9.568167308312718 ], [ -63.370428181947069, -9.568076862177803 ], [ -63.370337057015384, -9.568076959364255 ], [ -63.370336959112073, -9.567986513227932 ], [ -63.370245834203509, -9.567986610389548 ], [ -63.370245540571659, -9.567715271974937 ], [ -63.370154415734383, -9.567715369109834 ], [ -63.370154220032838, -9.567534476829206 ], [ -63.370063095242777, -9.567534573938326 ], [ -63.370062997417541, -9.567444127796371 ], [ -63.369971872650595, -9.567444224880651 ], [ -63.369971579252955, -9.567172886449153 ], [ -63.370062703947632, -9.567172789367675 ], [ -63.370062508305864, -9.566991897079523 ], [ -63.370153632951407, -9.566991799976011 ], [ -63.370152948067123, -9.566358676959183 ], [ -63.370244072543095, -9.566358579838305 ], [ -63.370243974682275, -9.566268133692096 ], [ -63.370152850230376, -9.566268230812037 ], [ -63.370152752394603, -9.56617778466442 ], [ -63.370243876822407, -9.566177687545414 ], [ -63.370243485392677, -9.565815902953979 ], [ -63.370334609723187, -9.565815805814809 ], [ -63.370334511844085, -9.565725359666708 ], [ -63.370425636149541, -9.565725262504568 ], [ -63.370425538247332, -9.565634816356932 ], [ -63.370243289683621, -9.56563501065544 ], [ -63.370243191830546, -9.565544564505458 ], [ -63.370334316088801, -9.56554446736909 ], [ -63.370334218212612, -9.56545402121958 ], [ -63.37042534244582, -9.565453924060245 ], [ -63.370425244546517, -9.565363477911195 ], [ -63.370516368754672, -9.565363380728893 ], [ -63.370516270832255, -9.56527293458031 ], [ -63.370607395015362, -9.565272837375042 ], [ -63.370607297069839, -9.565182391226921 ], [ -63.371154042003624, -9.565181807498986 ], [ -63.371153943914564, -9.565091361356016 ], [ -63.371427316296121, -9.565091069172183 ] ], [ [ -63.371337271732607, -9.566086074116855 ], [ -63.371246147340521, -9.566086171521777 ], [ -63.371246245464341, -9.566176617658632 ], [ -63.371337369880507, -9.566176520252771 ], [ -63.371337271732607, -9.566086074116855 ] ] ] } },
{ "type": "Feature", "properties": { "area_m2": 5000.0 }, "geometry": { "type": "Polygon", "coordinates": [ [ [ -63.437132396527566, -9.568813315887418 ], [ -63.437132743245208, -9.569084652038866 ], [ -63.437223867691856, -9.569084537313914 ], [ -63.437224214492055, -9.569355873457802 ], [ -63.437315339009821, -9.56935575870563 ], [ -63.437315454636263, -9.569446204084876 ], [ -63.437224330094402, -9.569446318838155 ], [ -63.437224561302536, -9.569627209597449 ], [ -63.437315685892585, -9.569627094841962 ], [ -63.437315801522466, -9.569717540219795 ], [ -63.437224676908322, -9.569717654976387 ], [ -63.437224792515245, -9.569808100354853 ], [ -63.437133667875869, -9.569808215088635 ], [ -63.437133552293041, -9.569717769709063 ], [ -63.436860178440327, -9.569718113763622 ], [ -63.436860062930911, -9.569627668380271 ], [ -63.436768938335149, -9.569627783016191 ], [ -63.436768707367925, -9.569446892245866 ], [ -63.436859831915505, -9.569446777612146 ], [ -63.436859716409515, -9.569356332227379 ], [ -63.436768591886029, -9.569356446859993 ], [ -63.436768360925676, -9.569175556086837 ], [ -63.436494987492893, -9.569175899834594 ], [ -63.436494756681647, -9.568995009052937 ], [ -63.436585881112201, -9.568994894496468 ], [ -63.436585996541332, -9.56908533988643 ], [ -63.436677120994837, -9.569085225304944 ], [ -63.436676890089508, -9.568904334526756 ], [ -63.436768014493687, -9.568904219923567 ], [ -63.43676812996987, -9.568994665311795 ], [ -63.436859254397007, -9.568994550683593 ], [ -63.436859138896729, -9.568904105296468 ], [ -63.43695026329862, -9.568903990645458 ], [ -63.436950147775399, -9.568813545258966 ], [ -63.437132396527566, -9.568813315887418 ] ], [ [ -63.437133321130794, -9.569536878948506 ], [ -63.437042196562558, -9.569536993655065 ], [ -63.437042312119004, -9.569627439036685 ], [ -63.437133436711349, -9.569627324329023 ], [ -63.437133321130794, -9.569536878948506 ] ] ] } },
{ "type": "Feature", "properties": { "area_m2": 57300.0 }, "geometry": { "type": "Polygon", "coordinates": [ [ [ -63.364687791432154, -9.568535169191815 ], [ -63.36468788784768, -9.568625615382857 ], [ -63.36487013811837, -9.56862542393975 ], [ -63.364870234583044, -9.568715870128475 ], [ -63.364961359741052, -9.568715774370133 ], [ -63.364961456230759, -9.568806220557466 ], [ -63.365052581411902, -9.568806124774291 ], [ -63.365052677926663, -9.568896570960231 ], [ -63.364961552721439, -9.56889666674433 ], [ -63.364962131685481, -9.569439343855615 ], [ -63.364871006334738, -9.569439439621329 ], [ -63.364871392233496, -9.56980122435645 ], [ -63.364780266785431, -9.569801320101936 ], [ -63.36478036323841, -9.56989176628546 ], [ -63.364689237765297, -9.569891862007953 ], [ -63.364689141336413, -9.569801415823511 ], [ -63.364598015886443, -9.569801511521169 ], [ -63.364598208696982, -9.56998240389143 ], [ -63.364871585188602, -9.569982116721183 ], [ -63.36487187462842, -9.57025345526475 ], [ -63.364689623490385, -9.570253646741023 ], [ -63.364689816358648, -9.570434539104729 ], [ -63.364780941976328, -9.570434443376708 ], [ -63.36478113489661, -9.570615335736688 ], [ -63.364598883563922, -9.570615527172498 ], [ -63.364599172806912, -9.570886865714462 ], [ -63.364508047066842, -9.570886961399253 ], [ -63.364507950675659, -9.57079651521815 ], [ -63.364416824958731, -9.570796610878107 ], [ -63.364416728592595, -9.570706164695613 ], [ -63.364052225811754, -9.570706547092593 ], [ -63.364052129542955, -9.570616100905944 ], [ -63.36396100386947, -9.570616196444481 ], [ -63.363961100114167, -9.570706642632047 ], [ -63.363869974415628, -9.570706738147587 ], [ -63.363870070637191, -9.570797184335598 ], [ -63.363323316281395, -9.570797756932098 ], [ -63.363323412359335, -9.570888203125149 ], [ -63.363050035096315, -9.570888489103281 ], [ -63.363050131102909, -9.57097893529861 ], [ -63.362867879541284, -9.570979125832945 ], [ -63.362867783582878, -9.570888679635784 ], [ -63.362685532065647, -9.57088887007262 ], [ -63.36268543615639, -9.570798423873152 ], [ -63.362594310420448, -9.57079851905478 ], [ -63.362594118652964, -9.570617626652597 ], [ -63.362685244340717, -9.570617531472806 ], [ -63.362685148434295, -9.570527085271925 ], [ -63.362776274096994, -9.570526990069126 ], [ -63.362776178167437, -9.570436543868693 ], [ -63.362867303805082, -9.570436448642896 ], [ -63.362867207852382, -9.570346002442905 ], [ -63.362593831008837, -9.570346288045799 ], [ -63.362592105323351, -9.568718256315934 ], [ -63.362683230505141, -9.568718161155367 ], [ -63.362683326392577, -9.56880860736567 ], [ -63.362865576801511, -9.568808416970976 ], [ -63.362865480865885, -9.568717970762505 ], [ -63.363138856399871, -9.568717684993874 ], [ -63.363138760392921, -9.568627238787684 ], [ -63.363321010695991, -9.568627048157545 ], [ -63.363321106751123, -9.5687174943619 ], [ -63.363503357098558, -9.568717303634282 ], [ -63.363503260995245, -9.568626857431759 ], [ -63.36395888672677, -9.568626380198864 ], [ -63.363958982950528, -9.568716826396791 ], [ -63.364323483614974, -9.568716444176399 ], [ -63.364323387294846, -9.568625997982148 ], [ -63.364596762710903, -9.568625711068547 ], [ -63.364596666319457, -9.568535264876585 ], [ -63.364687791432154, -9.568535169191815 ] ], [ [ -63.36487042751525, -9.568896762504513 ], [ -63.364688177100007, -9.568896953953153 ], [ -63.364688273519349, -9.568987400142305 ], [ -63.364870523982766, -9.568987208691826 ], [ -63.36487042751525, -9.568896762504513 ] ], [ [ -63.364779977432221, -9.569529981548538 ], [ -63.364688852055473, -9.569530077267348 ], [ -63.364688948481493, -9.569620523453207 ], [ -63.364780073882336, -9.569620427733476 ], [ -63.364779977432221, -9.569529981548538 ] ] ] } },
{ "type": "Feature", "properties": { "area_m2": 41900.0 }, "geometry": { "type": "Polygon", "coordinates": [ [ [ -63.372889639155609, -9.569069136285133 ], [ -63.372889737745105, -9.569159582389529 ], [ -63.373071988131223, -9.569159386631172 ], [ -63.373072086769881, -9.569249832733211 ], [ -63.373163211985563, -9.569249734817223 ], [ -63.373163310649296, -9.569340180917852 ], [ -63.373254435888093, -9.569340082977009 ], [ -63.373254731957402, -9.569611421273239 ], [ -63.373345857267509, -9.569611323305654 ], [ -63.373345955983325, -9.569701769402515 ], [ -63.373437081316546, -9.569701671410073 ], [ -63.373437377542125, -9.569973009694994 ], [ -63.373346252136628, -9.569973107690261 ], [ -63.373346350856337, -9.570063553785236 ], [ -63.373437476285943, -9.570063455789024 ], [ -63.373437673776493, -9.57024434797567 ], [ -63.373528799253315, -9.570244249953657 ], [ -63.373528996795962, -9.570425142136534 ], [ -63.373437871270966, -9.570425240160434 ], [ -63.373438068769339, -9.570606132343309 ], [ -63.373529194342524, -9.570606034317525 ], [ -63.373529391893001, -9.570786926496632 ], [ -63.37343826627162, -9.570787024524304 ], [ -63.373438167519993, -9.570696578434044 ], [ -63.373347041921726, -9.570696676436857 ], [ -63.373347239377772, -9.570877568618792 ], [ -63.373438365024228, -9.570877470614096 ], [ -63.373438562532364, -9.571058362792261 ], [ -63.373347436837712, -9.571058460798845 ], [ -63.373347634301574, -9.57123935297701 ], [ -63.373438760044415, -9.571239254968541 ], [ -63.373438957560367, -9.571420147142938 ], [ -63.373256705977333, -9.571420343139733 ], [ -63.373256903400794, -9.571601235316013 ], [ -63.373165777559613, -9.571601333280418 ], [ -63.373165876248713, -9.571691779368798 ], [ -63.373074750382457, -9.571691877310228 ], [ -63.373074947715395, -9.571872769487449 ], [ -63.372983821799963, -9.571872867406844 ], [ -63.372983920443801, -9.57196331349569 ], [ -63.372801668561827, -9.571963509264606 ], [ -63.372801767158421, -9.572053955354868 ], [ -63.37271064119188, -9.572054053204386 ], [ -63.37271073976536, -9.572144499295117 ], [ -63.371890605805653, -9.572145378872884 ], [ -63.371890409093446, -9.571964486674029 ], [ -63.371799283141264, -9.571964584283414 ], [ -63.371798103238881, -9.570879231039443 ], [ -63.3718892289019, -9.570879133441322 ], [ -63.371889032216934, -9.570698241229275 ], [ -63.371797906602112, -9.570698338825515 ], [ -63.371797513340226, -9.570336554392007 ], [ -63.371888638858671, -9.570336456799527 ], [ -63.371888737196777, -9.57042690290767 ], [ -63.372435490431599, -9.570426316844912 ], [ -63.372435588915245, -9.570516762946944 ], [ -63.372617840033911, -9.570516567399489 ], [ -63.372617741502069, -9.570426121299334 ], [ -63.372982243631341, -9.570425729921199 ], [ -63.37298214500408, -9.57033528382434 ], [ -63.373255521518516, -9.570334990042454 ], [ -63.373255422819959, -9.57024454394795 ], [ -63.373346548298713, -9.570244445973767 ], [ -63.373346449577042, -9.570153999879738 ], [ -63.373255324122375, -9.570154097852974 ], [ -63.373255028035494, -9.569882759565228 ], [ -63.373163902652131, -9.569882857511725 ], [ -63.37316380398255, -9.569792411413925 ], [ -63.373254929341826, -9.569792313468367 ], [ -63.373254830649124, -9.569701867371039 ], [ -63.373072579977794, -9.569702063236354 ], [ -63.373072875914261, -9.569973401532584 ], [ -63.372981750504863, -9.569973499432196 ], [ -63.372981849128202, -9.57006394553094 ], [ -63.372890723693722, -9.57006404340758 ], [ -63.372890427898895, -9.569792705107108 ], [ -63.372799302535725, -9.569792802957011 ], [ -63.372799203963488, -9.569702356854974 ], [ -63.372708078623447, -9.569702454680019 ], [ -63.372707782984875, -9.569431116368246 ], [ -63.372525532446403, -9.569431311940951 ], [ -63.372525630943436, -9.569521758047227 ], [ -63.372616756237242, -9.569521660271892 ], [ -63.372616953282417, -9.56970255248115 ], [ -63.372525827940414, -9.569702650258371 ], [ -63.372526024941287, -9.569883542467622 ], [ -63.37234377415799, -9.569883737954083 ], [ -63.372343478802705, -9.569612399633849 ], [ -63.372252353481876, -9.569612497338388 ], [ -63.372252451908565, -9.569702943446545 ], [ -63.372161326562676, -9.569703041128108 ], [ -63.372161228160067, -9.569612595019011 ], [ -63.372070102837291, -9.569612692675722 ], [ -63.372070004459744, -9.569522246565219 ], [ -63.371978879160082, -9.569522344197075 ], [ -63.371978977513535, -9.569612790308522 ], [ -63.371887852188813, -9.569612887917406 ], [ -63.371887753859454, -9.56952244180502 ], [ -63.371796628557846, -9.569522539389055 ], [ -63.3717963336479, -9.569251201046256 ], [ -63.371887458877232, -9.569251103465039 ], [ -63.371887262227276, -9.569070211236031 ], [ -63.371978387407452, -9.569070113632781 ], [ -63.371978485756024, -9.569160559746583 ], [ -63.372160736161639, -9.569160364466468 ], [ -63.372160637764871, -9.569069918354545 ], [ -63.372889639155609, -9.569069136285133 ] ], [ [ -63.372617938566734, -9.570607013499169 ], [ -63.372526812983786, -9.570607111285796 ], [ -63.37252691149348, -9.570697557385946 ], [ -63.372618037100523, -9.570697459598378 ], [ -63.372617938566734, -9.570607013499169 ] ], [ [ -63.372254223755647, -9.57133097331277 ], [ -63.37207197219545, -9.57133116868582 ], [ -63.372072070592452, -9.571421614786901 ], [ -63.372254322200845, -9.571421419411971 ], [ -63.372254223755647, -9.57133097331277 ] ], [ [ -63.372527995164447, -9.571692464456513 ], [ -63.37243686929137, -9.57169256223051 ], [ -63.372436967788659, -9.571783008325946 ], [ -63.37252809368583, -9.571782910551008 ], [ -63.372527995164447, -9.571692464456513 ] ] ] } },
{ "type": "Feature", "properties": { "area_m2": 28900.0 }, "geometry": { "type": "Polygon", "coordinates": [ [ [ -63.370977285534266, -9.570246985530183 ], [ -63.370977383630461, -9.570337431648181 ], [ -63.371068509157659, -9.570337334270935 ], [ -63.371068607278907, -9.57042778038752 ], [ -63.371250858378566, -9.570427585559406 ], [ -63.371250956548977, -9.570518031673648 ], [ -63.371342082121451, -9.570517934222782 ], [ -63.37134218031693, -9.57060838033561 ], [ -63.371433305912525, -9.57060828285989 ], [ -63.371433404133079, -9.570698728971312 ], [ -63.371524529751788, -9.570698631470739 ], [ -63.371524922740093, -9.57106041590797 ], [ -63.371616048454214, -9.571060318379724 ], [ -63.371617129517283, -9.572055225532909 ], [ -63.371526003538065, -9.572055323071474 ], [ -63.371526101798267, -9.572145769174421 ], [ -63.371434975793981, -9.572145866690008 ], [ -63.371435074031048, -9.572236312793418 ], [ -63.371343948001709, -9.572236410286022 ], [ -63.371344046215647, -9.5723268563899 ], [ -63.371161794105831, -9.572327051305221 ], [ -63.371161892272532, -9.572417497410505 ], [ -63.371070766192069, -9.572417594833224 ], [ -63.371070668049462, -9.572327148727002 ], [ -63.370979541992135, -9.572327246124862 ], [ -63.370979443874589, -9.572236800017235 ], [ -63.370888317840389, -9.572236897390237 ], [ -63.370888219747918, -9.572146451281204 ], [ -63.370614841711799, -9.572146743253885 ], [ -63.370614743692599, -9.572056297141568 ], [ -63.370432491711867, -9.572056491668553 ], [ -63.370432393741822, -9.571966045553891 ], [ -63.370250141805407, -9.571966239983325 ], [ -63.370249848045731, -9.571694901630913 ], [ -63.370067596250038, -9.571695095959061 ], [ -63.370067400511473, -9.571514203718023 ], [ -63.370158526361614, -9.571514106567777 ], [ -63.370158330578725, -9.571333214326721 ], [ -63.370067204776795, -9.571333311475099 ], [ -63.370066715457021, -9.570881080859541 ], [ -63.370248966818963, -9.570880886548215 ], [ -63.370249064729165, -9.570971332670398 ], [ -63.370157939024587, -9.570971429838956 ], [ -63.370158036911675, -9.571061875961606 ], [ -63.370249162640356, -9.571061778792114 ], [ -63.370249260552498, -9.571152224913355 ], [ -63.370340386304306, -9.571152127719014 ], [ -63.370340190432785, -9.570971235477927 ], [ -63.370431316135431, -9.570971138261539 ], [ -63.370431218177032, -9.570880692141227 ], [ -63.370613469531229, -9.570880497638569 ], [ -63.370613273520945, -9.570699605400272 ], [ -63.370339896632771, -9.570699897112766 ], [ -63.370339798701366, -9.570609450990103 ], [ -63.370430924307634, -9.570609353777455 ], [ -63.3704308263531, -9.570518907655259 ], [ -63.370339700770934, -9.57051900486697 ], [ -63.370339602841476, -9.570428558743364 ], [ -63.370248477282438, -9.570428655930227 ], [ -63.370248379378026, -9.570338209805216 ], [ -63.370339504912977, -9.570338112619288 ], [ -63.370339406985451, -9.570247666494739 ], [ -63.370977285534266, -9.570246985530183 ] ], [ [ -63.370796113106522, -9.5712420875037 ], [ -63.370613861563434, -9.571242282109512 ], [ -63.370613959573902, -9.571332728226071 ], [ -63.370796211165185, -9.571332533618387 ], [ -63.370796113106522, -9.5712420875037 ] ] ] } },
{ "type": "Feature", "properties": { "area_m2": 8300.0 }, "geometry": { "type": "Polygon", "coordinates": [ [ [ -63.438046767554134, -9.571254192506931 ], [ -63.438046883397362, -9.571344637867433 ], [ -63.438138008434912, -9.571344522875714 ], [ -63.438139051292467, -9.57215853108907 ], [ -63.43804792603806, -9.572158646090747 ], [ -63.438048041892756, -9.572249091446533 ], [ -63.437683540767232, -9.572249551218473 ], [ -63.437683656526673, -9.572339996578213 ], [ -63.437592531218321, -9.572340111462502 ], [ -63.437592415482975, -9.57224966610166 ], [ -63.437501290197588, -9.572249780960927 ], [ -63.437501058778537, -9.572068890235615 ], [ -63.437409933540195, -9.572069005068753 ], [ -63.43740900810252, -9.571345442139794 ], [ -63.437500133148077, -9.571345327315495 ], [ -63.437500017449423, -9.571254881948359 ], [ -63.437773392506934, -9.571254537335271 ], [ -63.437773508277878, -9.57134498269909 ], [ -63.437864633318853, -9.571344867779121 ], [ -63.437864517523799, -9.571254422416407 ], [ -63.438046767554134, -9.571254192506931 ] ] ] } },
{ "type": "Feature", "properties": { "area_m2": 12400.0 }, "geometry": { "type": "Polygon", "coordinates": [ [ [ -63.434948746465963, -9.571438978752823 ], [ -63.434948976519571, -9.57161986954643 ], [ -63.434857851369777, -9.571619983704352 ], [ -63.434857966374182, -9.571710429101543 ], [ -63.43494909154807, -9.571710314942525 ], [ -63.434949896779464, -9.572343432701986 ], [ -63.435041022120906, -9.57234331851136 ], [ -63.435041252245448, -9.572524209293332 ], [ -63.434950126855817, -9.572524323486158 ], [ -63.434950241895706, -9.572614768877537 ], [ -63.434221238544865, -9.572615681567786 ], [ -63.434221353393085, -9.572706126967471 ], [ -63.433856851594001, -9.572706582742896 ], [ -63.433856736842174, -9.572616137338825 ], [ -63.433765611413676, -9.572616251221786 ], [ -63.433764923071188, -9.572073578780879 ], [ -63.433856048355096, -9.572073464904493 ], [ -63.433855589386411, -9.57171168327217 ], [ -63.433946714572791, -9.571711569376248 ], [ -63.433947058869911, -9.57198290559791 ], [ -63.434129309383856, -9.571982677727735 ], [ -63.434129079754932, -9.571801786918151 ], [ -63.434220204961996, -9.571801672949379 ], [ -63.434220434639137, -9.571982563756773 ], [ -63.434311559893267, -9.571982449761887 ], [ -63.434311674757637, -9.57207289516378 ], [ -63.434402800034739, -9.572072781143881 ], [ -63.434402455372748, -9.571801444940077 ], [ -63.434493580576422, -9.571801330899552 ], [ -63.434493465667266, -9.571710885498439 ], [ -63.434766841199156, -9.571710543236641 ], [ -63.434766726218854, -9.571620097838354 ], [ -63.434675601066779, -9.571620211948439 ], [ -63.434675371157766, -9.571439321148244 ], [ -63.434948746465963, -9.571438978752823 ] ] ] } },
{ "type": "Feature", "properties": { "area_m2": 6400.0 }, "geometry": { "type": "Polygon", "coordinates": [ [ [ -63.371982912449248, -9.573230634379961 ], [ -63.371983010842584, -9.573321080472086 ], [ -63.372074137154343, -9.573320982800769 ], [ -63.372074235572754, -9.573411428891482 ], [ -63.372165361907648, -9.573411331195304 ], [ -63.372165263465128, -9.573320885105527 ], [ -63.372347516083771, -9.573320689643278 ], [ -63.372347614574494, -9.573411135731174 ], [ -63.37243874090646, -9.573411037963227 ], [ -63.372439036456782, -9.573682376221262 ], [ -63.372347910052511, -9.573682473992029 ], [ -63.372348008547128, -9.573772920078037 ], [ -63.372439134975501, -9.57377282230633 ], [ -63.372439332015865, -9.573953714475051 ], [ -63.372348205539289, -9.573953812248641 ], [ -63.372348304036827, -9.574044258333238 ], [ -63.371710418504719, -9.57404494208507 ], [ -63.371710320175914, -9.573954495993897 ], [ -63.371892573141743, -9.57395430075773 ], [ -63.371892474765701, -9.573863854667966 ], [ -63.371436842464362, -9.573864342574254 ], [ -63.371436744209802, -9.573773896479327 ], [ -63.371618997085051, -9.57377370139046 ], [ -63.371618702182595, -9.573502363108473 ], [ -63.371709828546457, -9.573502265530967 ], [ -63.371709730223479, -9.57341181943697 ], [ -63.371800856562253, -9.573411721836482 ], [ -63.371800659871013, -9.573230829648947 ], [ -63.371982912449248, -9.573230634379961 ] ], [ [ -63.372074727679419, -9.573863659337983 ], [ -63.371983601223043, -9.573863757014939 ], [ -63.3719836996232, -9.573954203103762 ], [ -63.372074826103685, -9.573954105425868 ], [ -63.372074727679419, -9.573863659337983 ] ] ] } },
{ "type": "Feature", "properties": { "area_m2": 15300.0 }, "geometry": { "type": "Polygon", "coordinates": [ [ [ -63.42620106970238, -9.571721165142538 ], [ -63.426201295136011, -9.571902056142081 ], [ -63.426292420465074, -9.571901944253117 ], [ -63.426293886205606, -9.573077735690173 ], [ -63.426385011846861, -9.573077623763295 ], [ -63.426385124628041, -9.573168069254073 ], [ -63.426293998962684, -9.57316818118203 ], [ -63.426294450002139, -9.573529963144743 ], [ -63.426385575763895, -9.573529851212479 ], [ -63.426385801338533, -9.573710742188853 ], [ -63.42629467552856, -9.57371085412327 ], [ -63.426295126594773, -9.574072636074662 ], [ -63.426204000687271, -9.574072747989462 ], [ -63.42620388794316, -9.573982302501244 ], [ -63.426021636173012, -9.57398252625692 ], [ -63.426021523478212, -9.573892080766075 ], [ -63.425748145886971, -9.573892416216932 ], [ -63.425747470175409, -9.573349743242623 ], [ -63.425656344454055, -9.573349855005278 ], [ -63.425656907423722, -9.573802082490424 ], [ -63.425565781580737, -9.573802194234531 ], [ -63.425563868007146, -9.572264620718659 ], [ -63.42601949516235, -9.572264061850291 ], [ -63.426018819137283, -9.571721388844407 ], [ -63.42620106970238, -9.571721165142538 ] ], [ [ -63.425746681895937, -9.572716624751139 ], [ -63.42565555634328, -9.572716736506267 ], [ -63.425655781512226, -9.572897627508345 ], [ -63.425746907113073, -9.572897515751064 ], [ -63.425746681895937, -9.572716624751139 ] ], [ [ -63.426202760563235, -9.573077847593133 ], [ -63.426020509275148, -9.573078071327284 ], [ -63.426020734645803, -9.573258962316983 ], [ -63.426111860338608, -9.573258850459718 ], [ -63.426111973049714, -9.573349295952781 ], [ -63.426203098765505, -9.573349184070517 ], [ -63.426202760563235, -9.573077847593133 ] ] ] } },
{ "type": "Feature", "properties": { "area_m2": 14400.0 }, "geometry": { "type": "Polygon", "coordinates": [ [ [ -63.382464250216451, -9.574847273089119 ], [ -63.382464351399577, -9.574937719063207 ], [ -63.382555478031733, -9.5749376186234 ], [ -63.382555680449194, -9.575118510568229 ], [ -63.382373427087458, -9.575118711427786 ], [ -63.382373629412491, -9.575299603374598 ], [ -63.382282502681903, -9.575299703770416 ], [ -63.382282603821807, -9.575390149744079 ], [ -63.382191477066115, -9.575390250116934 ], [ -63.382191578182919, -9.575480696091089 ], [ -63.382100451402117, -9.575480796440983 ], [ -63.382100552495821, -9.575571242415631 ], [ -63.382009425689901, -9.575571342742563 ], [ -63.382009526760484, -9.575661788717708 ], [ -63.381918399929461, -9.575661889021671 ], [ -63.381918500976944, -9.575752334997308 ], [ -63.381645120405565, -9.575752635768529 ], [ -63.38164522138171, -9.575843081746585 ], [ -63.381371840729024, -9.575843382305335 ], [ -63.381371941633851, -9.575933828285811 ], [ -63.38128081472351, -9.575933928425165 ], [ -63.381280915605217, -9.576024374406133 ], [ -63.38109866173334, -9.576024574614982 ], [ -63.381098762567824, -9.576115020597406 ], [ -63.380643127750133, -9.576115520705564 ], [ -63.3806430270362, -9.576025074718332 ], [ -63.380551900093785, -9.576025174667215 ], [ -63.380551799404955, -9.575934728678551 ], [ -63.38073405324058, -9.575934528758783 ], [ -63.380733751035407, -9.575663190795728 ], [ -63.380824877879391, -9.575663090802834 ], [ -63.380824777122214, -9.575572644815169 ], [ -63.380915903941101, -9.575572544799311 ], [ -63.38091600472238, -9.575662990786009 ], [ -63.38109825840538, -9.57566279068058 ], [ -63.381098359235871, -9.575753236664891 ], [ -63.381189486099984, -9.575753136575319 ], [ -63.381189183539156, -9.575481798623864 ], [ -63.381553690696329, -9.575481398037851 ], [ -63.381553589748279, -9.575390952056944 ], [ -63.3813713362199, -9.575391152395882 ], [ -63.381371033526392, -9.575119814444548 ], [ -63.381188780138686, -9.575120014681998 ], [ -63.381188880987303, -9.57521046066817 ], [ -63.380915500825935, -9.575210760847778 ], [ -63.380915400049638, -9.575120314858715 ], [ -63.380824273351287, -9.575120414869769 ], [ -63.380824374103483, -9.575210860859793 ], [ -63.380642120655594, -9.575211060812038 ], [ -63.380642019951615, -9.57512061482009 ], [ -63.379639626182275, -9.575121712836067 ], [ -63.379639525744466, -9.57503126683309 ], [ -63.380368539213983, -9.575030468570818 ], [ -63.380368438584313, -9.574940022575047 ], [ -63.38045956523942, -9.574939922685557 ], [ -63.380459665893191, -9.575030368680363 ], [ -63.380641919248639, -9.575030168827672 ], [ -63.380641818546657, -9.574939722834786 ], [ -63.380732945198773, -9.574939622873508 ], [ -63.38073304592487, -9.575030068865436 ], [ -63.381279805961306, -9.575029468589552 ], [ -63.38127970509057, -9.574939022603399 ], [ -63.381370831735723, -9.574938922474638 ], [ -63.38137093263056, -9.575029368459829 ], [ -63.381917692625116, -9.575028767179012 ], [ -63.381917591585626, -9.574938321199607 ], [ -63.382373224766425, -9.574937819479089 ], [ -63.382373123607408, -9.574847373504037 ], [ -63.382464250216451, -9.574847273089119 ] ], [ [ -63.38173554028986, -9.575119413682524 ], [ -63.381553286910126, -9.575119614111392 ], [ -63.381553387855178, -9.575210060093715 ], [ -63.381644514569651, -9.57520995989028 ], [ -63.381644615539813, -9.575300405871166 ], [ -63.381735742277385, -9.575300305642843 ], [ -63.381735843272658, -9.575390751622294 ], [ -63.381826970033345, -9.575390651369077 ], [ -63.381826767995598, -9.575209759411631 ], [ -63.381735641283122, -9.57520985966292 ], [ -63.38173554028986, -9.575119413682524 ] ] ] } },
{ "type": "Feature", "properties": { "area_m2": 5100.0 }, "geometry": { "type": "Polygon", "coordinates": [ [ [ -63.427027523165727, -9.576785104031289 ], [ -63.427027749158206, -9.576965994958613 ], [ -63.427118875827105, -9.576965882793985 ], [ -63.427118762806195, -9.576875437331639 ], [ -63.427301016092422, -9.57687521293275 ], [ -63.427301807599839, -9.577508331144164 ], [ -63.427119553976041, -9.577508555558159 ], [ -63.427119667004774, -9.577599001017203 ], [ -63.426937413328268, -9.577599225337623 ], [ -63.426937300347767, -9.577508779876421 ], [ -63.426663919896981, -9.577509116174323 ], [ -63.426664032805157, -9.577599561638753 ], [ -63.426572905961883, -9.577599673691267 ], [ -63.426572680194894, -9.577418782759771 ], [ -63.426846060576672, -9.577418446536903 ], [ -63.426845834669471, -9.577237555609988 ], [ -63.426754707924886, -9.577237667706054 ], [ -63.426754594997078, -9.577147222240807 ], [ -63.426481214828939, -9.577147558382183 ], [ -63.426480989121337, -9.576966667443811 ], [ -63.42657211579693, -9.576966555422775 ], [ -63.426572002920693, -9.576876109953961 ], [ -63.42675425622032, -9.576875885842245 ], [ -63.426754482070379, -9.577056776775093 ], [ -63.426845608766733, -9.577056664681182 ], [ -63.42684526992101, -9.576785328284439 ], [ -63.427027523165727, -9.576785104031289 ] ], [ [ -63.42693684843691, -9.577146998026903 ], [ -63.426845721717555, -9.57714711014582 ], [ -63.426845834669471, -9.577237555609988 ], [ -63.426936961412949, -9.57723744348999 ], [ -63.42693684843691, -9.577146998026903 ] ] ] } },
{ "type": "Feature", "properties": { "area_m2": 21800.0 }, "geometry": { "type": "Polygon", "coordinates": [ [ [ -63.442336428450432, -9.576494589193445 ], [ -63.44233666253735, -9.576675479754767 ], [ -63.442701168152517, -9.576675014884287 ], [ -63.442701988168281, -9.577308131802756 ], [ -63.44261086159743, -9.577308248064096 ], [ -63.44261097872306, -9.577398693337393 ], [ -63.442702105318006, -9.577398577074936 ], [ -63.442702222468903, -9.577489022346644 ], [ -63.442611095849848, -9.577489138610218 ], [ -63.442612970035853, -9.578936262911244 ], [ -63.442521843029802, -9.578936379168768 ], [ -63.442521960152149, -9.579026824434687 ], [ -63.442248579054677, -9.579027173067001 ], [ -63.442248462004684, -9.578936727797728 ], [ -63.442157334994, -9.578936843959513 ], [ -63.442157803104472, -9.579298625038232 ], [ -63.442066675996159, -9.579298741180542 ], [ -63.442066793002546, -9.579389186450159 ], [ -63.441975665868966, -9.579389302569648 ], [ -63.441975548886688, -9.579298857298918 ], [ -63.441884421776074, -9.579298973393351 ], [ -63.441883953954999, -9.57893719230124 ], [ -63.441792826939697, -9.578937308367276 ], [ -63.441792710011427, -9.57884686309195 ], [ -63.441883837002621, -9.578846747027033 ], [ -63.441883369204682, -9.578484965925476 ], [ -63.44170111541407, -9.578485198022458 ], [ -63.441700998515692, -9.578394752743657 ], [ -63.441792125387465, -9.57839463670825 ], [ -63.441791540792387, -9.577942410312746 ], [ -63.441882667542437, -9.577942294258987 ], [ -63.441882433664261, -9.577761403699713 ], [ -63.441973560364922, -9.577761287624245 ], [ -63.441973326443154, -9.577580397065319 ], [ -63.442064453094417, -9.577580280968153 ], [ -63.442063985168303, -9.577218499849099 ], [ -63.441972858613482, -9.577218615941797 ], [ -63.441972624705578, -9.577037725377208 ], [ -63.442154877717627, -9.577037493172341 ], [ -63.442154760717187, -9.576947047891567 ], [ -63.44188138126971, -9.576947396159621 ], [ -63.441881264342761, -9.576856950875031 ], [ -63.442063517260678, -9.576856718722496 ], [ -63.442063400286663, -9.576766273439661 ], [ -63.441972273852393, -9.576766389526782 ], [ -63.441972156903653, -9.576675944242362 ], [ -63.442063283313814, -9.576675828156359 ], [ -63.442063166342109, -9.576585382872583 ], [ -63.442154292726997, -9.576585266763766 ], [ -63.442154175732341, -9.576494821480637 ], [ -63.442336428450432, -9.576494589193445 ] ], [ [ -63.44224565315173, -9.576766041193633 ], [ -63.442154526719783, -9.576766157328612 ], [ -63.442154643717913, -9.576856602610325 ], [ -63.442245770173969, -9.576856486474231 ], [ -63.44224565315173, -9.576766041193633 ] ] ] } },
{ "type": "Feature", "properties": { "area_m2": 6500.0 }, "geometry": { "type": "Polygon", "coordinates": [ [ [ -63.442613087182323, -9.579026708176043 ], [ -63.442613321478724, -9.579207598704231 ], [ -63.442704448555972, -9.579207482419415 ], [ -63.442704682905244, -9.579388372943482 ], [ -63.442613555779765, -9.579388489230533 ], [ -63.442614258710663, -9.579931160798104 ], [ -63.442705385980865, -9.579931044504347 ], [ -63.442705971909049, -9.580383270792083 ], [ -63.442797099298687, -9.580383154468796 ], [ -63.442797333726304, -9.580564044978352 ], [ -63.44270620628842, -9.580564161303876 ], [ -63.442706323479854, -9.580654606559062 ], [ -63.442615196016703, -9.580654722861762 ], [ -63.442615078849393, -9.580564277605458 ], [ -63.442341696525332, -9.580564626366568 ], [ -63.442341462338916, -9.580383735845837 ], [ -63.442250334943502, -9.580383852049428 ], [ -63.44225010080995, -9.580202961524574 ], [ -63.442158973461616, -9.58020307770199 ], [ -63.442158622342319, -9.579931741907817 ], [ -63.442249749618306, -9.579931625733751 ], [ -63.442249515496322, -9.579750735204179 ], [ -63.442340642722918, -9.579750619008411 ], [ -63.442340291476263, -9.579479283213857 ], [ -63.442431418629347, -9.579479166997501 ], [ -63.44243118442246, -9.579298276467673 ], [ -63.44252231152614, -9.579298160229614 ], [ -63.442521960152149, -9.579026824434687 ], [ -63.442613087182323, -9.579026708176043 ] ] ] } },
{ "type": "Feature", "properties": { "area_m2": 16400.0 }, "geometry": { "type": "Polygon", "coordinates": [ [ [ -63.382468500769036, -9.578646003594891 ], [ -63.382469006904763, -9.579098233361597 ], [ -63.382377879162433, -9.579098333821904 ], [ -63.38237798036846, -9.579188779774796 ], [ -63.382469108134906, -9.579188679313525 ], [ -63.38246920936605, -9.579279125264977 ], [ -63.38256033715561, -9.579279024778803 ], [ -63.382561147233744, -9.580002592365728 ], [ -63.382470019251237, -9.580002692859633 ], [ -63.382470221732532, -9.580183584753582 ], [ -63.382561349763286, -9.580183484257745 ], [ -63.382561552296835, -9.580364376147871 ], [ -63.382470424217836, -9.58036447664564 ], [ -63.38247052546199, -9.580454922590961 ], [ -63.382561653565098, -9.580454822092229 ], [ -63.382562463747306, -9.5811783896301 ], [ -63.382471335451221, -9.581178490136562 ], [ -63.382471436704385, -9.581268936077638 ], [ -63.382198051737731, -9.581269237456267 ], [ -63.38219784937715, -9.581088345567846 ], [ -63.382106721101195, -9.581088445977572 ], [ -63.382106923413517, -9.581269337867925 ], [ -63.382015795088293, -9.581269438255639 ], [ -63.382015896221844, -9.581359884201069 ], [ -63.381924767871496, -9.581359984565806 ], [ -63.381924666762082, -9.581269538619408 ], [ -63.381833538434876, -9.581269638959236 ], [ -63.381833437350579, -9.581179193011405 ], [ -63.381742309046487, -9.581179293326326 ], [ -63.381742106929146, -9.580998401427319 ], [ -63.381924363439836, -9.58099820077739 ], [ -63.381924262334415, -9.580907754829108 ], [ -63.382106518792867, -9.580907554085339 ], [ -63.382106619946526, -9.580998000031693 ], [ -63.382288876449223, -9.580997799190227 ], [ -63.382288775247304, -9.580907353245804 ], [ -63.382197647020583, -9.580907453677542 ], [ -63.382197444668009, -9.580726561785347 ], [ -63.382106316488532, -9.580726662191214 ], [ -63.382106114188197, -9.580545770295208 ], [ -63.382197242319435, -9.580545669891272 ], [ -63.382197141146641, -9.58045522394352 ], [ -63.382288269252761, -9.580455123516609 ], [ -63.382287965668027, -9.580183785673434 ], [ -63.382196837634282, -9.580183886097451 ], [ -63.382196938804064, -9.58027433204661 ], [ -63.382105810745202, -9.580274432447652 ], [ -63.382105305026855, -9.579822202692297 ], [ -63.382014177087584, -9.579822303064576 ], [ -63.382013873740924, -9.579550965202808 ], [ -63.381831618004107, -9.579551165869757 ], [ -63.381830910567871, -9.578918044162284 ], [ -63.381739782866788, -9.578918144453104 ], [ -63.381739580799369, -9.578737252530509 ], [ -63.38183070845222, -9.578737152241622 ], [ -63.381830809509545, -9.57882759820219 ], [ -63.382013064860473, -9.578827397550672 ], [ -63.382012862650363, -9.578646505632921 ], [ -63.382468500769036, -9.578646003594891 ] ], [ [ -63.382013368183159, -9.579098735423759 ], [ -63.381922240435834, -9.57909883576438 ], [ -63.381922341521275, -9.579189281722099 ], [ -63.382013469292708, -9.579189181380515 ], [ -63.382013368183159, -9.579098735423759 ] ], [ [ -63.382380105926096, -9.581088144676565 ], [ -63.382288977652131, -9.581088245134175 ], [ -63.382289078856033, -9.581178691077659 ], [ -63.382380207154128, -9.581178590619082 ], [ -63.382380105926096, -9.581088144676565 ] ] ] } },
{ "type": "Feature", "properties": { "area_m2": 5900.0 }, "geometry": { "type": "Polygon", "coordinates": [ [ [ -63.381377089102351, -9.580546572664822 ], [ -63.381377190059048, -9.580637018620774 ], [ -63.381468318222389, -9.580636918407404 ], [ -63.381468419204197, -9.58072736436192 ], [ -63.381559547390673, -9.580727264123643 ], [ -63.381559648397605, -9.580817710076728 ], [ -63.381650776607209, -9.580817609813549 ], [ -63.381651180741407, -9.581179393617306 ], [ -63.381560052435312, -9.58117949388434 ], [ -63.381560153447232, -9.581269939835066 ], [ -63.381286768450622, -9.58127024049541 ], [ -63.381286869391175, -9.581360686448551 ], [ -63.381104612673532, -9.581360886770995 ], [ -63.381104511781224, -9.581270440815926 ], [ -63.380922255107848, -9.581270641040668 ], [ -63.38092144839127, -9.58054707336775 ], [ -63.381377089102351, -9.580546572664822 ] ] ] } },
{ "type": "Feature", "properties": { "area_m2": 7900.0 }, "geometry": { "type": "Polygon", "coordinates": [ [ [ -63.413091697496171, -9.582228719695069 ], [ -63.413091916240219, -9.582409610890366 ], [ -63.413000787954971, -9.58240971943213 ], [ -63.413001006655087, -9.58259061062763 ], [ -63.413092134988595, -9.58259050208378 ], [ -63.413092244364407, -9.582680947679778 ], [ -63.413183372720951, -9.582680839110937 ], [ -63.413182935127708, -9.582319056728286 ], [ -63.41345631990135, -9.582318730890613 ], [ -63.41345741464071, -9.583223186801773 ], [ -63.413366286142633, -9.583223295448713 ], [ -63.413366176687965, -9.583132849858677 ], [ -63.413001662781383, -9.583133284202798 ], [ -63.413001334713378, -9.582861947417339 ], [ -63.412910206306414, -9.582862055940375 ], [ -63.412910424969084, -9.583042947133237 ], [ -63.412819296512787, -9.583043055634409 ], [ -63.412819405821615, -9.583133501231176 ], [ -63.412728277340101, -9.583133609709442 ], [ -63.412728168055402, -9.583043164111636 ], [ -63.412545911137414, -9.583043380994248 ], [ -63.412545255741414, -9.582500707384975 ], [ -63.412636384056192, -9.582500598961895 ], [ -63.412636165551248, -9.582319707757112 ], [ -63.412909550344331, -9.582319382350452 ], [ -63.412909441021093, -9.582228936750482 ], [ -63.413091697496171, -9.582228719695069 ] ] ] } },
{ "type": "Feature", "properties": { "area_m2": 7000.0 }, "geometry": { "type": "Polygon", "coordinates": [ [ [ -63.441340930301081, -9.581832137077981 ], [ -63.441341280841868, -9.582103472872532 ], [ -63.441432408707179, -9.582103356887163 ], [ -63.441432291834971, -9.582012911623899 ], [ -63.441614547513879, -9.582012679583558 ], [ -63.441614781355959, -9.582193570105154 ], [ -63.441888165010404, -9.58219322185837 ], [ -63.441888282005557, -9.582283667115112 ], [ -63.441797154097763, -9.582283783222433 ], [ -63.441797271069937, -9.58237422847982 ], [ -63.441706143136869, -9.582374344564309 ], [ -63.441706377036439, -9.582555235079898 ], [ -63.441615249053967, -9.582555351142675 ], [ -63.44161513212773, -9.582464905884004 ], [ -63.441524004168222, -9.582465021921722 ], [ -63.441524471783588, -9.582826802958039 ], [ -63.441706727894456, -9.582826570849736 ], [ -63.441706961805579, -9.5830074613606 ], [ -63.441524705598212, -9.583007693473366 ], [ -63.441524588690321, -9.582917248215935 ], [ -63.441433460609041, -9.582917364235284 ], [ -63.441433811263764, -9.583188700009494 ], [ -63.441342683108935, -9.583188816008235 ], [ -63.441342215668108, -9.582827034970554 ], [ -63.441159959548003, -9.582827266887289 ], [ -63.44116007635823, -9.582917712149648 ], [ -63.441068948272324, -9.582917828073208 ], [ -63.441067663688742, -9.581922930149059 ], [ -63.44115879150926, -9.581922814237751 ], [ -63.441158674711737, -9.581832368970201 ], [ -63.441340930301081, -9.581832137077981 ] ], [ [ -63.441432759330738, -9.582374692674119 ], [ -63.441341631393051, -9.582374808662831 ], [ -63.441341748245748, -9.582465253925321 ], [ -63.441432876207571, -9.582465137935495 ], [ -63.441432759330738, -9.582374692674119 ] ] ] } },
{ "type": "Feature", "properties": { "area_m2": 6400.0 }, "geometry": { "type": "Polygon", "coordinates": [ [ [ -63.445351259555792, -9.582369682507579 ], [ -63.445351377470026, -9.582460127720804 ], [ -63.445442505380804, -9.582460010677393 ], [ -63.445442623320325, -9.58255045588902 ], [ -63.445533751254068, -9.582550338820537 ], [ -63.445533869218885, -9.582640784030566 ], [ -63.445624997175578, -9.582640666937012 ], [ -63.445625233156974, -9.582821557353412 ], [ -63.445716361160756, -9.582821440233662 ], [ -63.445716479177321, -9.582911885440025 ], [ -63.445807607204081, -9.582911768295205 ], [ -63.445808079378516, -9.583273549111437 ], [ -63.445716951255257, -9.58327366626076 ], [ -63.445716833234023, -9.583183221056286 ], [ -63.445625705133729, -9.583183338180541 ], [ -63.445625587137783, -9.583092892974463 ], [ -63.445534459060461, -9.583093010073647 ], [ -63.445534341089804, -9.583002564865977 ], [ -63.445443213035432, -9.583002681940084 ], [ -63.445443448929637, -9.583183572357205 ], [ -63.445078936507471, -9.58318404042317 ], [ -63.445078700806292, -9.583003149997054 ], [ -63.444987572746093, -9.583003266951431 ], [ -63.44498710145421, -9.582641486089036 ], [ -63.444895973489359, -9.582641603014974 ], [ -63.444895855693417, -9.582551157797072 ], [ -63.444713599808473, -9.58255139157486 ], [ -63.444713482061964, -9.582460946354239 ], [ -63.444895737898648, -9.582460712578696 ], [ -63.444895620105051, -9.582370267359849 ], [ -63.445351259555792, -9.582369682507579 ] ], [ [ -63.445260839026098, -9.582912470804944 ], [ -63.445169710992353, -9.58291258780609 ], [ -63.445169828865325, -9.583003033018731 ], [ -63.445260956923192, -9.583002916016463 ], [ -63.445260839026098, -9.582912470804944 ] ] ] } },
{ "type": "Feature", "properties": { "area_m2": 145900.0 }, "geometry": { "type": "Polygon", "coordinates": [ [ [ -63.399960751961757, -9.575008441684782 ], [ -63.399960857775426, -9.575098887468242 ], [ -63.400143110742121, -9.575098677372843 ], [ -63.400143322469027, -9.57527956893431 ], [ -63.400052195937981, -9.575279673995995 ], [ -63.400052301778906, -9.575370119777032 ], [ -63.3999611752227, -9.575370224815799 ], [ -63.399961281040554, -9.575460670597373 ], [ -63.400234660778338, -9.575460355406255 ], [ -63.400234872561832, -9.575641246961931 ], [ -63.400052619307914, -9.575641457117309 ], [ -63.400052830999158, -9.575822348675139 ], [ -63.400143957674857, -9.575822243607391 ], [ -63.400143851804593, -9.575731797829725 ], [ -63.400234978455138, -9.575731692739057 ], [ -63.400235190244906, -9.575912584291901 ], [ -63.400417443639284, -9.575912374034742 ], [ -63.400417655529679, -9.576093265581655 ], [ -63.400326528784802, -9.576093370724221 ], [ -63.400326634707454, -9.576183816497981 ], [ -63.400235507937417, -9.576183921617627 ], [ -63.400235402038867, -9.57609347584286 ], [ -63.4001442752919, -9.57609358093757 ], [ -63.400144487041821, -9.576274472488658 ], [ -63.400053360245586, -9.576274577561456 ], [ -63.400053677805992, -9.576545914887589 ], [ -63.400144804674568, -9.576545809811758 ], [ -63.400145228199548, -9.576907592902623 ], [ -63.400054101234524, -9.576907697982495 ], [ -63.400054418816914, -9.577179035298721 ], [ -63.400236672890571, -9.577178825108982 ], [ -63.400236778801677, -9.577269270878096 ], [ -63.40069241408807, -9.577268744979877 ], [ -63.400692732189391, -9.577540082269211 ], [ -63.400601605061865, -9.577540187499755 ], [ -63.400601817086432, -9.577721079025643 ], [ -63.40051068990963, -9.577721184234276 ], [ -63.400510795899365, -9.577811629997527 ], [ -63.400601923100268, -9.577811524787879 ], [ -63.400602347166156, -9.578173307832111 ], [ -63.400784601757749, -9.578173097332922 ], [ -63.400785980714701, -9.579348892148234 ], [ -63.400694853105904, -9.579348997422949 ], [ -63.400694959162735, -9.579439443175685 ], [ -63.400786086795648, -9.579439337899954 ], [ -63.400788951377578, -9.581881373018094 ], [ -63.400515566521861, -9.58188168885542 ], [ -63.400515778598766, -9.582062580338041 ], [ -63.400698035266807, -9.582062369799718 ], [ -63.400698141355072, -9.582152815538301 ], [ -63.400515884638793, -9.582153026078645 ], [ -63.400516096721994, -9.582333917558429 ], [ -63.400698353534771, -9.582333707014039 ], [ -63.400698247444403, -9.582243261276407 ], [ -63.400789375825092, -9.582243155969305 ], [ -63.400789906408079, -9.5826953846477 ], [ -63.400607649404378, -9.582695595248072 ], [ -63.400607755475868, -9.582786040984361 ], [ -63.400790012527814, -9.58278583038196 ], [ -63.400790437017264, -9.583147613314294 ], [ -63.400699308395303, -9.583147718631515 ], [ -63.400699414496145, -9.583238164364431 ], [ -63.400517157200831, -9.583238374929058 ], [ -63.400517051148228, -9.583147929194119 ], [ -63.400152536641521, -9.583148350031951 ], [ -63.400152642597604, -9.583238795770935 ], [ -63.400061513944188, -9.583238900921536 ], [ -63.400061302081326, -9.583058009441078 ], [ -63.39933227320234, -9.583058849767616 ], [ -63.399332167465495, -9.582968404018605 ], [ -63.399149910283548, -9.58296861385875 ], [ -63.399150121661762, -9.583149505360335 ], [ -63.399241250301515, -9.583149400450218 ], [ -63.399241356016319, -9.583239846199296 ], [ -63.39933248467915, -9.583239741264224 ], [ -63.399332378940223, -9.583149295516156 ], [ -63.399696893484581, -9.583148875540427 ], [ -63.399697316832629, -9.583510658513728 ], [ -63.399515059369513, -9.583510868557562 ], [ -63.399514953579185, -9.583420422812924 ], [ -63.399241567449046, -9.583420737696034 ], [ -63.399241673166983, -9.583511183443694 ], [ -63.399059415693415, -9.583511393248044 ], [ -63.399059310023738, -9.583420947498366 ], [ -63.399150438736918, -9.583420842609174 ], [ -63.399150227352436, -9.58323995111042 ], [ -63.399059098687516, -9.583240055997594 ], [ -63.399057619450886, -9.581973815439351 ], [ -63.399239876104126, -9.581973605669276 ], [ -63.399239770403952, -9.581883159913591 ], [ -63.399330898704882, -9.581883054993645 ], [ -63.399330792981615, -9.5817926092385 ], [ -63.39905740814806, -9.581792923923482 ], [ -63.399055823510025, -9.580436237494286 ], [ -63.398964695591928, -9.58043634232628 ], [ -63.39896448437284, -9.580255450792352 ], [ -63.399055612242712, -9.580255345962373 ], [ -63.399055506610608, -9.580164900195712 ], [ -63.398964378764866, -9.580165005024678 ], [ -63.398963745138936, -9.579622330408737 ], [ -63.399054872839955, -9.579622225585812 ], [ -63.399054661591414, -9.579441334045409 ], [ -63.398963533938627, -9.579441438866317 ], [ -63.398963217146004, -9.579170101549147 ], [ -63.399054344726444, -9.579169996731261 ], [ -63.399052654938579, -9.577722864317444 ], [ -63.398961527743992, -9.577722969119204 ], [ -63.398961422165243, -9.577632523338323 ], [ -63.3990525493357, -9.577632418537569 ], [ -63.399052338133096, -9.577451526976409 ], [ -63.398961211010864, -9.577451631775146 ], [ -63.398960788714632, -9.577089848643135 ], [ -63.399051915740408, -9.577089743848427 ], [ -63.399051704550331, -9.576908852281607 ], [ -63.398960577572772, -9.576908957074298 ], [ -63.398960472003409, -9.576818511289174 ], [ -63.399051598956852, -9.576818406497486 ], [ -63.399051071005147, -9.57636617756982 ], [ -63.398959944172255, -9.576366282356469 ], [ -63.398959838609152, -9.576275836568515 ], [ -63.399050965417935, -9.576275731782873 ], [ -63.399050331916577, -9.575733057051284 ], [ -63.399323711902696, -9.575732742568931 ], [ -63.399323606250462, -9.575642296781705 ], [ -63.39923247961358, -9.575642401632075 ], [ -63.399232268360464, -9.575461510054193 ], [ -63.399323394949135, -9.575461405205839 ], [ -63.399323183651994, -9.575280513628089 ], [ -63.399232057111533, -9.575280618474425 ], [ -63.399231845866773, -9.575099726892773 ], [ -63.399322972359016, -9.57509962204845 ], [ -63.399322866714094, -9.575009176257925 ], [ -63.39950511964723, -9.575008966499515 ], [ -63.399505225340356, -9.575099412288029 ], [ -63.399414098850215, -9.575099517180202 ], [ -63.399414204520276, -9.575189962969249 ], [ -63.399596457547744, -9.575189753158952 ], [ -63.399596351829466, -9.575099307371921 ], [ -63.399778604804531, -9.575099097467939 ], [ -63.39977849903908, -9.575008651682458 ], [ -63.399960751961757, -9.575008441684782 ] ], [ [ -63.399778922107167, -9.575370434821554 ], [ -63.399687795547841, -9.575370539788539 ], [ -63.399688007039927, -9.575551431357271 ], [ -63.399779133647485, -9.575551326388268 ], [ -63.399778922107167, -9.575370434821554 ] ], [ [ -63.399961492679395, -9.575641562159108 ], [ -63.399688112787558, -9.57564187714093 ], [ -63.399688324285933, -9.575822768706841 ], [ -63.399870577644641, -9.575822558738846 ], [ -63.399870471846704, -9.57573211295815 ], [ -63.39996159850039, -9.575732007939267 ], [ -63.399961492679395, -9.575641562159108 ] ], [ [ -63.400144169418503, -9.576003135161312 ], [ -63.400053042694587, -9.576003240231081 ], [ -63.400053148543883, -9.576093686008345 ], [ -63.4001442752919, -9.57609358093757 ], [ -63.400144169418503, -9.576003135161312 ] ], [ [ -63.399415261278449, -9.576094420833769 ], [ -63.399141881006152, -9.576094735400009 ], [ -63.39914198661539, -9.57618518118689 ], [ -63.399415366960014, -9.576184866617629 ], [ -63.399415261278449, -9.576094420833769 ] ], [ [ -63.400053254394201, -9.576184131785137 ], [ -63.399962127621031, -9.576184236832995 ], [ -63.399962233448299, -9.576274682610325 ], [ -63.400053360245586, -9.576274577561456 ], [ -63.400053254394201, -9.576184131785137 ] ], [ [ -63.400601499051163, -9.577449741736103 ], [ -63.400510371946702, -9.577449846941702 ], [ -63.400510477933295, -9.577540292706368 ], [ -63.400601605061865, -9.577540187499755 ], [ -63.400601499051163, -9.577449741736103 ] ], [ [ -63.399512203397649, -9.581068833286764 ], [ -63.399147691064456, -9.581069252978134 ], [ -63.399148113737354, -9.581431036019056 ], [ -63.399239241918707, -9.581430931128098 ], [ -63.399238924840105, -9.581159593851137 ], [ -63.399512309160798, -9.581159279043673 ], [ -63.399512203397649, -9.581068833286764 ] ], [ [ -63.399877033296171, -9.581339750469509 ], [ -63.399785905146246, -9.581339855527061 ], [ -63.399786116824608, -9.581520747031513 ], [ -63.399968373219885, -9.581520536888426 ], [ -63.399968267331943, -9.581430091138454 ], [ -63.399877139158946, -9.58143019622096 ], [ -63.399877033296171, -9.581339750469509 ] ], [ [ -63.400150523674789, -9.581429880901613 ], [ -63.400059395503888, -9.581429986032006 ], [ -63.400059501415967, -9.581520431780966 ], [ -63.400150629610984, -9.581520326649562 ], [ -63.400150523674789, -9.581429880901613 ] ], [ [ -63.399421498278294, -9.581430721274348 ], [ -63.399330370099023, -9.58143082621319 ], [ -63.399330475818104, -9.581521271970226 ], [ -63.399421604021491, -9.581521167030369 ], [ -63.399421498278294, -9.581430721274348 ] ], [ [ -63.399512837992219, -9.581611507821117 ], [ -63.399330581538223, -9.581611717726789 ], [ -63.399330687259408, -9.581702163482881 ], [ -63.399512943761628, -9.581701953575189 ], [ -63.399512837992219, -9.581611507821117 ] ], [ [ -63.400242605525222, -9.582243787452738 ], [ -63.400151477138252, -9.582243892616168 ], [ -63.400151794978242, -9.58251522984586 ], [ -63.400334051895896, -9.582515019488987 ], [ -63.400333945899931, -9.58242457374825 ], [ -63.400425074333079, -9.582424468534906 ], [ -63.400425180353167, -9.582514914274631 ], [ -63.400516308809387, -9.582514809036333 ], [ -63.400516096721994, -9.582333917558429 ], [ -63.400242711494968, -9.582334233195427 ], [ -63.400242605525222, -9.582243787452738 ] ], [ [ -63.399331850261234, -9.582697066768734 ], [ -63.399240721743169, -9.582697171697754 ], [ -63.399240933163384, -9.582878063200159 ], [ -63.399696575984528, -9.5828775383055 ], [ -63.399696470153273, -9.582787092559578 ], [ -63.399331955994946, -9.582787512519163 ], [ -63.399331850261234, -9.582697066768734 ] ], [ [ -63.400152218779546, -9.582877012812173 ], [ -63.400061090222643, -9.582877117958734 ], [ -63.400061196151462, -9.582967563700139 ], [ -63.400152324732503, -9.58296745855257 ], [ -63.400152218779546, -9.582877012812173 ] ], [ [ -63.399969961664681, -9.582877223081342 ], [ -63.399878833105682, -9.582877328180011 ], [ -63.399878938986241, -9.582967773923439 ], [ -63.399970067569363, -9.582967668823764 ], [ -63.399969961664681, -9.582877223081342 ] ] ] } },
{ "type": "Feature", "properties": { "area_m2": 6400.0 }, "geometry": { "type": "Polygon", "coordinates": [ [ [ -63.400335641961036, -9.583871705543409 ], [ -63.400335747973742, -9.583962151276593 ], [ -63.400426876817065, -9.583962046046059 ], [ -63.400427619104342, -9.584595166158065 ], [ -63.400336490092108, -9.584595271395678 ], [ -63.400336596113199, -9.584685717125085 ], [ -63.400154338037325, -9.584685927530476 ], [ -63.400154232064502, -9.584595481799044 ], [ -63.399880845015232, -9.584595797224461 ], [ -63.399880739115844, -9.584505351489526 ], [ -63.399789610121459, -9.58450545658242 ], [ -63.399789504247245, -9.584415010846005 ], [ -63.399698375275953, -9.584415115913938 ], [ -63.399698586977159, -9.584596007388317 ], [ -63.399607457956556, -9.584596112434319 ], [ -63.399607246303603, -9.584415220957922 ], [ -63.399424988355776, -9.584415430974033 ], [ -63.39942488257914, -9.58432498523311 ], [ -63.399242624675395, -9.584325195151406 ], [ -63.399242518948071, -9.584234749407994 ], [ -63.399151390018766, -9.584234854330205 ], [ -63.399151284316602, -9.584144408585312 ], [ -63.399060155410389, -9.584144513482565 ], [ -63.39905983838257, -9.583873176242035 ], [ -63.3991509672164, -9.583873071347801 ], [ -63.399151072915416, -9.58396351709411 ], [ -63.399424459483015, -9.583963202264693 ], [ -63.399424671028989, -9.584144093749847 ], [ -63.399333542125909, -9.584144198718953 ], [ -63.399333647876325, -9.58423464446183 ], [ -63.399789292501957, -9.584234119371759 ], [ -63.399789080760854, -9.584053227895621 ], [ -63.399971338507264, -9.584053017695982 ], [ -63.399971232590005, -9.583962571959228 ], [ -63.400153490283977, -9.583962361665808 ], [ -63.400153384319509, -9.583871915930603 ], [ -63.400335641961036, -9.583871705543409 ] ], [ [ -63.399971444425546, -9.584143463432266 ], [ -63.399880315528733, -9.584143568545072 ], [ -63.399880421423937, -9.584234014281895 ], [ -63.399789292501957, -9.584234119371759 ], [ -63.399789398374075, -9.584324565109119 ], [ -63.399971656265272, -9.584324354903419 ], [ -63.399971868109184, -9.584505246372682 ], [ -63.400154126092708, -9.584505036067139 ], [ -63.400154020121967, -9.584414590334765 ], [ -63.400245149088029, -9.584414485147077 ], [ -63.400245043094216, -9.584324039415241 ], [ -63.4000627852093, -9.584324249764643 ], [ -63.400062679264785, -9.584233804030315 ], [ -63.399971550344887, -9.584233909168081 ], [ -63.399971444425546, -9.584143463432266 ] ] ] } },
{ "type": "Feature", "properties": { "area_m2": 9600.0 }, "geometry": { "type": "Polygon", "coordinates": [ [ [ -63.37308679483484, -9.582726296670048 ], [ -63.373086893619877, -9.582816742701372 ], [ -63.373178022452031, -9.582816644644044 ], [ -63.373178714143528, -9.583449766843497 ], [ -63.373087585142478, -9.583449864907424 ], [ -63.373087683935317, -9.583540310934969 ], [ -63.373178812960496, -9.583540212870103 ], [ -63.373178911778453, -9.583630658896237 ], [ -63.373087782729144, -9.583630756962048 ], [ -63.373089758810558, -9.585439677404496 ], [ -63.372998629277632, -9.585439775465195 ], [ -63.372998728067806, -9.585530221483305 ], [ -63.373089857624869, -9.585530123421663 ], [ -63.373090055256434, -9.585711015454581 ], [ -63.372998925651103, -9.585711113518109 ], [ -63.372999222033364, -9.585982451566776 ], [ -63.372908092354656, -9.585982549609177 ], [ -63.372907796044792, -9.585711211557685 ], [ -63.372725536829265, -9.58571140756497 ], [ -63.372725438109526, -9.585620961544981 ], [ -63.372816567693647, -9.585620863554256 ], [ -63.372815876513897, -9.5849877414077 ], [ -63.372998135341341, -9.58498754536757 ], [ -63.372998036557014, -9.584897099346628 ], [ -63.372906907167909, -9.584897197377728 ], [ -63.3729068084087, -9.584806751355371 ], [ -63.372815679042752, -9.584806849361577 ], [ -63.372814494297771, -9.583721497045216 ], [ -63.372905623374137, -9.583721399050308 ], [ -63.372904537215859, -9.582726492710984 ], [ -63.37308679483484, -9.582726296670048 ] ] ] } },
{ "type": "Feature", "properties": { "area_m2": 5900.0 }, "geometry": { "type": "Polygon", "coordinates": [ [ [ -63.446265610792054, -9.584720086104863 ], [ -63.446265728977906, -9.584810531294558 ], [ -63.446356857504362, -9.584810413982389 ], [ -63.44635744857176, -9.585262639918117 ], [ -63.446448577217723, -9.585262522576359 ], [ -63.446448813701124, -9.585443412945088 ], [ -63.446357685006895, -9.585443530289099 ], [ -63.446357803226221, -9.585533975473885 ], [ -63.44644893194458, -9.585533858128748 ], [ -63.446449286681933, -9.585805193676883 ], [ -63.446358157891169, -9.585805311025403 ], [ -63.446358276115156, -9.585895756208297 ], [ -63.446084889663453, -9.58589610811352 ], [ -63.446084771511863, -9.585805662927244 ], [ -63.445902513919826, -9.585805897408703 ], [ -63.445902277716698, -9.585625007030229 ], [ -63.445993406465035, -9.58562488980373 ], [ -63.445993288341079, -9.585534444614909 ], [ -63.446084417064121, -9.585534327365584 ], [ -63.44608418077145, -9.585353436988783 ], [ -63.445901923420756, -9.58535367145898 ], [ -63.445901451042488, -9.584991890690697 ], [ -63.445810322461917, -9.584992007885363 ], [ -63.445810204394412, -9.584901562690986 ], [ -63.445992461506108, -9.584901328279955 ], [ -63.445992343391488, -9.584810883087357 ], [ -63.446174600450263, -9.584810648582774 ], [ -63.446174482288548, -9.584720203391955 ], [ -63.446265610792054, -9.584720086104863 ] ] ] } },
{ "type": "Feature", "properties": { "area_m2": 14500.0 }, "geometry": { "type": "Polygon", "coordinates": [ [ [ -63.445353146323349, -9.583816805862535 ], [ -63.445353264256227, -9.583907251068206 ], [ -63.44544439255305, -9.583907134006795 ], [ -63.445444510511209, -9.58399757921087 ], [ -63.445626767149626, -9.58399734501395 ], [ -63.445626885157218, -9.584087790215301 ], [ -63.445718013498805, -9.584087673079795 ], [ -63.445718367600975, -9.584359008677639 ], [ -63.445627239186997, -9.584359125816523 ], [ -63.445627357199264, -9.584449571015984 ], [ -63.445445100319546, -9.584449805224153 ], [ -63.445445218284704, -9.584540250425395 ], [ -63.445354089818963, -9.584540367494679 ], [ -63.44535420776117, -9.584630812696572 ], [ -63.445263079270127, -9.584630929743028 ], [ -63.445262961352071, -9.584540484540014 ], [ -63.445171832884007, -9.584540601561395 ], [ -63.445172186569295, -9.584811937172404 ], [ -63.444989929484869, -9.584812171150061 ], [ -63.444990047334045, -9.584902616355036 ], [ -63.444807790196698, -9.584902850239136 ], [ -63.444807907998765, -9.584993295445884 ], [ -63.444716779404217, -9.58499341235313 ], [ -63.444717014963565, -9.585174302767456 ], [ -63.444808143606387, -9.58517418585796 ], [ -63.444808261411929, -9.585264631063293 ], [ -63.444899390077708, -9.585264514128724 ], [ -63.44489927224803, -9.585174068924516 ], [ -63.445081529527826, -9.58517383498577 ], [ -63.445081411651039, -9.585083389783337 ], [ -63.445172540265062, -9.585083272779157 ], [ -63.44517277606807, -9.585264163181302 ], [ -63.445263904729195, -9.585264046150924 ], [ -63.44526402265658, -9.585354491350165 ], [ -63.445537408705356, -9.585354140111942 ], [ -63.445537644708416, -9.585535030502255 ], [ -63.445628773437285, -9.58553491337269 ], [ -63.445628891464693, -9.585625358566014 ], [ -63.445537762711702, -9.585625475696702 ], [ -63.445538234736475, -9.585987256469769 ], [ -63.445447105885762, -9.585987373581005 ], [ -63.445446869919316, -9.585806483193164 ], [ -63.445264612310957, -9.585806717339276 ], [ -63.445264730245327, -9.585897162535678 ], [ -63.444991343751653, -9.585897513578562 ], [ -63.444991225889687, -9.585807068378784 ], [ -63.444900097080257, -9.585807185344049 ], [ -63.444899861408089, -9.585626294940829 ], [ -63.444808732645775, -9.58562641187989 ], [ -63.444808850457143, -9.585716857082859 ], [ -63.444717721669534, -9.585716973999091 ], [ -63.444717486096216, -9.585536083590435 ], [ -63.444626357355716, -9.585536200480469 ], [ -63.444625415302077, -9.584812638817969 ], [ -63.44471654384953, -9.584812521936914 ], [ -63.444716308299476, -9.584631631518814 ], [ -63.444898565294359, -9.584631397689355 ], [ -63.444898329652446, -9.584450507273854 ], [ -63.444807201203844, -9.584450624198315 ], [ -63.444806612240093, -9.583998398145685 ], [ -63.444897740568031, -9.583998281226844 ], [ -63.444897622754638, -9.583907836016024 ], [ -63.445079879358758, -9.583907602108743 ], [ -63.445079761498278, -9.583817156899698 ], [ -63.445353146323349, -9.583816805862535 ] ], [ [ -63.44526260760486, -9.584269148928128 ], [ -63.445080350812354, -9.584269382940196 ], [ -63.445080586546133, -9.584450273353088 ], [ -63.445171714991233, -9.58445015635678 ], [ -63.445171597099623, -9.584359711151693 ], [ -63.445262725519434, -9.584359594132559 ], [ -63.44526260760486, -9.584269148928128 ] ] ] } },
{ "type": "Feature", "properties": { "area_m2": 8900.0 }, "geometry": { "type": "Polygon", "coordinates": [ [ [ -63.38384263013937, -9.585066154441792 ], [ -63.383842731797557, -9.585156600348064 ], [ -63.384116119822657, -9.585156297551434 ], [ -63.38411632328684, -9.585337189356748 ], [ -63.384207452674794, -9.585337088374692 ], [ -63.384207554432528, -9.585427534275668 ], [ -63.384389813253698, -9.585427332237758 ], [ -63.38439052592387, -9.586060453517801 ], [ -63.384299396344836, -9.586060554555525 ], [ -63.384299498134752, -9.586151000451755 ], [ -63.384117238925391, -9.586151202457287 ], [ -63.384117137183758, -9.586060756559116 ], [ -63.383661489263481, -9.586061261148878 ], [ -63.383661387643535, -9.585970815245386 ], [ -63.383570258080596, -9.585970916090504 ], [ -63.383569851707371, -9.585609132467942 ], [ -63.383478722239978, -9.585609233285233 ], [ -63.383478315979346, -9.585247449651247 ], [ -63.38356944535019, -9.58524734883783 ], [ -63.383569343763412, -9.585156902929123 ], [ -63.383660473109131, -9.585156802092722 ], [ -63.383660371499211, -9.585066356184512 ], [ -63.38384263013937, -9.585066154441792 ] ] ] } },
{ "type": "Feature", "properties": { "area_m2": 12900.0 }, "geometry": { "type": "Polygon", "coordinates": [ [ [ -63.381382542191417, -9.585430653611148 ], [ -63.381382643201981, -9.585521099541623 ], [ -63.381564902133526, -9.585520898986895 ], [ -63.381565003193359, -9.585611344914971 ], [ -63.381656132681769, -9.585611244600713 ], [ -63.381656031597807, -9.585520798673601 ], [ -63.38229393781976, -9.585520095809837 ], [ -63.382294039072669, -9.585610541730196 ], [ -63.382385168553078, -9.585610441224308 ], [ -63.38238526983114, -9.585700887143229 ], [ -63.382476399334678, -9.585700786612421 ], [ -63.382476601942052, -9.585881678446913 ], [ -63.382294342837412, -9.585881879488442 ], [ -63.382294444094327, -9.585972325406914 ], [ -63.382385573671286, -9.58597222489716 ], [ -63.382385674953326, -9.586062670814195 ], [ -63.382567934152512, -9.586062469720897 ], [ -63.382568339483811, -9.586424253376585 ], [ -63.382477209788163, -9.586424353939075 ], [ -63.38247731109935, -9.586514799852781 ], [ -63.382386181378585, -9.586514900392284 ], [ -63.382386586536782, -9.586876684046256 ], [ -63.382204326899128, -9.586876885061114 ], [ -63.382204225656352, -9.586786439146399 ], [ -63.382113095860163, -9.586786539616927 ], [ -63.382113197078809, -9.586876985532609 ], [ -63.382022067257481, -9.586877085980143 ], [ -63.382021864869472, -9.586696194146381 ], [ -63.382112994642519, -9.586696093700773 ], [ -63.382112792210251, -9.586515201867051 ], [ -63.382021662485471, -9.586515302310726 ], [ -63.382021763676967, -9.58660574822879 ], [ -63.381930633927063, -9.586605848649477 ], [ -63.381930532759704, -9.586515402730447 ], [ -63.381839403032927, -9.586515503126211 ], [ -63.381839301890686, -9.586425057205746 ], [ -63.381930431593332, -9.586424956810946 ], [ -63.381930229263602, -9.586244064970533 ], [ -63.382021358916958, -9.586243964553709 ], [ -63.382021257729455, -9.586153518633758 ], [ -63.382112387357687, -9.586153418193939 ], [ -63.382112083728771, -9.58588208043415 ], [ -63.381838695058313, -9.585882381673054 ], [ -63.381838796194543, -9.58597282759635 ], [ -63.381656537027638, -9.585973028304439 ], [ -63.381656840297509, -9.586244366077281 ], [ -63.381747969953878, -9.586244265732319 ], [ -63.381748172187052, -9.58642515757659 ], [ -63.381474783070161, -9.586425458545385 ], [ -63.381474884115839, -9.586515904469705 ], [ -63.381292624651302, -9.586516104997713 ], [ -63.381292523653897, -9.58642565907147 ], [ -63.381201393944281, -9.586425759298576 ], [ -63.381201192000738, -9.586244867442744 ], [ -63.381383451322442, -9.586244666968426 ], [ -63.381383249286344, -9.586063775114557 ], [ -63.381292119674256, -9.586063875361766 ], [ -63.381291917690419, -9.585882983504085 ], [ -63.381200788125611, -9.585883083725417 ], [ -63.381200485229748, -9.585611745932464 ], [ -63.381291614722144, -9.585611645714021 ], [ -63.381291412748283, -9.58543075385162 ], [ -63.381382542191417, -9.585430653611148 ] ], [ [ -63.381565205316029, -9.585792236769707 ], [ -63.38147407577835, -9.585792337061937 ], [ -63.381474277856732, -9.585973228916712 ], [ -63.381656537027638, -9.585973028304439 ], [ -63.381656435939675, -9.585882582379215 ], [ -63.38156530637886, -9.585882682696365 ], [ -63.381565205316029, -9.585792236769707 ] ], [ [ -63.382112589781968, -9.58633431003144 ], [ -63.38202146010547, -9.586334410473185 ], [ -63.38202156129497, -9.586424856392192 ], [ -63.382112690995612, -9.586424755949478 ], [ -63.382112589781968, -9.58633431003144 ] ] ] } },
{ "type": "Feature", "properties": { "area_m2": 48400.0 }, "geometry": { "type": "Polygon", "coordinates": [ [ [ -63.442165646705917, -9.585358456983888 ], [ -63.442165763813932, -9.585448902220755 ], [ -63.44225689256163, -9.585448785978567 ], [ -63.44225700969492, -9.585539231213845 ], [ -63.442348138465597, -9.585539114946588 ], [ -63.442348255624175, -9.585629560180276 ], [ -63.442439384417831, -9.585629443887949 ], [ -63.442439267235116, -9.58553899865538 ], [ -63.442530396003463, -9.585538882340218 ], [ -63.442530513210322, -9.585629327571668 ], [ -63.442712770791836, -9.585629094867251 ], [ -63.442712888048113, -9.585719540095996 ], [ -63.442804016861267, -9.585719423706736 ], [ -63.442804251425571, -9.585900314160574 ], [ -63.44289538028584, -9.585900197745124 ], [ -63.442895614903044, -9.586081088194833 ], [ -63.443169001621698, -9.586080738798056 ], [ -63.443169236388364, -9.586261629239164 ], [ -63.443351494291534, -9.586261396183728 ], [ -63.443351611724879, -9.586351841401333 ], [ -63.443442740698863, -9.586351724836566 ], [ -63.443442975617295, -9.586532615268121 ], [ -63.443534104638395, -9.586532498677157 ], [ -63.443534222123489, -9.586622943891106 ], [ -63.443625351167569, -9.586622827275066 ], [ -63.443625116150265, -9.586441936848935 ], [ -63.44380737413838, -9.586441703549468 ], [ -63.443807256583206, -9.586351258337936 ], [ -63.443989514518414, -9.586351024944891 ], [ -63.44398963212187, -9.586441470154181 ], [ -63.444080761111863, -9.586441353420607 ], [ -63.444080878740614, -9.586531798628306 ], [ -63.444354265776042, -9.58653144828048 ], [ -63.44435438347837, -9.586621893484338 ], [ -63.444627770575742, -9.586621542917547 ], [ -63.444628006128703, -9.586802433317111 ], [ -63.444536877049131, -9.586802550198911 ], [ -63.444537112558464, -9.586983440598834 ], [ -63.44462824168631, -9.586983323714788 ], [ -63.444628359466854, -9.587073768912919 ], [ -63.444537230314879, -9.587073885798086 ], [ -63.444537465831189, -9.587254776195172 ], [ -63.444264078223426, -9.587255126713666 ], [ -63.444264195910911, -9.587345571914867 ], [ -63.444355325138794, -9.587345455098204 ], [ -63.444355795996913, -9.587707235893802 ], [ -63.444173537346863, -9.587707469512143 ], [ -63.444173066681863, -9.587345688707574 ], [ -63.444081937451649, -9.587345805476321 ], [ -63.444082055092025, -9.587436250679293 ], [ -63.443990925836516, -9.587436367425205 ], [ -63.443991161072454, -9.587617257831976 ], [ -63.44371777315412, -9.587617607932687 ], [ -63.443717890701414, -9.587708053138728 ], [ -63.443626761368833, -9.587708169792171 ], [ -63.443626643845683, -9.58761772458501 ], [ -63.443535514536087, -9.587617841213371 ], [ -63.4435356320351, -9.58770828642165 ], [ -63.44344450270021, -9.587708403027177 ], [ -63.443444267751616, -9.587527512607904 ], [ -63.443353138463841, -9.587527629187228 ], [ -63.443353021015426, -9.587437183975766 ], [ -63.44326189175063, -9.587437300530013 ], [ -63.443262126600345, -9.587618190954712 ], [ -63.44307986797071, -9.58761842399581 ], [ -63.443079750593562, -9.587527978781459 ], [ -63.442988621301147, -9.58752809526495 ], [ -63.44298850394928, -9.587437650049011 ], [ -63.442897374679852, -9.587437766507433 ], [ -63.442898078663561, -9.587980437802708 ], [ -63.442806949248137, -9.587980554243877 ], [ -63.442807301183215, -9.588251889888495 ], [ -63.442625042204021, -9.588252122705665 ], [ -63.442625159469749, -9.588342567921826 ], [ -63.442442900437662, -9.588342800645393 ], [ -63.442443017656267, -9.588433245863319 ], [ -63.442351888114345, -9.58843336219028 ], [ -63.442351770919871, -9.588342916971238 ], [ -63.442169511880834, -9.588343149551042 ], [ -63.442169394735814, -9.588252704329296 ], [ -63.441896006241009, -9.588253053015952 ], [ -63.441895889169565, -9.58816260779038 ], [ -63.441804759693127, -9.58816272397023 ], [ -63.441804876740427, -9.58825316919692 ], [ -63.441531488231753, -9.588253517596058 ], [ -63.441531371256872, -9.588163072366026 ], [ -63.441349112293594, -9.588163304510088 ], [ -63.441348995368145, -9.588072859277355 ], [ -63.441257865908916, -9.588072975312333 ], [ -63.441257632109782, -9.587892084843215 ], [ -63.441166502697676, -9.587892200852007 ], [ -63.441166268951449, -9.587711310378772 ], [ -63.441257398315273, -9.587711194372211 ], [ -63.441257281419745, -9.587620749135997 ], [ -63.441439540095651, -9.587620517053228 ], [ -63.44143965703946, -9.587710962287211 ], [ -63.441621915759029, -9.58771073010638 ], [ -63.441621798766938, -9.587620284874626 ], [ -63.441895186765208, -9.587619936427036 ], [ -63.44189530382971, -9.587710381655441 ], [ -63.441986433184283, -9.587710265457211 ], [ -63.441986199008163, -9.587529375002159 ], [ -63.44225958692013, -9.587529026270417 ], [ -63.442259469761389, -9.587438581045534 ], [ -63.442350599038924, -9.587438464754824 ], [ -63.44235071622181, -9.587528909978587 ], [ -63.442532974821702, -9.587528677323053 ], [ -63.44253309205402, -9.587619122544117 ], [ -63.44262422137637, -9.587619006179295 ], [ -63.442624104119901, -9.587528560959349 ], [ -63.442715233416948, -9.587528444571689 ], [ -63.442714881582091, -9.587257108912382 ], [ -63.442623752357463, -9.587257225296687 ], [ -63.442623517854948, -9.587076334852554 ], [ -63.442532388677442, -9.587076451210667 ], [ -63.442532037004781, -9.586805115537565 ], [ -63.442714295213825, -9.586804882804085 ], [ -63.442714177943643, -9.586714437581008 ], [ -63.442623048863844, -9.586714553958608 ], [ -63.442622931618956, -9.586624108733943 ], [ -63.442531802562129, -9.586624225086473 ], [ -63.442531568124103, -9.586443334633486 ], [ -63.442167052078332, -9.586443799795097 ], [ -63.442167169200211, -9.5865342450263 ], [ -63.441620394952025, -9.586534942056756 ], [ -63.441620277974948, -9.586444496818864 ], [ -63.441802536014031, -9.586444264573428 ], [ -63.441802301966824, -9.586263374100687 ], [ -63.441893430936361, -9.586263257944271 ], [ -63.441893196845498, -9.586082367471869 ], [ -63.441802067924229, -9.586082483626058 ], [ -63.441801716869016, -9.585811147910569 ], [ -63.441710588019006, -9.585811264037453 ], [ -63.441710471027051, -9.585720818796897 ], [ -63.441619342200013, -9.585720934898715 ], [ -63.441619108267822, -9.585540044413955 ], [ -63.441710237046593, -9.585539928314367 ], [ -63.441710003070767, -9.585359037829949 ], [ -63.441801131800105, -9.585358921708643 ], [ -63.441801482837988, -9.585630257431216 ], [ -63.441983740438005, -9.585630025110047 ], [ -63.441983506315069, -9.585449134633269 ], [ -63.442074635065076, -9.585449018438988 ], [ -63.442074517981212, -9.585358573201006 ], [ -63.442165646705917, -9.585358456983888 ] ], [ [ -63.44207510341213, -9.585810799386191 ], [ -63.441983974565581, -9.585810915584938 ], [ -63.441984208697775, -9.585991806057937 ], [ -63.442075337592591, -9.585991689856961 ], [ -63.442075454684563, -9.586082135091635 ], [ -63.442166583602358, -9.586082018865586 ], [ -63.442166349371298, -9.585901128397998 ], [ -63.442075220501785, -9.585901244621812 ], [ -63.44207510341213, -9.585810799386191 ] ], [ [ -63.442166700719604, -9.586172464098674 ], [ -63.442075571777679, -9.58617258032584 ], [ -63.442075688871959, -9.586263025559573 ], [ -63.442166817838022, -9.586262909331287 ], [ -63.442166700719604, -9.586172464098674 ] ], [ [ -63.44225794680294, -9.586262793079053 ], [ -63.442166817838022, -9.586262909331287 ], [ -63.442166934957598, -9.58635335456343 ], [ -63.442258063946639, -9.586353238310076 ], [ -63.44225794680294, -9.586262793079053 ] ], [ [ -63.443351729159374, -9.586442286618469 ], [ -63.443260600160094, -9.586442403160401 ], [ -63.443260834984301, -9.586623293595494 ], [ -63.443443093078258, -9.586623060483191 ], [ -63.443442975617295, -9.586532615268121 ], [ -63.443351846595036, -9.586532731835131 ], [ -63.443351729159374, -9.586442286618469 ] ], [ [ -63.444172243062845, -9.586712572281384 ], [ -63.444081114001605, -9.58671268904228 ], [ -63.444081231633831, -9.58680313424856 ], [ -63.444172360719222, -9.586803017486542 ], [ -63.444172243062845, -9.586712572281384 ] ], [ [ -63.443443210540366, -9.586713505697787 ], [ -63.44335208146984, -9.586713622267036 ], [ -63.443352198908968, -9.58680406748228 ], [ -63.442987682518705, -9.586804533524191 ], [ -63.442987799862443, -9.586894978743441 ], [ -63.443078928985898, -9.58689486226778 ], [ -63.443079046354939, -9.586985307485435 ], [ -63.442896788058611, -9.586985540415041 ], [ -63.442897022703626, -9.587166430853413 ], [ -63.44298815190065, -9.587166314398349 ], [ -63.442988386598579, -9.587347204832598 ], [ -63.443079515842712, -9.587347088351343 ], [ -63.443079398469038, -9.587256643135573 ], [ -63.443261656905548, -9.587256410103427 ], [ -63.443261539484745, -9.587165964889424 ], [ -63.443352668677129, -9.587165848338532 ], [ -63.443352551233353, -9.587075403125182 ], [ -63.443443680400442, -9.587075286551453 ], [ -63.443443210540366, -9.586713505697787 ] ], [ [ -63.443534809566358, -9.587075169953769 ], [ -63.443443680400442, -9.587075286551453 ], [ -63.443443915337426, -9.587256176975449 ], [ -63.443626173764663, -9.587255943751643 ], [ -63.443626056247304, -9.58716549854212 ], [ -63.443534927058415, -9.58716561516488 ], [ -63.443534809566358, -9.587075169953769 ] ], [ [ -63.44143977398442, -9.587801407520722 ], [ -63.441348644598769, -9.587801523576315 ], [ -63.441348878443868, -9.587982414044149 ], [ -63.441440007877809, -9.587982297986324 ], [ -63.44143977398442, -9.587801407520722 ] ] ] } },
{ "type": "Feature", "properties": { "area_m2": 10700.0 }, "geometry": { "type": "Polygon", "coordinates": [ [ [ -63.447545914441704, -9.588155357846475 ], [ -63.447546507294312, -9.588607583621442 ], [ -63.447455377769302, -9.588607701292442 ], [ -63.447455496319179, -9.588698146447149 ], [ -63.447273237217345, -9.588698381719521 ], [ -63.447273118715735, -9.588607936562555 ], [ -63.447181989187207, -9.588608054161671 ], [ -63.447182344623108, -9.58887938963454 ], [ -63.447455733422487, -9.588879036755143 ], [ -63.447455851975896, -9.588969481908432 ], [ -63.447546981597483, -9.588969364232915 ], [ -63.447547337337141, -9.589240699686556 ], [ -63.447365077947929, -9.589240935020412 ], [ -63.447365196481869, -9.58933138017294 ], [ -63.447274066761366, -9.589331497805054 ], [ -63.447274185272327, -9.589421942958237 ], [ -63.446636277027025, -9.589422765719982 ], [ -63.446636158685067, -9.589332320558897 ], [ -63.4465450289552, -9.589332437999307 ], [ -63.446544674008756, -9.589061102509829 ], [ -63.446453544350156, -9.589061219922897 ], [ -63.446453307773325, -9.588880329591957 ], [ -63.446544437383643, -9.588880212181147 ], [ -63.446544082454722, -9.588608876684582 ], [ -63.446635211991435, -9.588608759253189 ], [ -63.446635093659992, -9.58851831408785 ], [ -63.44672622317141, -9.588518196633624 ], [ -63.44672598646374, -9.588337306303785 ], [ -63.44681711592569, -9.588337188827857 ], [ -63.446817234303083, -9.588427633991886 ], [ -63.447090622754367, -9.588427281416957 ], [ -63.447090504304541, -9.588336836256317 ], [ -63.447181633761822, -9.58833671868455 ], [ -63.447181870710907, -9.588517609003102 ], [ -63.447273000215304, -9.588517491405115 ], [ -63.447272881716025, -9.588427046247205 ], [ -63.447364011195113, -9.588426928626387 ], [ -63.447363892672875, -9.588336483469133 ], [ -63.447455022126647, -9.588336365825487 ], [ -63.447454903581431, -9.588245920668893 ], [ -63.44736377415181, -9.588246038311409 ], [ -63.447363655631911, -9.588155593153212 ], [ -63.447545914441704, -9.588155357846475 ] ], [ [ -63.446818062977549, -9.589060750126855 ], [ -63.446635803666197, -9.589060985072802 ], [ -63.446635922004646, -9.589151430235301 ], [ -63.446818181364286, -9.589151195287101 ], [ -63.446818062977549, -9.589060750126855 ] ] ] } },
{ "type": "Feature", "properties": { "area_m2": 5000.0 }, "geometry": { "type": "Polygon", "coordinates": [ [ [ -63.423761325431748, -9.588366146435041 ], [ -63.423761774516663, -9.588727928200793 ], [ -63.42385290436215, -9.588727816758562 ], [ -63.423853016660296, -9.58881826219775 ], [ -63.423944146528825, -9.588818150730487 ], [ -63.42394425885221, -9.588908596168132 ], [ -63.424126518634225, -9.588908373159583 ], [ -63.424126743380924, -9.589089264029171 ], [ -63.424035613442179, -9.589089375547569 ], [ -63.424035725793047, -9.589179820982725 ], [ -63.42394459582907, -9.589179932478231 ], [ -63.423944708156895, -9.589270377913987 ], [ -63.424035838145024, -9.58927026641741 ], [ -63.424035950498116, -9.589360711851624 ], [ -63.423853690472448, -9.589360934822956 ], [ -63.423853802778353, -9.589451380258833 ], [ -63.42376267273972, -9.589451491709626 ], [ -63.423762560457959, -9.589361046272677 ], [ -63.423671430442347, -9.589361157698434 ], [ -63.423671318185846, -9.589270712259941 ], [ -63.4234890581996, -9.58927093503743 ], [ -63.423488945992496, -9.589180489596325 ], [ -63.423580075962022, -9.589180378220631 ], [ -63.423579739274899, -9.588909041897692 ], [ -63.423306349580265, -9.58890937594326 ], [ -63.423306237425884, -9.588818930498126 ], [ -63.423215107549595, -9.588819041797656 ], [ -63.423214995420452, -9.588728596350983 ], [ -63.423306125272589, -9.588728485052522 ], [ -63.423306013120403, -9.588638039606446 ], [ -63.423670532421312, -9.588637594177261 ], [ -63.423670307927139, -9.588456703292245 ], [ -63.423579178151854, -9.58845681468334 ], [ -63.423579065930575, -9.588366369239056 ], [ -63.423761325431748, -9.588366146435041 ] ] ] } },
{ "type": "Feature", "properties": { "area_m2": 84900.0 }, "geometry": { "type": "Polygon", "coordinates": [ [ [ -63.404530244941, -9.58612798221726 ], [ -63.40453099500737, -9.586761101929786 ], [ -63.404622124550414, -9.586760995565905 ], [ -63.404622338912894, -9.586941886906052 ], [ -63.404531209321583, -9.586941993271974 ], [ -63.404531637962684, -9.587303775950685 ], [ -63.404622767650558, -9.587303669580672 ], [ -63.404622874837614, -9.587394115248147 ], [ -63.404714004548566, -9.587394008853156 ], [ -63.404714111760825, -9.587484454519135 ], [ -63.404531852289587, -9.587484667287205 ], [ -63.40453174512561, -9.58739422161918 ], [ -63.404440615412533, -9.587394327966255 ], [ -63.404440401136036, -9.587213436626744 ], [ -63.404258141803282, -9.587213649244934 ], [ -63.404258355983231, -9.587394540588528 ], [ -63.404349485698418, -9.587394434289369 ], [ -63.404349592814114, -9.587484879959439 ], [ -63.404076203592993, -9.5874851987881 ], [ -63.404076310637315, -9.587575644460754 ], [ -63.404167440402894, -9.587575538207473 ], [ -63.404167654543031, -9.58775642954933 ], [ -63.404258784355832, -9.58775632327005 ], [ -63.404258677261097, -9.587665877600376 ], [ -63.404714326188518, -9.587665345849683 ], [ -63.404714755056609, -9.588027128505106 ], [ -63.404623625176683, -9.58802723490725 ], [ -63.404623303596445, -9.587755897913324 ], [ -63.404532173787878, -9.587756004288442 ], [ -63.40453249529569, -9.588027341285436 ], [ -63.404441365413653, -9.588027447639659 ], [ -63.404441686858561, -9.588298784635466 ], [ -63.404623946766449, -9.588298571896928 ], [ -63.404623839568806, -9.588208126234173 ], [ -63.404806099424164, -9.588207913401837 ], [ -63.404805992179291, -9.588117467740656 ], [ -63.405079381881968, -9.588117148315517 ], [ -63.405079489199267, -9.588207593973632 ], [ -63.405352878964841, -9.588207274329781 ], [ -63.405352771575117, -9.588116828674737 ], [ -63.405443901470719, -9.58811672207989 ], [ -63.405444116299485, -9.588297613387459 ], [ -63.405535246242316, -9.588297506766606 ], [ -63.405535138803252, -9.588207061114081 ], [ -63.405626268720859, -9.588206954470291 ], [ -63.405626161258724, -9.58811650881832 ], [ -63.405899550932773, -9.588116188746261 ], [ -63.405899658467341, -9.588206634395158 ], [ -63.406173048204252, -9.588206314104383 ], [ -63.406173155812304, -9.588296759749735 ], [ -63.40626428574663, -9.588296652937196 ], [ -63.406264931562113, -9.588839326793213 ], [ -63.406173801482943, -9.588839433611904 ], [ -63.406173909098435, -9.58892987925395 ], [ -63.406265039201749, -9.588929772434229 ], [ -63.406265146842443, -9.589020218074776 ], [ -63.406174016714985, -9.58902032489552 ], [ -63.406174124332601, -9.589110770536617 ], [ -63.405991864026205, -9.589110984108274 ], [ -63.405992079168044, -9.589291875393151 ], [ -63.405900948964963, -9.589291982145088 ], [ -63.405901164062769, -9.589472873430129 ], [ -63.405992294314132, -9.589472766676145 ], [ -63.405992401888774, -9.589563212316932 ], [ -63.40590127161326, -9.589563319071942 ], [ -63.405901379164817, -9.589653764713285 ], [ -63.4058102488641, -9.589653871445353 ], [ -63.405810356392571, -9.589744317087247 ], [ -63.40571922606663, -9.589744423796379 ], [ -63.405719011059048, -9.58956353251007 ], [ -63.405627880780344, -9.589563639193187 ], [ -63.405627450874462, -9.589201856610803 ], [ -63.405536320691276, -9.589201963265861 ], [ -63.405536428142014, -9.589292408913192 ], [ -63.405445297933632, -9.589292515545308 ], [ -63.405445512789981, -9.589473406840597 ], [ -63.405354382532245, -9.5894735134508 ], [ -63.405354489937871, -9.589563959098758 ], [ -63.405172229370926, -9.589564172249322 ], [ -63.40517201465731, -9.589383280948839 ], [ -63.405080884420542, -9.589383387486128 ], [ -63.405080777089466, -9.589292941834154 ], [ -63.404989646875769, -9.589293048346459 ], [ -63.404989539569904, -9.589202602692986 ], [ -63.4048984093793, -9.589202709180306 ], [ -63.404898302098644, -9.589112263525344 ], [ -63.404807171931118, -9.589112369987678 ], [ -63.404807708224304, -9.589564598262882 ], [ -63.404898838512544, -9.589564491795439 ], [ -63.404898945798507, -9.589654937448044 ], [ -63.404990076109833, -9.589654830955611 ], [ -63.404990183420999, -9.589745276606719 ], [ -63.40517244408877, -9.58974506354792 ], [ -63.405172980901952, -9.590197291786142 ], [ -63.405081850447871, -9.590197398332643 ], [ -63.405082172476057, -9.59046873527298 ], [ -63.404991041948463, -9.590468841798579 ], [ -63.404991256590918, -9.590649733091825 ], [ -63.404900126013985, -9.590649839595503 ], [ -63.404900447913178, -9.59092117653489 ], [ -63.404809317262732, -9.590921283017671 ], [ -63.404809424540431, -9.591011728664212 ], [ -63.404718293864775, -9.59101183512405 ], [ -63.404718508375055, -9.591192726417756 ], [ -63.404809639099014, -9.591192619955876 ], [ -63.404809853661824, -9.591373511245651 ], [ -63.404627592116256, -9.591373724149534 ], [ -63.404627913823525, -9.591645061086785 ], [ -63.404354521279885, -9.591645380272039 ], [ -63.404354414115524, -9.5915549346237 ], [ -63.404081021634823, -9.591555253590172 ], [ -63.404080700365441, -9.591283916633119 ], [ -63.403989569608882, -9.591284022904278 ], [ -63.40398946254534, -9.591193577249964 ], [ -63.404080593277762, -9.591193470979825 ], [ -63.404079094161212, -9.589927231784104 ], [ -63.403987963766859, -9.589927338039956 ], [ -63.403987749672552, -9.589746446716685 ], [ -63.404078880018623, -9.589746340462872 ], [ -63.404078237616204, -9.589203666487844 ], [ -63.40398710741502, -9.589203772735534 ], [ -63.403986893337631, -9.589022881404707 ], [ -63.404078023490527, -9.589022775159057 ], [ -63.404077595251856, -9.588660992495814 ], [ -63.403986465195537, -9.588661098737383 ], [ -63.403986358162641, -9.588570653069372 ], [ -63.4038952281294, -9.588570759285957 ], [ -63.403895121121728, -9.588480313616452 ], [ -63.403803991111559, -9.588480419808061 ], [ -63.403804098095101, -9.588570865478582 ], [ -63.40371296805975, -9.588570971647249 ], [ -63.403712861100352, -9.588480525975704 ], [ -63.40362173108808, -9.588480632119387 ], [ -63.403621838023341, -9.588571077791949 ], [ -63.403530707985873, -9.588571183912695 ], [ -63.403530921811274, -9.588752075258439 ], [ -63.403439791724459, -9.588752181357258 ], [ -63.4034400055058, -9.588933072703156 ], [ -63.40353113564089, -9.588932966602297 ], [ -63.403531349474733, -9.589113857944268 ], [ -63.403622479657059, -9.589113751817411 ], [ -63.40362258659971, -9.589204197486666 ], [ -63.403531456393232, -9.589204303614544 ], [ -63.403531563312789, -9.589294749284349 ], [ -63.403258172614613, -9.589295067527258 ], [ -63.403257958921429, -9.589114176181065 ], [ -63.403166828734868, -9.589114282212071 ], [ -63.403166508275426, -9.588842945186185 ], [ -63.402984248044021, -9.588843157170205 ], [ -63.402984354814492, -9.588933602848007 ], [ -63.403075484954869, -9.588933496866959 ], [ -63.403075591750543, -9.589023942543276 ], [ -63.40298446158603, -9.58902404852534 ], [ -63.402984675132252, -9.589204939878583 ], [ -63.402802414703487, -9.589205151774895 ], [ -63.402801667648156, -9.588572032016026 ], [ -63.402983927738909, -9.588571820133959 ], [ -63.402983820972651, -9.588481374454268 ], [ -63.403074950992306, -9.58848126847831 ], [ -63.403074844202955, -9.588390822799163 ], [ -63.403257104190828, -9.588390610777404 ], [ -63.403256997354241, -9.588300165099824 ], [ -63.403165867384978, -9.588300271121664 ], [ -63.403165653763281, -9.588119379763047 ], [ -63.403074523841241, -9.58811948575889 ], [ -63.403074417056118, -9.588029040077855 ], [ -63.40298328715717, -9.588029146048724 ], [ -63.402983180397236, -9.587938700366196 ], [ -63.402709790766487, -9.587939018131992 ], [ -63.402709470710271, -9.587667681072425 ], [ -63.402618340903679, -9.587667786943385 ], [ -63.402618234244514, -9.587577341254903 ], [ -63.402709364026975, -9.587577235384957 ], [ -63.402709150663533, -9.58739634400861 ], [ -63.402800280396676, -9.587396238116744 ], [ -63.402800173692384, -9.587305792428877 ], [ -63.402709043983407, -9.587305898319725 ], [ -63.402708617273383, -9.586944115559474 ], [ -63.402799746885826, -9.586944009672692 ], [ -63.40279953348886, -9.586763118291767 ], [ -63.40289066305197, -9.586763012383059 ], [ -63.402890449610936, -9.586582121002282 ], [ -63.402799320096108, -9.586582226908952 ], [ -63.402799213401316, -9.586491781216838 ], [ -63.403254860844243, -9.586491251449011 ], [ -63.403255181293837, -9.586762588508671 ], [ -63.403346310851667, -9.586762482480186 ], [ -63.403346845076129, -9.587214710898417 ], [ -63.403437974753594, -9.587214604840879 ], [ -63.403438081625787, -9.587305050522092 ], [ -63.403529211326344, -9.587304944439577 ], [ -63.403529318223733, -9.587395390119298 ], [ -63.403802707391478, -9.587395071724943 ], [ -63.403802600421663, -9.587304626048281 ], [ -63.403984859813256, -9.58730441366763 ], [ -63.403984752796227, -9.587213967992534 ], [ -63.404075882466302, -9.587213861767291 ], [ -63.404075989507476, -9.587304307441368 ], [ -63.404167119200629, -9.587304201191147 ], [ -63.404166690945743, -9.586942418496101 ], [ -63.404257820541289, -9.586942312226002 ], [ -63.404257927627562, -9.587032757899454 ], [ -63.404349057246186, -9.58703265160438 ], [ -63.40434873591812, -9.586761314585678 ], [ -63.404166476824649, -9.586761527145743 ], [ -63.404166262707768, -9.586580635793501 ], [ -63.404075133207719, -9.586580742035554 ], [ -63.404074705083211, -9.586218959321322 ], [ -63.404165834486719, -9.586218853083345 ], [ -63.404165941540398, -9.586309298761591 ], [ -63.404257070966977, -9.586309192498641 ], [ -63.404256963889168, -9.586218746821416 ], [ -63.404439222690897, -9.58621853422569 ], [ -63.404439115565857, -9.586128088550035 ], [ -63.404530244941, -9.58612798221726 ] ], [ [ -63.403163838149112, -9.586581803138534 ], [ -63.403072708637438, -9.586581909117074 ], [ -63.403072815405693, -9.586672354805662 ], [ -63.403163944941497, -9.586672248826106 ], [ -63.403163838149112, -9.586581803138534 ] ], [ [ -63.403984966831352, -9.587394859342252 ], [ -63.403893837111944, -9.587394965545577 ], [ -63.403894051103009, -9.587575856895443 ], [ -63.403620661793596, -9.587576175367788 ], [ -63.403620768718291, -9.587666621045075 ], [ -63.403985287891949, -9.587666196363285 ], [ -63.403984966831352, -9.587394859342252 ] ], [ [ -63.403620768718291, -9.587666621045075 ], [ -63.403438509125138, -9.587666833242215 ], [ -63.403439150405795, -9.588209507308235 ], [ -63.403621410288643, -9.588209295098867 ], [ -63.403621303357625, -9.588118849424415 ], [ -63.40371243327332, -9.588118743284809 ], [ -63.403712326319209, -9.588028297610904 ], [ -63.403803456209708, -9.588028191448361 ], [ -63.403803242256359, -9.587847300101171 ], [ -63.403712112414134, -9.58784740626168 ], [ -63.403712005463184, -9.587756960586356 ], [ -63.403620875644044, -9.587757066721885 ], [ -63.403620768718291, -9.587666621045075 ] ], [ [ -63.404259105646382, -9.58802766027623 ], [ -63.404167975761162, -9.588027766558573 ], [ -63.404168189911864, -9.588208657895709 ], [ -63.404259319845366, -9.588208551611324 ], [ -63.404259105646382, -9.58802766027623 ] ], [ [ -63.40435055690304, -9.588298890968797 ], [ -63.4041682969888, -9.588299103563569 ], [ -63.404168511145855, -9.58847999489787 ], [ -63.404077381138869, -9.588480101161359 ], [ -63.404077488194829, -9.588570546828823 ], [ -63.40416861822596, -9.588570440564315 ], [ -63.40416872530713, -9.588660886230286 ], [ -63.404259855361339, -9.588660779940792 ], [ -63.404259534048585, -9.588389442944528 ], [ -63.404350664029309, -9.58838933663414 ], [ -63.40435055690304, -9.588298890968797 ] ], [ [ -63.405079703837039, -9.588388485288441 ], [ -63.404988573864777, -9.588388591790515 ], [ -63.404988681161107, -9.588479037448231 ], [ -63.405079811157513, -9.588478930945138 ], [ -63.405079703837039, -9.588388485288441 ] ], [ [ -63.404441794008982, -9.588389230299791 ], [ -63.404350664029309, -9.58838933663414 ], [ -63.404350771156651, -9.588479782299009 ], [ -63.404441901160467, -9.588479675963642 ], [ -63.404441794008982, -9.588389230299791 ] ], [ [ -63.403530494164706, -9.588390292565059 ], [ -63.40343936417446, -9.588390398659797 ], [ -63.403439471060388, -9.588480844334871 ], [ -63.403530601074763, -9.588480738239111 ], [ -63.403530494164706, -9.588390292565059 ] ], [ [ -63.405717828593168, -9.588568630401603 ], [ -63.405353308534323, -9.588569056945232 ], [ -63.405353523325424, -9.588749948250124 ], [ -63.40553578345353, -9.588749735022136 ], [ -63.405535890898967, -9.588840180671825 ], [ -63.405444760811285, -9.588840287298824 ], [ -63.405445190507038, -9.589202069896956 ], [ -63.405536320691276, -9.589201963265861 ], [ -63.405536105793004, -9.589021071969789 ], [ -63.405627235927895, -9.589020965316781 ], [ -63.405627128456203, -9.588930519669059 ], [ -63.405718258565891, -9.588930412993111 ], [ -63.405717828593168, -9.588568630401603 ] ], [ [ -63.404442115466594, -9.588660567289928 ], [ -63.404350985414503, -9.588660673627343 ], [ -63.404351092545014, -9.588751119290798 ], [ -63.404442222621256, -9.588751012952363 ], [ -63.404442115466594, -9.588660567289928 ] ], [ [ -63.404806850167908, -9.588841033016882 ], [ -63.404715720071756, -9.588841139452185 ], [ -63.404715827300969, -9.588931585110609 ], [ -63.404806957421251, -9.588931478674287 ], [ -63.404806850167908, -9.588841033016882 ] ], [ [ -63.40426006957513, -9.588841671269277 ], [ -63.40416893947264, -9.588841777560807 ], [ -63.404169153642378, -9.589022668889445 ], [ -63.404351413942884, -9.589022456278336 ], [ -63.404351306809211, -9.588932010616293 ], [ -63.404260176683614, -9.588932116932808 ], [ -63.40426006957513, -9.588841671269277 ] ], [ [ -63.405262822758132, -9.589111837436386 ], [ -63.405171692594841, -9.58911194399457 ], [ -63.405171907302091, -9.589292835297888 ], [ -63.40526303751367, -9.589292728737661 ], [ -63.405262822758132, -9.589111837436386 ] ], [ [ -63.404899589536519, -9.590197611353741 ], [ -63.404808459079241, -9.590197717828346 ], [ -63.404808566348478, -9.590288163478661 ], [ -63.404899696829879, -9.59028805700304 ], [ -63.404899589536519, -9.590197611353741 ] ], [ [ -63.404627484882624, -9.591283278502837 ], [ -63.404445223381124, -9.591283491308802 ], [ -63.404445330566467, -9.591373936957545 ], [ -63.404627592116256, -9.591373724149534 ], [ -63.404627484882624, -9.591283278502837 ] ] ] } },
{ "type": "Feature", "properties": { "area_m2": 188700.0 }, "geometry": { "type": "Polygon", "coordinates": [ [ [ -63.423845158467927, -9.582487080314177 ], [ -63.423845270689569, -9.582577525785943 ], [ -63.424483168088919, -9.582576745529304 ], [ -63.424483392873285, -9.58275763645643 ], [ -63.424574521117009, -9.582757524893267 ], [ -63.424574633534988, -9.582847970355052 ], [ -63.424483505267141, -9.582848081919284 ], [ -63.424485078897689, -9.584114318349677 ], [ -63.424576207503335, -9.584114206770437 ], [ -63.424576319937977, -9.584204652225139 ], [ -63.4244851913082, -9.584204763805452 ], [ -63.424486652745877, -9.585380554687537 ], [ -63.424395523801259, -9.585380666257834 ], [ -63.424395636203187, -9.585471111708069 ], [ -63.424486765171935, -9.5854710001367 ], [ -63.424489351277714, -9.587551245337103 ], [ -63.424307092228815, -9.587551468505195 ], [ -63.424307429445435, -9.587822804823695 ], [ -63.424489688639156, -9.587822581649174 ], [ -63.424489801095199, -9.587913027085587 ], [ -63.423851893728752, -9.587913807784624 ], [ -63.423852006016908, -9.588004253228064 ], [ -63.423305228086143, -9.588004921470676 ], [ -63.423305340230577, -9.58809536692006 ], [ -63.423123080863178, -9.588095589478058 ], [ -63.423123192960432, -9.588186034929107 ], [ -63.423032063250929, -9.588186146173236 ], [ -63.423032399476909, -9.588457482526755 ], [ -63.422941269693872, -9.588457593750128 ], [ -63.4229417179141, -9.588819375552479 ], [ -63.423032847793714, -9.588819264324835 ], [ -63.423032959875684, -9.588909709773173 ], [ -63.422941829971926, -9.588909821001888 ], [ -63.422942278214293, -9.589271602794796 ], [ -63.423033408214607, -9.589271491561806 ], [ -63.423033968663177, -9.589723718786969 ], [ -63.423125098783117, -9.589723607524677 ], [ -63.423124762438214, -9.589452271194201 ], [ -63.423215892484613, -9.589452159911152 ], [ -63.423215780347718, -9.589361714467787 ], [ -63.423306910368858, -9.589361603161842 ], [ -63.423307022529897, -9.589452048604141 ], [ -63.423489282617162, -9.589451825918225 ], [ -63.423489394827584, -9.58954227135791 ], [ -63.423580524893701, -9.589542159977938 ], [ -63.423580412659113, -9.589451714539322 ], [ -63.423671542699978, -9.589451603136455 ], [ -63.423671767218536, -9.589632494011083 ], [ -63.423580637129383, -9.589632605416085 ], [ -63.423580861604087, -9.58981349629096 ], [ -63.423854252013079, -9.589813161997634 ], [ -63.423853915085367, -9.589541825694239 ], [ -63.423945045147043, -9.589541714218415 ], [ -63.423945157479316, -9.589632159652284 ], [ -63.424036287564029, -9.589632048151421 ], [ -63.424036175207611, -9.589541602718626 ], [ -63.424127305267078, -9.589541491194872 ], [ -63.424127530029295, -9.589722382057849 ], [ -63.423945269812698, -9.589722605085672 ], [ -63.423945382147181, -9.589813050518595 ], [ -63.424218772542865, -9.589812715937695 ], [ -63.424218660135942, -9.589722270507991 ], [ -63.424309790241459, -9.589722158934167 ], [ -63.424309902672526, -9.589812604362804 ], [ -63.424401032801093, -9.589812492763947 ], [ -63.42440114525742, -9.589902938191038 ], [ -63.424492275409015, -9.589902826567146 ], [ -63.424491937970942, -9.589631490287669 ], [ -63.424583068048989, -9.589631378643027 ], [ -63.42458250555368, -9.589179151506475 ], [ -63.425493805065834, -9.589178033795729 ], [ -63.425494030543511, -9.5893589246303 ], [ -63.42558516053689, -9.589358812725283 ], [ -63.425585498834188, -9.58963014897037 ], [ -63.425494368768362, -9.589630260878607 ], [ -63.425495045248134, -9.590172933362474 ], [ -63.425677305668408, -9.59017270950913 ], [ -63.425677531267148, -9.590353600329008 ], [ -63.425495270750297, -9.590353824186652 ], [ -63.425495157998654, -9.5902633787748 ], [ -63.425404027762696, -9.590263490666597 ], [ -63.425404591411287, -9.590715717726505 ], [ -63.42549572176798, -9.590715605829335 ], [ -63.425495834525179, -9.590806051238824 ], [ -63.425678095283509, -9.590805827370433 ], [ -63.425677869673628, -9.590624936555283 ], [ -63.425860130330918, -9.590624712595325 ], [ -63.42586035603739, -9.590805603406174 ], [ -63.425951486412664, -9.590805491388096 ], [ -63.425951599291722, -9.590895936791739 ], [ -63.425131425656872, -9.590896944101319 ], [ -63.425131538319711, -9.59098738951416 ], [ -63.424675886140676, -9.590987948297121 ], [ -63.424677461846635, -9.592254184102398 ], [ -63.42340163086422, -9.59225574571696 ], [ -63.423401518644695, -9.592165300290377 ], [ -63.423310387876072, -9.592165411653429 ], [ -63.423310500071445, -9.592255857081081 ], [ -63.423128238482569, -9.59225607973741 ], [ -63.423127902044691, -9.59198474344662 ], [ -63.423310163488651, -9.591984520796704 ], [ -63.423310051296603, -9.591894075367634 ], [ -63.423127789900946, -9.591894298015411 ], [ -63.423127677758302, -9.59180385258373 ], [ -63.423036547082965, -9.591803963870598 ], [ -63.423037107686483, -9.59225619102962 ], [ -63.422763715291552, -9.592256524762425 ], [ -63.422762258721832, -9.591080734082748 ], [ -63.422853389207297, -9.591080622876332 ], [ -63.422853165087943, -9.590899731997581 ], [ -63.422944295523997, -9.590899620769335 ], [ -63.422944407607268, -9.590990066207876 ], [ -63.423035538066372, -9.590989954954594 ], [ -63.423035650174896, -9.591080400391595 ], [ -63.423217911138074, -9.591080177810991 ], [ -63.423217798981248, -9.590989732376126 ], [ -63.423491190345253, -9.590989398328672 ], [ -63.423491078117095, -9.59089895289654 ], [ -63.423399947687685, -9.590899064268591 ], [ -63.423399835484773, -9.590808618834918 ], [ -63.423490965890039, -9.590808507463937 ], [ -63.423490853664092, -9.590718062030867 ], [ -63.423308592900746, -9.590718284746721 ], [ -63.423308368548774, -9.590537393874875 ], [ -63.423034977540325, -9.5905377277625 ], [ -63.423034865438446, -9.590447282322666 ], [ -63.422943735124235, -9.590447393569539 ], [ -63.422944183441835, -9.590809175330319 ], [ -63.422853053029918, -9.590809286557501 ], [ -63.422852716862501, -9.590537950234417 ], [ -63.422761586521929, -9.590538061434428 ], [ -63.422761362464144, -9.590357170547877 ], [ -63.422852492756419, -9.590357059350003 ], [ -63.422852268654765, -9.590176168463696 ], [ -63.422761138410785, -9.590176279659433 ], [ -63.422761026385764, -9.590085834214504 ], [ -63.422852156605607, -9.590085723019833 ], [ -63.422851932510582, -9.589904832130692 ], [ -63.422760802339035, -9.589904943323228 ], [ -63.422760354258855, -9.589543161535005 ], [ -63.422669224182791, -9.589543272699304 ], [ -63.422668776216881, -9.589181490899255 ], [ -63.422759906196369, -9.589181379739227 ], [ -63.422758226119669, -9.587824697937741 ], [ -63.422667096502302, -9.587824809081761 ], [ -63.422666648620435, -9.587463027245812 ], [ -63.422757778141239, -9.587462916106062 ], [ -63.422757330180502, -9.587101134266831 ], [ -63.422666200756247, -9.587101245402309 ], [ -63.422666088792965, -9.587010799940254 ], [ -63.422757218193084, -9.587010688805842 ], [ -63.422754642787694, -9.584930443072761 ], [ -63.422845771631586, -9.584930331938951 ], [ -63.422845659646569, -9.584839886467696 ], [ -63.422754530826815, -9.584839997600437 ], [ -63.422752515720148, -9.583211979017905 ], [ -63.422843644105569, -9.583211867904383 ], [ -63.422843420178694, -9.58303097694346 ], [ -63.422752291841533, -9.583031088054849 ], [ -63.422752067967338, -9.582850197089904 ], [ -63.422843196256238, -9.582850085980651 ], [ -63.42284308429668, -9.582759640498537 ], [ -63.422934212560349, -9.582759529366408 ], [ -63.422934100577748, -9.582669083884889 ], [ -63.423116357053523, -9.582668861550928 ], [ -63.423116469084363, -9.582759307030308 ], [ -63.423298725603956, -9.582759084598424 ], [ -63.423298837684158, -9.582849530075196 ], [ -63.423389965966429, -9.582849418822263 ], [ -63.423389853862105, -9.582758973346563 ], [ -63.423572110375055, -9.582758750771003 ], [ -63.423571998223572, -9.582668305296968 ], [ -63.423754254683843, -9.582668082627764 ], [ -63.423754030287704, -9.582487191682555 ], [ -63.423845158467927, -9.582487080314177 ] ], [ [ -63.42302534082291, -9.582759418210332 ], [ -63.422934212560349, -9.582759529366408 ], [ -63.422934324544038, -9.582849974847452 ], [ -63.423025452830736, -9.582849863690306 ], [ -63.42302534082291, -9.582759418210332 ] ], [ [ -63.424301922825023, -9.583390977755988 ], [ -63.424210794409085, -9.58339108925481 ], [ -63.424210906738324, -9.583481534717576 ], [ -63.4243020351784, -9.58348142321768 ], [ -63.424301922825023, -9.583390977755988 ] ], [ [ -63.42384729086865, -9.58420554419706 ], [ -63.423665033590233, -9.584205766950543 ], [ -63.423665145784668, -9.584296212415481 ], [ -63.423756274448564, -9.584296101049643 ], [ -63.423756386668252, -9.58438654651304 ], [ -63.42384751535517, -9.584386435122184 ], [ -63.42384729086865, -9.58420554419706 ] ], [ [ -63.423665482374652, -9.584567548807469 ], [ -63.423483224898746, -9.584567771473708 ], [ -63.423483337049355, -9.584658216938898 ], [ -63.423665594573528, -9.584657994270517 ], [ -63.423665482374652, -9.584567548807469 ] ], [ [ -63.424306642622206, -9.587189686740583 ], [ -63.424215513192649, -9.587189798284403 ], [ -63.4242156255685, -9.587280243727339 ], [ -63.424306755022194, -9.587280132182444 ], [ -63.424306642622206, -9.587189686740583 ] ], [ [ -63.423033968663177, -9.589723718786969 ], [ -63.422942838542141, -9.589723830025298 ], [ -63.422942950611031, -9.589814275469982 ], [ -63.423034080756217, -9.589814164230583 ], [ -63.423033968663177, -9.589723718786969 ] ], [ [ -63.424492950315162, -9.590445499113343 ], [ -63.42440182001868, -9.59044561074367 ], [ -63.42440193248278, -9.590536056167455 ], [ -63.4244930628034, -9.590535944536057 ], [ -63.424492950315162, -9.590445499113343 ] ], [ [ -63.424128429122597, -9.590445945490851 ], [ -63.424037298821681, -9.590446057025312 ], [ -63.42403741118919, -9.590536502453382 ], [ -63.424128541514257, -9.590536390917849 ], [ -63.424128429122597, -9.590445945490851 ] ], [ [ -63.424585093262031, -9.591259396236811 ], [ -63.424493962749324, -9.591259507900753 ], [ -63.424494075247566, -9.591349953319217 ], [ -63.424402944709612, -9.591350064960258 ], [ -63.424403057184811, -9.591440510379318 ], [ -63.424585318307912, -9.591440287071121 ], [ -63.424585093262031, -9.591259396236811 ] ], [ [ -63.423036210734132, -9.591532627569515 ], [ -63.422945080130148, -9.591532738829208 ], [ -63.422945304313288, -9.591713629699203 ], [ -63.423036434965582, -9.591713518437375 ], [ -63.423036210734132, -9.591532627569515 ] ], [ [ -63.424494525251632, -9.591711734988333 ], [ -63.424221133344624, -9.591712069852424 ], [ -63.424221470641982, -9.591983406108945 ], [ -63.424312601351204, -9.591983294508337 ], [ -63.424312376436895, -9.591802403673272 ], [ -63.424403507096713, -9.591802292050836 ], [ -63.424403732059332, -9.591983182883761 ], [ -63.424494862766345, -9.591983071235211 ], [ -63.42449475026033, -9.591892625820059 ], [ -63.424585880942068, -9.591892514148611 ], [ -63.424585768413031, -9.59180206873406 ], [ -63.424494637755416, -9.591802180404434 ], [ -63.424494525251632, -9.591711734988333 ] ], [ [ -63.423947853786515, -9.591802849923319 ], [ -63.423856723121148, -9.591802961425907 ], [ -63.423856947793951, -9.591983852271683 ], [ -63.423948078507614, -9.591983740766954 ], [ -63.423947853786515, -9.591802849923319 ] ], [ [ -63.423583443381787, -9.591893741216195 ], [ -63.423401181992773, -9.59189396400779 ], [ -63.423401294208965, -9.591984409435792 ], [ -63.423583555646296, -9.591984186642057 ], [ -63.423583443381787, -9.591893741216195 ] ], [ [ -63.424130452342148, -9.592073963104552 ], [ -63.42403932160655, -9.592074074658292 ], [ -63.424039433994018, -9.59216452007786 ], [ -63.424130564753774, -9.592164408523049 ], [ -63.424130452342148, -9.592073963104552 ] ] ] } },
{ "type": "Feature", "properties": { "area_m2": 32400.0 }, "geometry": { "type": "Polygon", "coordinates": [ [ [ -63.417111724323796, -9.590725800045682 ], [ -63.417111834859384, -9.590816245553055 ], [ -63.417202965340522, -9.590816135835775 ], [ -63.417204734444702, -9.59226326387267 ], [ -63.414835331534654, -9.592266109169806 ], [ -63.414835111637245, -9.592085218117175 ], [ -63.415108504173318, -9.592084890646927 ], [ -63.415108284135343, -9.591903999598696 ], [ -63.415381676516745, -9.59190367191901 ], [ -63.415381566426937, -9.591813226397329 ], [ -63.415654958726087, -9.591812898505067 ], [ -63.41565484856492, -9.591722452986062 ], [ -63.415563717823758, -9.591722562306405 ], [ -63.415563387419205, -9.591451225743413 ], [ -63.415654518087905, -9.591451116426221 ], [ -63.415654077467117, -9.591089334339813 ], [ -63.415562946895015, -9.591089443652809 ], [ -63.415562616513284, -9.590818107079894 ], [ -63.415653747012946, -9.590817997770049 ], [ -63.415653636863723, -9.590727552245848 ], [ -63.416200419693922, -9.590726895889784 ], [ -63.416200529988039, -9.590817341407678 ], [ -63.416382790971021, -9.590817122428488 ], [ -63.416382680628622, -9.590726676912693 ], [ -63.417111724323796, -9.590725800045682 ] ], [ [ -63.415927469176893, -9.591089006257029 ], [ -63.415836338608059, -9.591089115641923 ], [ -63.415836448809927, -9.591179561162134 ], [ -63.415927579402904, -9.591179451776187 ], [ -63.415927469176893, -9.591089006257029 ] ] ] } },
{ "type": "Feature", "properties": { "area_m2": 198500.0 }, "geometry": { "type": "Polygon", "coordinates": [ [ [ -63.377554804738878, -9.585163505171986 ], [ -63.377555004727782, -9.585344397115792 ], [ -63.37746387526709, -9.585344496349261 ], [ -63.377463975238882, -9.585434942321413 ], [ -63.377555104723712, -9.585434843086988 ], [ -63.377555304718527, -9.585615735027963 ], [ -63.377646434250629, -9.585615635767676 ], [ -63.377646334228594, -9.585525189798378 ], [ -63.377737463735571, -9.585525090515093 ], [ -63.37773756378175, -9.585615536483436 ], [ -63.377828693311876, -9.585615437175242 ], [ -63.377828993528723, -9.585886775074579 ], [ -63.378011252730829, -9.585886576380604 ], [ -63.378011653226885, -9.586248360232146 ], [ -63.377920523529795, -9.586248459594929 ], [ -63.377920423428421, -9.586158013631797 ], [ -63.377829293754473, -9.586158112969668 ], [ -63.377829093602976, -9.585977221040082 ], [ -63.377737963976315, -9.585977320352091 ], [ -63.377737863926193, -9.585886874385636 ], [ -63.377646734322667, -9.585886973672737 ], [ -63.37764693437564, -9.586067865607085 ], [ -63.377738064027433, -9.586067766318077 ], [ -63.377738264132624, -9.58624865824863 ], [ -63.37764713443255, -9.586248757539547 ], [ -63.377647334493425, -9.586429649470118 ], [ -63.377738464241766, -9.586429550177291 ], [ -63.377738664354858, -9.586610442104071 ], [ -63.377829794150493, -9.586610342785383 ], [ -63.377829894232661, -9.586700788747109 ], [ -63.377647634592144, -9.586700987362436 ], [ -63.377647734627025, -9.586791433325597 ], [ -63.377738864471915, -9.586791334028959 ], [ -63.377738964531922, -9.586881779990694 ], [ -63.377647834662888, -9.586881879288288 ], [ -63.377647934699738, -9.586972325250507 ], [ -63.377556804805593, -9.586972424525095 ], [ -63.377557004833996, -9.587153316450024 ], [ -63.377739264717867, -9.587153117873072 ], [ -63.377739164654891, -9.587062671912753 ], [ -63.377921424486544, -9.587062473241877 ], [ -63.377921124158725, -9.586791135363807 ], [ -63.378012254000652, -9.586791035995299 ], [ -63.378012053738772, -9.586610144076138 ], [ -63.378103183531437, -9.586610044685578 ], [ -63.378103283686016, -9.586700490644439 ], [ -63.37828554331665, -9.586700291789546 ], [ -63.378285643520499, -9.586790737746025 ], [ -63.378194513681535, -9.586790837186408 ], [ -63.378194814226603, -9.58706217505588 ], [ -63.378103684314233, -9.587062274475171 ], [ -63.378103784473765, -9.587152720431673 ], [ -63.378194914410273, -9.587152621011429 ], [ -63.378195014594915, -9.587243066966503 ], [ -63.378286144554572, -9.587242967521346 ], [ -63.378286244764347, -9.587333413474996 ], [ -63.37819511478056, -9.587333512921109 ], [ -63.378195315154819, -9.587514404828902 ], [ -63.378104185121764, -9.587514504252967 ], [ -63.378104285286234, -9.587604950207107 ], [ -63.378286545399639, -9.58760475133311 ], [ -63.378286445186887, -9.58751430538088 ], [ -63.378377575217968, -9.587514205908896 ], [ -63.378377675454864, -9.58760465186017 ], [ -63.378559935562336, -9.58760445284242 ], [ -63.378559835277159, -9.587514006893057 ], [ -63.378650965305276, -9.5875139073492 ], [ -63.378650864996956, -9.587423461400318 ], [ -63.378924255002914, -9.587423162627863 ], [ -63.37892435538366, -9.587513608573873 ], [ -63.379106615430963, -9.587513409270528 ], [ -63.379106916723977, -9.587784747099986 ], [ -63.378924656531836, -9.587784946409075 ], [ -63.37892475691654, -9.587875392353197 ], [ -63.378833626794844, -9.58787549197276 ], [ -63.37883372715639, -9.587965937917366 ], [ -63.37856033671293, -9.587966236635163 ], [ -63.378560236423802, -9.587875790687685 ], [ -63.378651366548468, -9.587875691140002 ], [ -63.378651165924893, -9.587694799245545 ], [ -63.378560035848494, -9.587694898791314 ], [ -63.378560136135647, -9.587785344739736 ], [ -63.378469006034138, -9.587785444262504 ], [ -63.378469306829118, -9.588056782107802 ], [ -63.378378176654181, -9.58805688160948 ], [ -63.378378276897017, -9.588147327557921 ], [ -63.378469407096091, -9.588147228055293 ], [ -63.378469507364045, -9.588237674002308 ], [ -63.378287246916621, -9.588237872985522 ], [ -63.378287347137302, -9.588328318933977 ], [ -63.378105086637625, -9.588328517823257 ], [ -63.378104886293848, -9.588147625922049 ], [ -63.378013756090816, -9.588147725328838 ], [ -63.378014356989183, -9.588690401032519 ], [ -63.378105487337073, -9.58869030162 ], [ -63.378105387160716, -9.58859985567152 ], [ -63.378287647805244, -9.588599656776511 ], [ -63.378287748029869, -9.58869010272308 ], [ -63.378196617683969, -9.588690202183521 ], [ -63.378196717885444, -9.588780648130573 ], [ -63.37801445714237, -9.588780846981475 ], [ -63.378014657451708, -9.588961738877979 ], [ -63.377923527030397, -9.5889618382694 ], [ -63.377923627162417, -9.589052284217901 ], [ -63.378288148938289, -9.589051886504629 ], [ -63.378288249167859, -9.589142332448837 ], [ -63.378470510098147, -9.589142133446515 ], [ -63.378470610377001, -9.589232579388336 ], [ -63.378379479888217, -9.589232678902434 ], [ -63.378379780658285, -9.589504016727943 ], [ -63.378562041779745, -9.589503817670048 ], [ -63.378561841168803, -9.589322925790672 ], [ -63.378744102189721, -9.589322726640749 ], [ -63.378744302897246, -9.589503618516297 ], [ -63.378835433454519, -9.589503518903477 ], [ -63.378835533833914, -9.589593964839588 ], [ -63.380111361869488, -9.589592567730477 ], [ -63.380111261152059, -9.589502121807783 ], [ -63.380020130608678, -9.589502221756099 ], [ -63.380020029916388, -9.589411775831973 ], [ -63.379928899396184, -9.589411875755365 ], [ -63.379928798729019, -9.589321429829807 ], [ -63.380475581690533, -9.589320829935769 ], [ -63.380475279260445, -9.589049492173547 ], [ -63.380566409678117, -9.589049392110221 ], [ -63.380566308845928, -9.588958946189495 ], [ -63.380748569630001, -9.588958745992873 ], [ -63.380748771391943, -9.589139637830005 ], [ -63.380657640952116, -9.589139737942221 ], [ -63.380657943530061, -9.58941107569726 ], [ -63.380566813016813, -9.589411175788392 ], [ -63.380566913853968, -9.589501621706756 ], [ -63.380475783315582, -9.589501721774889 ], [ -63.380475884129595, -9.589592167693739 ], [ -63.380840406373771, -9.58959176727358 ], [ -63.380839901830768, -9.589139537693828 ], [ -63.380931032268606, -9.589139437533685 ], [ -63.380930931338838, -9.589048991617279 ], [ -63.381204322573922, -9.589048690995968 ], [ -63.381204423576115, -9.589139136909486 ], [ -63.381113293141269, -9.589139237141515 ], [ -63.38111339412032, -9.589229683055523 ], [ -63.381022263660334, -9.589229783264553 ], [ -63.381022364616229, -9.589320229179052 ], [ -63.380931234131097, -9.589320329365078 ], [ -63.380931335063849, -9.589410775280069 ], [ -63.381022465573118, -9.589410675093081 ], [ -63.381022566531009, -9.589501121006633 ], [ -63.381204827594836, -9.589500920558837 ], [ -63.381204625583486, -9.589320028735107 ], [ -63.381295756065612, -9.589319928477188 ], [ -63.381295857094941, -9.589410374388327 ], [ -63.381478118104496, -9.589410173798678 ], [ -63.381478219183109, -9.589500619707415 ], [ -63.381569349710531, -9.589500519375679 ], [ -63.381569248607789, -9.589410073467903 ], [ -63.382024901109219, -9.589409571454592 ], [ -63.382024698665262, -9.589228679647263 ], [ -63.382115829114255, -9.589228579174637 ], [ -63.382115727869625, -9.589138133271232 ], [ -63.382206858293493, -9.589138032775612 ], [ -63.382206959562261, -9.589228478678054 ], [ -63.382298090009257, -9.589228378157506 ], [ -63.382297887424421, -9.58904748635408 ], [ -63.381842235420862, -9.589047988707545 ], [ -63.381842134250661, -9.5889575428003 ], [ -63.381751003871095, -9.588957643198139 ], [ -63.381751105017152, -9.589048089106353 ], [ -63.381568844206733, -9.589048289832075 ], [ -63.381568642012191, -9.588867398011324 ], [ -63.381750902726047, -9.588867197289458 ], [ -63.381750700438928, -9.588686305470679 ], [ -63.382115221661472, -9.588685903747114 ], [ -63.382114816712956, -9.588324120119319 ], [ -63.382023686505384, -9.588324220582294 ], [ -63.382023484085408, -9.588143328763634 ], [ -63.382114614244685, -9.588143228302588 ], [ -63.382114411780421, -9.587962336483971 ], [ -63.382205541890428, -9.587962236000898 ], [ -63.382205238129103, -9.587690898272323 ], [ -63.382114108091521, -9.587690998752503 ], [ -63.382113905637254, -9.587510106929164 ], [ -63.382205035626555, -9.587510006450914 ], [ -63.38220493437678, -9.587419560539505 ], [ -63.382113804411617, -9.587419661016787 ], [ -63.382113703186988, -9.587329215103937 ], [ -63.382022573244967, -9.587329315556296 ], [ -63.38202216845297, -9.586967531896322 ], [ -63.382113298298435, -9.586967431447819 ], [ -63.382113399519078, -9.587057877362557 ], [ -63.382204529387678, -9.587057776889134 ], [ -63.382204630633453, -9.587148222802433 ], [ -63.382295760525196, -9.58714812230409 ], [ -63.382295861796116, -9.587238568215952 ], [ -63.382386991710987, -9.58723846769268 ], [ -63.382387093007054, -9.587328913603105 ], [ -63.382478222945068, -9.587328813054913 ], [ -63.382478324266266, -9.587419258963902 ], [ -63.382569454227422, -9.587419158390782 ], [ -63.38256925153776, -9.587238266574266 ], [ -63.382478121624871, -9.587238367145451 ], [ -63.382477918987497, -9.587057475325118 ], [ -63.382569048852091, -9.587057374755867 ], [ -63.382568947510769, -9.586966928845955 ], [ -63.38275120718869, -9.58696672763751 ], [ -63.382751308578293, -9.587057173545487 ], [ -63.382660178715696, -9.587057274162653 ], [ -63.382661902081821, -9.588594854542469 ], [ -63.384484507351175, -9.58859283731781 ], [ -63.384485016692963, -9.589045066718453 ], [ -63.384393886318307, -9.589045167812174 ], [ -63.384393988165549, -9.589135613691854 ], [ -63.384302857765753, -9.589135714762586 ], [ -63.384302959589839, -9.589226160642763 ], [ -63.38421182916489, -9.589226261690502 ], [ -63.384211930965847, -9.58931670757118 ], [ -63.38430306141494, -9.589316606522475 ], [ -63.384303163241043, -9.589407052401711 ], [ -63.384394293713271, -9.589406951328071 ], [ -63.384394395564527, -9.589497397205866 ], [ -63.384485526059891, -9.58949729610729 ], [ -63.384488175173288, -9.591848888738957 ], [ -63.383759126159376, -9.59184969705835 ], [ -63.383759024451038, -9.591759251186044 ], [ -63.383394500016593, -9.591759654766593 ], [ -63.383395109702057, -9.592302330016597 ], [ -63.383303978446015, -9.59230243085762 ], [ -63.383303876853425, -9.592211984982832 ], [ -63.38321274562054, -9.592212085798915 ], [ -63.38321244092122, -9.591940748168813 ], [ -63.383303572081644, -9.591940647355631 ], [ -63.383303368905473, -9.591759755601808 ], [ -63.383121106680221, -9.591759957200326 ], [ -63.383121005141938, -9.591669511320768 ], [ -63.38275648077601, -9.591669914226301 ], [ -63.382756582217695, -9.591760360109728 ], [ -63.382300926616999, -9.59176086320717 ], [ -63.382301027938922, -9.591851309094952 ], [ -63.382027634494058, -9.591851610668678 ], [ -63.382027431996121, -9.591670718886842 ], [ -63.381845169791148, -9.591670919812289 ], [ -63.381845372192473, -9.591851811597978 ], [ -63.381480847577329, -9.591852213168941 ], [ -63.381480948682885, -9.591942659064934 ], [ -63.381298686321024, -9.591942859708524 ], [ -63.381298787379279, -9.592033305605968 ], [ -63.38093426254698, -9.592033706609358 ], [ -63.380934161585337, -9.591943260708064 ], [ -63.380843030398914, -9.591943360898023 ], [ -63.380843131336412, -9.592033806800282 ], [ -63.380660868912287, -9.592034007110215 ], [ -63.380659960945415, -9.591219993955587 ], [ -63.380751091940617, -9.591219893821259 ], [ -63.380750789230476, -9.590948556097434 ], [ -63.380659658307721, -9.590948656228878 ], [ -63.380658548712837, -9.589953751194585 ], [ -63.380567418054717, -9.589953851291492 ], [ -63.380567317212574, -9.589863405375487 ], [ -63.379656010818046, -9.589864405016847 ], [ -63.379655910218361, -9.589773959090774 ], [ -63.379564779597601, -9.589774058922146 ], [ -63.379564880173135, -9.589864504849176 ], [ -63.37910922693365, -9.589865003651354 ], [ -63.379109126478831, -9.589774557719533 ], [ -63.37774216697391, -9.589776050517022 ], [ -63.377742066882284, -9.589685604570391 ], [ -63.377559805646442, -9.589685803200751 ], [ -63.377559605562716, -9.589504911302258 ], [ -63.377468474991609, -9.589505010579586 ], [ -63.377468374975379, -9.589414564628678 ], [ -63.377377244427421, -9.589414663881088 ], [ -63.377377144436331, -9.589324217928755 ], [ -63.377286013911522, -9.589324317156249 ], [ -63.37728311529925, -9.586701384305613 ], [ -63.377191985473559, -9.586701483481518 ], [ -63.377191785648137, -9.58652059154424 ], [ -63.377282915425546, -9.586520492370244 ], [ -63.377282016042777, -9.585706478637734 ], [ -63.37719088648258, -9.585706577803156 ], [ -63.377190786580229, -9.585616131829564 ], [ -63.377281916116281, -9.585616032665094 ], [ -63.377281416498661, -9.585163802794822 ], [ -63.377554804738878, -9.585163505171986 ] ], [ [ -63.377830494746419, -9.587243464507551 ], [ -63.377739364781831, -9.587243563832919 ], [ -63.377739464846776, -9.587334009792297 ], [ -63.377648334857057, -9.587334109094661 ], [ -63.377648434898845, -9.587424555054518 ], [ -63.377557304884, -9.587424654333875 ], [ -63.377557404902646, -9.587515100294215 ], [ -63.377466274862662, -9.587515199550568 ], [ -63.377466374858159, -9.587605645511386 ], [ -63.377648634985405, -9.587605446972814 ], [ -63.377648735030171, -9.58769589293126 ], [ -63.377739865116453, -9.587695793625082 ], [ -63.377739765047551, -9.587605347667592 ], [ -63.377830895108701, -9.587605248338408 ], [ -63.377830795016649, -9.587514802381405 ], [ -63.377921925052675, -9.587514703029216 ], [ -63.377921824937481, -9.587424257072692 ], [ -63.377830694925585, -9.587424356423925 ], [ -63.377830494746419, -9.587243464507551 ] ], [ [ -63.378104285286234, -9.587604950207107 ], [ -63.378013155228047, -9.587605049608166 ], [ -63.37801325536936, -9.587695495562794 ], [ -63.378104385451699, -9.587695396160777 ], [ -63.378104285286234, -9.587604950207107 ] ], [ [ -63.378104585785593, -9.587876288066703 ], [ -63.378013455654987, -9.587876387470629 ], [ -63.378013555799264, -9.587966833423835 ], [ -63.378104685954014, -9.587966734018957 ], [ -63.378104585785593, -9.587876288066703 ] ], [ [ -63.378195816107777, -9.587966634590119 ], [ -63.378104685954014, -9.587966734018957 ], [ -63.378104886293848, -9.588147625922049 ], [ -63.378196016495892, -9.5881475264913 ], [ -63.378195816107777, -9.587966634590119 ] ], [ [ -63.377558405143418, -9.588419559871651 ], [ -63.37746727486202, -9.588419659137537 ], [ -63.377467374867386, -9.588510105093638 ], [ -63.377376244560871, -9.588510204336513 ], [ -63.377376344543087, -9.588600650293097 ], [ -63.377649735532103, -9.588600352489717 ], [ -63.377649635477468, -9.588509906535997 ], [ -63.377558505172921, -9.588510005826798 ], [ -63.377558405143418, -9.588419559871651 ] ], [ [ -63.382479641532832, -9.588595055737782 ], [ -63.382388511256842, -9.588595156299498 ], [ -63.382388612567901, -9.588685602202842 ], [ -63.382479742868043, -9.58868550164016 ], [ -63.382479641532832, -9.588595055737782 ] ], [ [ -63.377923126512243, -9.588600054470684 ], [ -63.377831996186522, -9.588600153834323 ], [ -63.377832096290433, -9.588690599785664 ], [ -63.377923226640306, -9.58869050042107 ], [ -63.377923126512243, -9.588600054470684 ] ], [ [ -63.382388612567901, -9.588685602202842 ], [ -63.382297482266758, -9.588685702741561 ], [ -63.382297583554674, -9.588776148645398 ], [ -63.382388713879955, -9.588776048105712 ], [ -63.382388612567901, -9.588685602202842 ] ], [ [ -63.377832396608113, -9.588961937636855 ], [ -63.377467874909044, -9.588962334867059 ], [ -63.377467974920336, -9.58905278082033 ], [ -63.377650235820127, -9.589052582251243 ], [ -63.37765043594225, -9.589233474152548 ], [ -63.377468174945875, -9.589233672725445 ], [ -63.377468374975379, -9.589414564628678 ], [ -63.377741766613319, -9.589414266727667 ], [ -63.377741566438964, -9.589233374830156 ], [ -63.377832696934675, -9.589233275483801 ], [ -63.377832596824831, -9.589142829535291 ], [ -63.377741466353257, -9.589142928880694 ], [ -63.377741366268545, -9.589052482930759 ], [ -63.377832496715982, -9.589052383586312 ], [ -63.377832396608113, -9.588961937636855 ] ], [ [ -63.378014957923149, -9.5892330767192 ], [ -63.377923827429399, -9.589233176113479 ], [ -63.377924127837304, -9.589504513953312 ], [ -63.378015258403479, -9.589504414556167 ], [ -63.378014957923149, -9.5892330767192 ] ], [ [ -63.38147973548206, -9.590857308281867 ], [ -63.381388604591429, -9.590857408604087 ], [ -63.381388806733284, -9.591038300407915 ], [ -63.381479937672211, -9.591038200083768 ], [ -63.38147973548206, -9.590857308281867 ] ], [ [ -63.381845068591979, -9.591580473918736 ], [ -63.381753937512144, -9.59158057434454 ], [ -63.381754038687163, -9.591671020239055 ], [ -63.381845169791148, -9.591670919812289 ], [ -63.381845068591979, -9.591580473918736 ] ] ] } },
{ "type": "Feature", "properties": { "area_m2": 310400.0 }, "geometry": { "type": "Polygon", "coordinates": [ [ [ -63.413459385444135, -9.584851207322895 ], [ -63.413459713945443, -9.585122544061543 ], [ -63.413550842949178, -9.585122435368726 ], [ -63.413552705050755, -9.586660010123063 ], [ -63.413643834463713, -9.586659901388535 ], [ -63.413644272747248, -9.587021683659664 ], [ -63.413553143237749, -9.587021792398369 ], [ -63.413553252787196, -9.587112237966014 ], [ -63.413644382320832, -9.587112129226263 ], [ -63.413644820626011, -9.587473911487947 ], [ -63.413553690995826, -9.587474020231879 ], [ -63.413554019663643, -9.587745356926316 ], [ -63.413645149366261, -9.587745248179255 ], [ -63.413646574019886, -9.588921040459127 ], [ -63.413737704035263, -9.588920931674526 ], [ -63.413738690658349, -9.589734941658278 ], [ -63.413647560425673, -9.589735050452287 ], [ -63.413647670031722, -9.589825496004718 ], [ -63.413738800288542, -9.589825387209668 ], [ -63.413739019552196, -9.59000627831103 ], [ -63.413647889247081, -9.590006387108168 ], [ -63.41364832769078, -9.590368169309402 ], [ -63.413739458092479, -9.59036806050808 ], [ -63.413739567730246, -9.590458506056166 ], [ -63.41364843730441, -9.590458614858528 ], [ -63.41364876615178, -9.590729951503075 ], [ -63.41355763565241, -9.590730060284605 ], [ -63.41355807403415, -9.591091842474901 ], [ -63.413649204630111, -9.591091733689192 ], [ -63.413649423875768, -9.591272624779414 ], [ -63.413558293231503, -9.591272733567212 ], [ -63.41355884124382, -9.59172496128973 ], [ -63.413741102772775, -9.591724743679716 ], [ -63.413741212426785, -9.591815189220712 ], [ -63.413832343213784, -9.591815080378709 ], [ -63.413832233535622, -9.591724634838759 ], [ -63.414196756576189, -9.591724199235228 ], [ -63.414196866350949, -9.591814644770997 ], [ -63.414287997132533, -9.591814535809148 ], [ -63.414288106932531, -9.591904981343397 ], [ -63.414196976126803, -9.591905090306296 ], [ -63.41419730546086, -9.592176426909349 ], [ -63.414106174581576, -9.592176535851415 ], [ -63.414106284337606, -9.592266981385869 ], [ -63.414015153433112, -9.592267090305008 ], [ -63.414015043701227, -9.592176644769509 ], [ -63.413923912819783, -9.592176753663633 ], [ -63.413923583703095, -9.591905417051168 ], [ -63.413832452893033, -9.591905525918188 ], [ -63.413832891620835, -9.592267308071378 ], [ -63.410096523517758, -9.592271751151992 ], [ -63.41009565400104, -9.591548186496803 ], [ -63.4100045232423, -9.591548294352959 ], [ -63.410004414581692, -9.591457848767897 ], [ -63.410095545316274, -9.59145774091278 ], [ -63.410095219268428, -9.59118640415787 ], [ -63.410004088606286, -9.591186512009882 ], [ -63.410003979949963, -9.591096066422937 ], [ -63.410095110587953, -9.591095958571957 ], [ -63.410094675876806, -9.590734176223577 ], [ -63.410003545335414, -9.590734284070413 ], [ -63.410003328034556, -9.590553392891316 ], [ -63.410094458527659, -9.590553285046552 ], [ -63.410093154522933, -9.589467937944729 ], [ -63.410002024319596, -9.589468045777068 ], [ -63.410001698414987, -9.589196708987878 ], [ -63.410092828545885, -9.589196601158648 ], [ -63.410092502578507, -9.588925264368314 ], [ -63.410001372520028, -9.588925372194437 ], [ -63.410001263890521, -9.58883492659568 ], [ -63.410092393924856, -9.588834818770591 ], [ -63.410092067970346, -9.588563481974591 ], [ -63.410000938008451, -9.588563589796571 ], [ -63.410000720759086, -9.588382698594808 ], [ -63.4100918506727, -9.588382590774897 ], [ -63.410091416090296, -9.588020808369839 ], [ -63.410000286273238, -9.588020916185609 ], [ -63.409998982918658, -9.586935568912677 ], [ -63.410090112446042, -9.586935461109338 ], [ -63.410089786559119, -9.586664124283587 ], [ -63.409998657104154, -9.586664232083821 ], [ -63.409997788312651, -9.585940667186094 ], [ -63.410088917574534, -9.585940559394142 ], [ -63.410088808956289, -9.585850113780838 ], [ -63.41090897204765, -9.585849142584657 ], [ -63.410908645547707, -9.585577805769899 ], [ -63.410999774702304, -9.585577697742554 ], [ -63.410999339287557, -9.58521591532042 ], [ -63.411090468344547, -9.585215807273276 ], [ -63.411090359469419, -9.585125361667597 ], [ -63.411181488501192, -9.585125253597537 ], [ -63.411181379603008, -9.585034807992431 ], [ -63.41154589562283, -9.58503437547682 ], [ -63.411545786629191, -9.584943929875395 ], [ -63.412001431509069, -9.584943388697166 ], [ -63.412001322395845, -9.584852943100467 ], [ -63.412274709238439, -9.584852618109228 ], [ -63.412274818424066, -9.584943063702806 ], [ -63.412365947393582, -9.584942955323447 ], [ -63.412365838183817, -9.584852509730913 ], [ -63.413459385444135, -9.584851207322895 ] ], [ [ -63.413369022860977, -9.58548443504618 ], [ -63.41327789375854, -9.585484543695269 ], [ -63.413278003217208, -9.585574989274075 ], [ -63.413369132343774, -9.585574880623939 ], [ -63.413369022860977, -9.58548443504618 ] ], [ [ -63.412646439951565, -9.590821592340475 ], [ -63.412555309416163, -9.590821700859415 ], [ -63.41255541874542, -9.590912146418701 ], [ -63.412646549304981, -9.590912037898716 ], [ -63.412646439951565, -9.590821592340475 ] ] ] } },
{ "type": "Feature", "properties": { "area_m2": 123700.0 }, "geometry": { "type": "Polygon", "coordinates": [ [ [ -63.435696773793026, -9.586361547322332 ], [ -63.435696889200081, -9.586451992632703 ], [ -63.435788018294787, -9.586451878079062 ], [ -63.435788133727115, -9.586542323387864 ], [ -63.435970391961412, -9.586542094206512 ], [ -63.435970507443152, -9.586632539512637 ], [ -63.436152765721147, -9.586632310233263 ], [ -63.436152881252305, -9.58672275553671 ], [ -63.436244010413731, -9.586722640859985 ], [ -63.436244125970163, -9.586813086161863 ], [ -63.436426384337857, -9.586812856734346 ], [ -63.436426499943721, -9.586903302033548 ], [ -63.436517629149989, -9.586903187282751 ], [ -63.436517744781121, -9.586993632580379 ], [ -63.436608874010389, -9.586993517804522 ], [ -63.436608989666794, -9.587083963100572 ], [ -63.43670011891907, -9.587083848299658 ], [ -63.436700234600757, -9.587174293594131 ], [ -63.436882493150144, -9.587174063918226 ], [ -63.436882608881248, -9.587264509210023 ], [ -63.437064867474334, -9.587264279436084 ], [ -63.437064983254871, -9.5873547247252 ], [ -63.437156112573838, -9.587354609801189 ], [ -63.437156228379649, -9.587445055088729 ], [ -63.437247357721617, -9.587444940139658 ], [ -63.43724770521834, -9.587716275996135 ], [ -63.437338834631575, -9.587716161019792 ], [ -63.437338950490236, -9.587806606303234 ], [ -63.437430079926472, -9.587806491301828 ], [ -63.437433556942821, -9.590519849552312 ], [ -63.43734242678228, -9.590519964586855 ], [ -63.437342542676411, -9.590610409855653 ], [ -63.437433672861111, -9.590610294820006 ], [ -63.437434020622824, -9.590881630620249 ], [ -63.437525150878805, -9.590881515557319 ], [ -63.437525498723268, -9.591152851349994 ], [ -63.437616629050559, -9.591152736259783 ], [ -63.437616745025153, -9.591243181521959 ], [ -63.43752561467371, -9.591243296613273 ], [ -63.437525962531907, -9.59151463240028 ], [ -63.437434832106888, -9.591514747470944 ], [ -63.437435295837226, -9.591876528518089 ], [ -63.437526426358865, -9.591876413443005 ], [ -63.437526890204126, -9.592238194478169 ], [ -63.435522016338972, -9.592240720690109 ], [ -63.43551451564845, -9.586361776355549 ], [ -63.435696773793026, -9.586361547322332 ] ], [ [ -63.437065562174674, -9.587806951163703 ], [ -63.436974432733869, -9.587807066069272 ], [ -63.436974548497119, -9.58789751135666 ], [ -63.437065677962067, -9.587897396449986 ], [ -63.437065562174674, -9.587806951163703 ] ] ] } },
{ "type": "Feature", "properties": { "area_m2": 9800.0 }, "geometry": { "type": "Polygon", "coordinates": [ [ [ -63.401710661608867, -9.590743997808037 ], [ -63.40171151327462, -9.591467563251699 ], [ -63.401802644105835, -9.591467457577714 ], [ -63.40180285708108, -9.591648348931875 ], [ -63.401711726201555, -9.591648454607892 ], [ -63.40171193913271, -9.591829345962195 ], [ -63.401620808203837, -9.591829451616269 ], [ -63.401620914646834, -9.591919897293728 ], [ -63.401712045599865, -9.591919791638638 ], [ -63.401712258537316, -9.592100682990107 ], [ -63.401803389537584, -9.592100577309022 ], [ -63.401803496032052, -9.592191022983029 ], [ -63.40189462705542, -9.592190917276957 ], [ -63.401894733575084, -9.59228136294948 ], [ -63.401165685165459, -9.592282207935005 ], [ -63.40116557883902, -9.592191762254368 ], [ -63.401347840899419, -9.59219155115384 ], [ -63.401347628153069, -9.592010659795204 ], [ -63.401438759133406, -9.592010554211008 ], [ -63.401438546342945, -9.591829662852511 ], [ -63.400982891672349, -9.591830190523646 ], [ -63.400982679127608, -9.591649299153122 ], [ -63.400891548238647, -9.591649404613419 ], [ -63.400891123258347, -9.591287621862657 ], [ -63.400982254050724, -9.591287516406416 ], [ -63.400981935254073, -9.591016179341427 ], [ -63.401164196690765, -9.591015968363111 ], [ -63.401164090379005, -9.59092552267586 ], [ -63.401528613143199, -9.590925100435678 ], [ -63.40152840032966, -9.590744209067873 ], [ -63.401710661608867, -9.590743997808037 ] ], [ [ -63.40116440931741, -9.591196859736193 ], [ -63.401073278551294, -9.59119696523936 ], [ -63.401073384842036, -9.591287410926203 ], [ -63.40116451563231, -9.591287305422027 ], [ -63.40116440931741, -9.591196859736193 ] ], [ [ -63.401529145195425, -9.591377328846933 ], [ -63.401438014385214, -9.591377434447999 ], [ -63.401438120774657, -9.591467880129846 ], [ -63.400982466587067, -9.591468407780717 ], [ -63.400982572856819, -9.591558853467157 ], [ -63.401073703720577, -9.591558747983907 ], [ -63.401073810015532, -9.591649193668863 ], [ -63.401438333556705, -9.591648771492121 ], [ -63.401438227165151, -9.591558325811221 ], [ -63.401529358023673, -9.591558220208125 ], [ -63.401529145195425, -9.591377328846933 ] ] ] } }
]
}
